replication,seed,n_train_windows,n_validation_windows,n_test_windows,train_n0,train_n1,train_n2,validation_n0,validation_n1,validation_n2,test_n0,test_n1,test_n2,statistics_n_features,statistics_validation_ba,statistics_test_accuracy,statistics_test_ba,statistics_test_macro_f1,statistics_test_recall_0,statistics_test_recall_1,statistics_test_recall_2,statistics_test_cm_0_0,statistics_test_cm_0_1,statistics_test_cm_0_2,statistics_test_cm_1_0,statistics_test_cm_1_1,statistics_test_cm_1_2,statistics_test_cm_2_0,statistics_test_cm_2_1,statistics_test_cm_2_2,signature_n_features,signature_validation_ba,signature_test_accuracy,signature_test_ba,signature_test_macro_f1,signature_test_recall_0,signature_test_recall_1,signature_test_recall_2,signature_test_cm_0_0,signature_test_cm_0_1,signature_test_cm_0_2,signature_test_cm_1_0,signature_test_cm_1_1,signature_test_cm_1_2,signature_test_cm_2_0,signature_test_cm_2_1,signature_test_cm_2_2,combined_n_features,combined_validation_ba,combined_test_accuracy,combined_test_ba,combined_test_macro_f1,combined_test_recall_0,combined_test_recall_1,combined_test_recall_2,combined_test_cm_0_0,combined_test_cm_0_1,combined_test_cm_0_2,combined_test_cm_1_0,combined_test_cm_1_1,combined_test_cm_1_2,combined_test_cm_2_0,combined_test_cm_2_1,combined_test_cm_2_2,combined_minus_statistics_ba,signature_minus_statistics_ba,combined_minus_signature_ba,elapsed_seconds
1,651498517,49510,14853,24755,14969,16981,17560,4682,6480,3691,10976,7105,6674,11,0.7916663058129148,0.719854574833367,0.7140603443556012,0.7110017947348112,0.748451166180758,0.7035890218156228,0.6901408450704225,8215,2264,497,763,4999,1343,264,1804,4606,39,0.7961009508913451,0.7242577257119773,0.7159343575113519,0.7132533501856319,0.766490524781341,0.6893736805066855,0.6919388672460294,8413,2092,471,734,4898,1473,246,1810,4618,50,0.7992059685791132,0.7278125631185619,0.720152870673063,0.7173194516291815,0.7669460641399417,0.6930330752990852,0.7004794725801619,8418,2092,466,751,4924,1430,255,1744,4675,0.006092526317461822,0.0018740131557507533,0.004218513161711068,82.533242334
2,3180925944,49510,14853,24755,22165,17492,9853,5458,6232,3163,6777,9459,8519,11,0.7792119063497472,0.6937588365986669,0.6979198968507627,0.7030010510999647,0.7199350745167479,0.6291362723332277,0.7446883437023125,4879,1583,315,693,5951,2815,243,1932,6344,39,0.7866254709746728,0.6992930721066452,0.7034202727424619,0.7088505021301684,0.7292312232551277,0.6425626387567396,0.7384669562155183,4942,1534,301,666,6078,2715,239,1989,6291,50,0.7899382847730149,0.7027267218743688,0.7067461717133896,0.7117983594687268,0.7292312232551277,0.6425626387567396,0.7484446531283014,4942,1549,286,672,6078,2709,243,1900,6376,0.008826274862626882,0.005500375891699161,0.003325898970927721,82.878312875
3,1428164462,49510,14853,24755,18961,12461,18088,5308,4423,5122,10678,5862,8215,11,0.7597616398680401,0.6884669763684105,0.6896520999227227,0.6806654933498479,0.6880501966660423,0.7004435346298191,0.6804625684723068,7347,2712,619,656,4106,1100,216,2409,5590,39,0.7611918794767272,0.693031710765502,0.6917017278720516,0.6835060846955584,0.6951676343884623,0.681337427499147,0.6986001217285454,7423,2563,692,680,3994,1188,228,2248,5739,50,0.7679512608006979,0.695940214098162,0.6956240285315863,0.6868374465366341,0.6946057314103765,0.6912316615489594,0.701034692635423,7417,2565,696,643,4052,1167,212,2244,5759,0.005971928608863641,0.002049627949328947,0.003922300659534694,83.218799708
4,644533757,49510,14853,24755,14995,15585,18930,4203,3781,6869,8200,7608,8947,11,0.6995298296821059,0.792042011714805,0.7903787116103329,0.7906174641905946,0.8236585365853658,0.741062039957939,0.8064155582876942,6754,1018,428,921,5638,1049,257,1475,7215,39,0.6912676106462142,0.7951120985659462,0.7932045670458767,0.7935822037018648,0.8246341463414634,0.7404048370136698,0.8145747177824969,6762,999,439,894,5633,1081,220,1439,7288,50,0.7001051104795266,0.8008079175924055,0.7987641986271464,0.7990523522133053,0.8297560975609756,0.7436908517350158,0.8228456465854477,6804,963,433,901,5658,1049,224,1361,7362,0.00838548701681352,0.0028258554355438115,0.005559631581269708,83.364199125
5,3968314499,49510,14853,24755,18976,18092,12442,4675,4827,5351,7086,9682,7987,11,0.7448081128208356,0.7598464956574429,0.7627674298715154,0.7637578467109956,0.7917019475021169,0.7354885354265648,0.7611118066858645,5610,1170,306,1437,7121,1124,187,1721,6079,39,0.7542848163747453,0.7677640880630175,0.7718363734573401,0.7712594801326175,0.7996048546429579,0.7271224953522,0.7887817703768624,5666,1063,357,1305,7040,1337,205,1482,6300,50,0.7576281528940907,0.768410422136942,0.772095662857908,0.7719224303169804,0.7990403612757551,0.732596570956414,0.784650056341555,5662,1086,338,1336,7093,1253,200,1520,6267,0.009328232986392626,0.009068943585824774,0.00025928940056785255,82.98703450000001
6,2877137869,49510,14853,24755,16509,16575,16426,3793,8009,3051,7801,8851,8103,11,0.7989065484043615,0.6824883861846092,0.6850337153571378,0.687424272691174,0.7956672221510063,0.6454637894023274,0.6139701345180797,6207,1150,444,970,5713,2168,333,2795,4975,39,0.8063673293249201,0.6952534841446173,0.6972253760621235,0.7000412189427901,0.8073323932829124,0.6764207434188227,0.6079229914846354,6298,1052,451,848,5987,2016,291,2886,4926,50,0.8073285041110352,0.6906887497475257,0.6929910428335367,0.6953813393108387,0.8054095628765543,0.662185063834595,0.6113785017894607,6283,1082,436,924,5861,2066,315,2834,4954,0.00795732747639899,0.012191660704985785,-0.004234333228586795,83.361404167
7,689189384,49510,14853,24755,12037,18998,18475,3380,6320,5153,7931,7545,9279,11,0.6944110018106273,0.7435669561704706,0.7454586525217087,0.7453680130933552,0.7795990417349641,0.7459244532803181,0.7108524625498437,6183,1285,463,859,5628,1058,320,2363,6596,39,0.7142481770672876,0.750151484548576,0.7521730517852493,0.7522245227966895,0.7761946791073004,0.7623591782637509,0.7179652979846967,6156,1371,404,788,5752,1005,294,2323,6662,50,0.7148059706416845,0.7535851343162997,0.7557768509741304,0.7557560468390322,0.777329466649855,0.770311464546057,0.7196896217264791,6165,1363,403,720,5812,1013,309,2292,6678,0.010318198452421656,0.00671439926354056,0.003603799188881096,82.97248633400001
8,3665577340,49510,14853,24755,12211,16256,21043,7234,3704,3915,7654,6437,10664,11,0.7459807996041583,0.7123813371036154,0.7174729420900644,0.7125365340847861,0.7592108701332636,0.7175702967220755,0.6756376594148538,5811,1664,179,711,4619,1107,263,3196,7205,39,0.7485903964669088,0.7272066249242577,0.7326887680777259,0.7269004763581716,0.7808988764044944,0.7304645020972502,0.6867029257314329,5977,1428,249,707,4702,1028,228,3113,7323,50,0.7554826919589747,0.7301151282569178,0.734853400359706,0.7293123793579342,0.7793310687222368,0.7309305577132205,0.694298574643661,5965,1470,219,691,4705,1041,246,3014,7404,0.01738045826964163,0.015215825987661469,0.002164632281980161,83.047468375
9,4107525436,49510,14853,24755,20421,14001,15088,4898,6327,3628,7805,10746,6204,11,0.736647946111622,0.7415067663098364,0.7365538976297025,0.7380012444985149,0.810762331838565,0.7373906569886469,0.6615087040618955,6328,1156,321,1419,7924,1403,263,1837,4104,39,0.7452195596321904,0.7491011916784488,0.7478554963566287,0.7467878074221957,0.8139654067905189,0.7313418946584775,0.6982591876208898,6353,1076,376,1269,7859,1618,216,1656,4332,50,0.7540061633184743,0.7508786103817411,0.7485671083691798,0.7485304656180084,0.8160153747597694,0.7373906569886469,0.6922952933591231,6369,1115,321,1294,7924,1528,222,1687,4295,0.012013210739477365,0.011301598726926265,0.0007116120125510994,82.60707808400001
10,1247814275,49510,14853,24755,16156,13567,19787,3408,4133,7312,11067,6090,7598,11,0.6394435633833497,0.746960210058574,0.7404535944525246,0.7339096263371959,0.7695852534562212,0.7006568144499179,0.7511187154514346,8517,2101,449,663,4267,1160,277,1614,5707,39,0.6420587857702981,0.7519289032518683,0.7472029701531823,0.739595458452377,0.7734706785940183,0.7300492610837438,0.7380889707817847,8560,2048,459,546,4446,1098,251,1739,5608,50,0.6442196478017722,0.7539890931125025,0.7482551755740096,0.7410956639423713,0.7769043101111412,0.7200328407224958,0.7478283758883917,8598,2015,454,572,4385,1133,258,1658,5682,0.007801581121484991,0.0067493757006577,0.0010522054208272902,83.058347625
11,1353206384,49510,14853,24755,21299,12868,15343,5205,6167,3481,7922,7380,9453,11,0.7955286304996999,0.7444152696424965,0.7344793634276591,0.7376129090727268,0.7808634183287049,0.5815718157181572,0.8410028562361155,6186,1129,607,676,4292,2412,203,1300,7950,39,0.7934299767817592,0.7404564734397091,0.7317616933198922,0.7356098679822645,0.7681141125978288,0.6010840108401084,0.8260869565217391,6085,1267,570,600,4436,2344,192,1452,7809,50,0.7988161837144588,0.7449000201979398,0.7358950523258699,0.7396574733655998,0.77026003534461,0.6029810298102981,0.8344440918227017,6102,1238,582,592,4450,2338,201,1364,7888,0.001415688898210865,-0.002717670107766912,0.004133359005977777,86.33365450000001
12,2489101260,49510,14853,24755,19732,17872,11906,5482,5137,4234,7330,8105,9320,11,0.6820663631018754,0.7104827307614623,0.7111021538606489,0.7156550238462328,0.7266030013642565,0.6983343615052436,0.7083690987124464,5326,1708,296,809,5660,1636,260,2458,6602,39,0.6966957289862283,0.7172288426580489,0.7170073814085013,0.7220320184850585,0.719099590723056,0.7090684762492289,0.7228540772532189,5271,1768,291,740,5747,1618,239,2344,6737,50,0.6935761155378252,0.7174308220561503,0.7172940296676104,0.7222836902269553,0.7204638472032742,0.7093152375077113,0.7221030042918455,5281,1766,283,746,5749,1610,237,2353,6730,0.0061918758069614555,0.0059052275478523875,0.000286648259109068,86.82221320799998
13,203969953,49510,14853,24755,20334,12487,16689,2860,5251,6742,9156,6431,9168,11,0.6936491155028133,0.7390426176529994,0.7348622559342619,0.7314138428221163,0.8322411533420708,0.696625719172757,0.6757198952879581,7620,1096,440,665,4480,1286,325,2648,6195,39,0.7032974754341836,0.7374267824681883,0.7305153944299473,0.728516514193941,0.8347531673219747,0.667547815269787,0.6892452006980803,7643,1090,423,672,4293,1466,261,2588,6319,50,0.7057985529116086,0.7438497273278125,0.7395306122347445,0.7362358992232795,0.8351900393184797,0.7000466490436946,0.6833551483420593,7647,1087,422,648,4502,1281,274,2629,6265,0.004668356300482568,-0.004346861504314625,0.009015217804797193,86.788070625
14,3385369635,49510,14853,24755,19651,13940,15919,3705,6976,4172,8657,9271,6827,11,0.7786196672753175,0.7101595637245001,0.7128277940481734,0.712793846085205,0.7390550999191405,0.6661633049293496,0.7332649772960305,6398,1819,440,1247,6176,1848,204,1617,5006,39,0.7940655204612126,0.7148454857604525,0.717008091034654,0.7177713912185344,0.7301605637056717,0.6852550965375903,0.7356086128607001,6321,1915,421,1077,6353,1841,193,1612,5022,50,0.7909505296381004,0.7160169662694406,0.7179549646928067,0.7188121413764076,0.7328173732239806,0.6871966346672419,0.7338508861871978,6344,1889,424,1103,6371,1797,199,1618,5010,0.005127170644633305,0.004180296986480592,0.0009468736581527137,86.6338365
15,431946835,49510,14853,24755,13004,13146,23360,6435,5018,3400,9697,7242,7816,11,0.8074500978493663,0.7705110078771965,0.7658118163183468,0.7658969937672966,0.8238630504279674,0.7533830433581884,0.7201893551688844,7989,1525,183,722,5456,1064,298,1889,5629,39,0.7957292728155269,0.7784689961623914,0.7749754529466325,0.774423559744276,0.8276786635041765,0.7970173985086992,0.7002302968270215,8026,1515,156,590,5772,880,267,2076,5473,50,0.8034787255482166,0.778832559078974,0.7750737398979289,0.7746591060049002,0.8287099102815304,0.7887323943661971,0.7077789150460594,8036,1514,147,591,5712,939,277,2007,5532,0.00926192357958211,0.009163636628285676,9.82869512964335e-05,87.117507792
16,1289133894,49510,14853,24755,19738,15554,14218,2185,5393,7275,8852,8659,7244,11,0.7232997166826994,0.7708745707937791,0.7694123840109303,0.7696345457102435,0.8429733393583371,0.7113985448666128,0.753865267807841,7462,1085,305,957,6160,1542,246,1537,5461,39,0.7362846930194452,0.7707129872752979,0.768246729426196,0.7695930303455866,0.8394713059195662,0.7304538630326828,0.7348150193263391,7431,1118,303,813,6325,1521,202,1719,5323,50,0.7405592821935288,0.7724904059785902,0.7702128130445507,0.7713347534245928,0.8422955264347041,0.7281441274974015,0.7401987852015461,7456,1102,294,852,6305,1502,211,1671,5362,0.0008004290336204312,-0.001165654584734277,0.001966083618354708,86.76854125
17,2758855254,49510,14853,24755,15895,19556,14059,3835,5348,5670,7138,11283,6334,11,0.7473864129827885,0.7274086043223591,0.7156909128311798,0.7217737897279903,0.7437657607172877,0.7697420898697155,0.6335648879065362,5309,1332,497,938,8685,1660,192,2129,4013,39,0.7350336173523679,0.732902443950717,0.7254673878281371,0.7295761441704496,0.7391426169795461,0.7604360542408933,0.6768234922639722,5276,1342,520,763,8580,1940,198,1849,4287,50,0.739557240011781,0.7338315491819835,0.7253080758321069,0.7298816357232717,0.7409638554216867,0.7653992732429319,0.6695610988317019,5289,1327,522,791,8636,1856,199,1894,4241,0.009617163000927076,0.00977647499695733,-0.0001593119960302536,87.002709125
18,1649396546,49510,14853,24755,13619,19610,16281,2596,7823,4434,7401,10516,6838,11,0.6922721199574524,0.719854574833367,0.7245692487335457,0.722824102774496,0.8201594379137954,0.6782046405477368,0.675343667739105,6070,806,525,769,7132,2615,272,1948,4618,39,0.7118755498090262,0.7285396889517269,0.7295628248570014,0.7299938881980078,0.828131333603567,0.7075884366679346,0.6529687042995028,6129,714,558,713,7441,2362,223,2150,4465,50,0.7134572289223257,0.7301959200161584,0.7321515417265246,0.7322560636555897,0.8265099310903932,0.7045454545454546,0.6653992395437263,6117,749,535,714,7409,2393,212,2076,4550,0.007582292992978967,0.004993576123455745,0.002588716869523222,87.060421167
19,3317113628,49510,14853,24755,17303,16543,15664,3341,4829,6683,9081,9048,6626,11,0.72536705939414,0.7489396081599676,0.7458058593043645,0.7457018100788283,0.8290937121462394,0.6934129089301503,0.7149109568367039,7529,1226,326,692,6274,2082,138,1751,4737,39,0.718832324955177,0.7482932740860432,0.7473136752160174,0.7454477138135677,0.8319568329479132,0.6715296198054819,0.7384545728946574,7555,1226,300,708,6076,2264,141,1592,4893,50,0.7246537923935491,0.7535851343162997,0.7522297679572114,0.7506050359175925,0.8354806739345887,0.6816976127320955,0.7395110172049502,7587,1187,307,721,6168,2159,139,1587,4900,0.006423908652846921,0.0015078159116529433,0.004916092741193978,87.48936995899999
20,1315508774,49510,14853,24755,17187,17805,14518,5611,3577,5665,12517,7445,4793,11,0.7978971315952329,0.758109472833771,0.7312905877029986,0.7269504248339785,0.8478868738515619,0.6420416386836804,0.7039432505737534,10613,1414,490,1367,4780,1298,214,1205,3374,39,0.7968503187102627,0.7736618864875783,0.7477529631510919,0.743720804612917,0.856754813453703,0.6721289456010745,0.7143751303984978,10724,1328,465,1229,5004,1212,202,1167,3424,50,0.8021209729549793,0.7715209048677035,0.745642010191148,0.7414227409823138,0.8548374211072941,0.6691739422431162,0.7129146672230335,10700,1339,478,1238,4982,1225,205,1171,3417,0.014351422488149357,0.016462375448093258,-0.0021109529599439014,86.81054987499999
21,4249496387,49510,14853,24755,15517,15368,18625,8464,3958,2431,8462,10044,6249,11,0.7161132056780358,0.7678448798222581,0.7468629122527091,0.7537087591988242,0.8711888442448593,0.8112305854241338,0.5581693070891343,7372,868,222,976,8148,920,238,2523,3488,39,0.7080989597350751,0.7701070490809937,0.753392795979663,0.7587865204655079,0.8783975419522572,0.78952608522501,0.5922547607617219,7433,791,238,1055,7930,1059,186,2362,3701,50,0.7123878352311869,0.7741062411634013,0.7564318615390991,0.7623186951361349,0.879461120302529,0.7999800876144962,0.5898543767002721,7442,785,235,1015,8035,994,192,2371,3686,0.009568949286390072,0.006529883726953956,0.003039065559436116,88.860351708
22,39721118,49510,14853,24755,16257,15280,17973,6275,4319,4259,6829,7870,10056,11,0.7221187922836713,0.7266410826095738,0.7267747370763088,0.7316511183863738,0.7826914628788988,0.6457433290978399,0.7518894192521878,5345,1208,276,624,5082,2164,166,2329,7561,39,0.7375246750560097,0.7447384366794587,0.7469332378634238,0.7510364886628925,0.7990921071899253,0.6947903430749682,0.7469172633253779,5457,1135,237,500,5468,1902,196,2349,7511,50,0.7362446801057452,0.7450212078368006,0.7469526649672477,0.7511019591599343,0.8001171474593645,0.6903430749682338,0.7503977724741447,5464,1127,238,506,5433,1931,193,2317,7546,0.020177927890938863,0.020158500787115008,1.9427103823854708e-05,89.16521308399999
23,1233912578,49510,14853,24755,17976,15596,15938,6259,3933,4661,8860,12159,3736,11,0.7335238871487836,0.7450212078368006,0.7554524250222127,0.7248452610041611,0.8332957110609481,0.6774405789949831,0.7556209850107066,7383,1196,281,1613,8237,2309,116,797,2823,39,0.749610093460599,0.7469198141789537,0.7585628253599414,0.7268993090057062,0.8349887133182844,0.6778517970227815,0.762847965738758,7398,1168,294,1581,8242,2336,97,789,2850,50,0.7459590380484441,0.7502322763078166,0.7596659768719015,0.7295102522042569,0.8366817155756208,0.6850892343120323,0.7572269807280514,7413,1153,294,1550,8330,2279,98,809,2829,0.004213551849688857,0.0031104003377286915,0.0011031515119601654,88.954115333
24,3869351576,49510,14853,24755,13164,19328,17018,5052,5735,4066,8866,6711,9178,11,0.6802628844233004,0.7699050696828923,0.7546777158380603,0.7550372568839808,0.8468305887660726,0.5902250037252272,0.8269775550228808,7508,973,385,1049,3961,1701,165,1423,7590,39,0.6854042743995957,0.7669965663502323,0.7528749143825616,0.7531495701423464,0.8407399052560343,0.6000596036358218,0.8178252342558292,7454,1019,393,1106,4027,1578,147,1525,7506,50,0.6866443907992572,0.7718440719046658,0.7582062098803072,0.7586210617706232,0.8464922174599594,0.6101922217255252,0.8179341904554369,7505,969,392,993,4095,1623,161,1510,7507,0.003528494042246866,-0.0018028014554987148,0.005331295497745581,89.43713575000001
25,2935808314,49510,14853,24755,12766,19170,17574,3159,6854,4840,11129,4563,9063,11,0.7011636836871236,0.7562108664916178,0.739845691077999,0.7254558967876966,0.8099559708868721,0.6820074512382205,0.7275736511089044,9014,1705,410,787,3112,664,305,2164,6594,39,0.7071668430969299,0.7688951726923854,0.7550784118855258,0.7395287867807069,0.8096864048881302,0.7041420118343196,0.7514068189341278,9011,1755,363,740,3213,610,255,1998,6810,50,0.7092285386244086,0.7720056554231468,0.7579846863453995,0.7426207974395003,0.8115733668793242,0.705456936226167,0.7569237559307073,9032,1728,369,728,3219,616,278,1925,6860,0.018138995267400482,0.0152327208075268,0.002906274459873681,89.460742084
26,572606425,49510,14853,24755,12535,23845,13130,5385,4005,5463,10416,8020,6319,11,0.7451816762426496,0.7741870329226419,0.7662337163117767,0.7634769162379126,0.8370775729646698,0.7113466334164589,0.7502769425542016,8719,1320,377,582,5705,1733,117,1461,4741,39,0.7436095693841892,0.7747525752373258,0.767329243898966,0.7633411330320409,0.8442780337941628,0.6900249376558604,0.7676847602468745,8794,1272,350,556,5534,1930,152,1316,4851,50,0.7472645715764283,0.7768531609775803,0.7690254853573792,0.7656638327270224,0.8445660522273426,0.7009975062344139,0.7615128976103814,8797,1272,347,566,5622,1832,126,1381,4812,0.0027917690456025213,0.0010955275871892267,0.0016962414584132945,89.618947166
27,161963140,49510,14853,24755,15805,17347,16358,3017,8027,3809,5439,11131,8185,11,0.6815932486357719,0.7242577257119773,0.7390084727967859,0.7269819023732641,0.7793712079426365,0.6526816997574342,0.7849725106902871,4239,981,219,1734,7265,2132,226,1534,6425,39,0.6838435790193814,0.7306806705716017,0.7453778614199879,0.7333345382531009,0.7909542195256482,0.6643607941784206,0.7808185705558949,4302,967,170,1793,7395,1943,218,1576,6391,50,0.6905852768698373,0.734922237931731,0.7484459663598627,0.737357504217182,0.7891156462585034,0.6727158386488186,0.7835064141722663,4292,959,188,1713,7488,1930,217,1555,6413,0.009437493563076771,0.00636938862320191,0.0030681049398748605,89.41322508299999
28,3091348244,49510,14853,24755,17963,15986,15561,3475,5178,6200,7919,8356,8480,11,0.7153434789640721,0.713472025853363,0.7143195205056371,0.7188065533655722,0.7483268089405228,0.7296553374820488,0.6649764150943396,5926,1711,282,840,6097,1419,262,2579,5639,39,0.7175717217128254,0.7173500302969097,0.7180565027045551,0.7223656753720551,0.750978658921581,0.7101483963618956,0.6930424528301887,5947,1657,315,873,5934,1549,225,2378,5877,50,0.7177394215902275,0.7206220965461523,0.7212717972124268,0.7258114424453205,0.7494633160752621,0.7234322642412637,0.6909198113207548,5935,1695,289,819,6045,1492,227,2394,5859,0.006952276706789773,0.0037369821989180485,0.0032152945078717243,89.74152312499999
29,3384635071,49510,14853,24755,15541,13043,20926,5118,3632,6103,9172,9458,6125,11,0.7692491882275889,0.7669965663502323,0.7551887183174507,0.7578920822520095,0.8358046227649367,0.7691901036159865,0.6605714285714286,7666,983,523,996,7275,1187,213,1866,4046,39,0.7811554498572049,0.7768935568572005,0.766188686449997,0.7692069205905915,0.8288268643698212,0.7884330725311905,0.6813061224489796,7602,1057,513,927,7457,1074,209,1743,4173,50,0.7822846977556385,0.7765299939406181,0.7654879299367764,0.7686823932355638,0.8288268643698212,0.7895961091139776,0.6780408163265306,7602,1069,501,908,7468,1082,208,1764,4153,0.010299211619325677,0.010999968132546334,-0.0007007565132206572,89.50406312499999
30,1727305320,49510,14853,24755,22857,11672,14981,5975,2989,5889,10622,7274,6859,11,0.7358312915643567,0.7576651181579479,0.7460216495171945,0.746271018366862,0.8251741668235737,0.7228485015122353,0.6900422802157749,8765,1497,360,877,5258,1139,220,1906,4733,39,0.7424892790248344,0.7550393859826298,0.7437069739854715,0.7440373578034968,0.8204669553756355,0.7236733571624966,0.6869806094182825,8715,1519,388,923,5264,1087,194,1953,4712,50,0.7420450831204093,0.759119369824278,0.7479907378906212,0.7480429810157546,0.8232912822443984,0.7290349188891944,0.6916460125382708,8745,1484,393,871,5303,1100,191,1924,4744,0.001969088373426686,-0.0023146755317230427,0.004283763905149729,89.598036125
31,3892276857,49510,14853,24755,15055,19806,14649,5759,2496,6598,5474,10048,9233,11,0.7650932522516797,0.723045849323369,0.7296247133412623,0.7326937531045296,0.7658019729630983,0.696656050955414,0.7264161161052746,4192,986,296,700,7000,2348,320,2206,6707,39,0.7564544747008677,0.7209048677034943,0.7293202237315466,0.7301357059061176,0.774205334307636,0.6807324840764332,0.7330228528105708,4238,969,267,839,6840,2369,307,2158,6768,50,0.7619244310775005,0.72607554029489,0.7331573587736523,0.7351116243804813,0.7700036536353672,0.6879976114649682,0.7414708112206216,4215,984,275,763,6913,2372,302,2085,6846,0.003532645432389958,-0.00030448960971574124,0.0038371350421056993,89.11091770899998
32,3885075678,49510,14853,24755,17872,18246,13392,2863,5859,6131,6619,9985,8151,11,0.7406134543459052,0.710442334881842,0.7143430870883414,0.7198571635141803,0.7487535881553105,0.6904356534802203,0.7038400196294933,4956,1175,488,674,6894,2417,206,2208,5737,39,0.750727625994541,0.7080589779842456,0.7131330273105952,0.7180404940497924,0.7505665508384952,0.6759138708062093,0.7129186602870813,4968,1170,481,671,6749,2565,206,2134,5811,50,0.7504503786781959,0.7096748131690568,0.7141320016171212,0.7193471108343723,0.750113310167699,0.6840260390585878,0.7082566556250767,4965,1164,490,675,6830,2480,203,2175,5773,-0.00021108547122017374,-0.0012100597777461308,0.000998974306525957,89.12016
33,2402062183,49510,14853,24755,20610,12221,16679,4428,5259,5166,4654,8258,11843,11,0.7758619020601962,0.745950313068067,0.7371025570365738,0.7421441545225114,0.7228190803609797,0.7046500363284088,0.7838385544203327,3364,1067,223,699,5819,1740,138,2422,9283,39,0.7824447092658614,0.749424358715411,0.7418577860049836,0.7456106877409409,0.7286205414697035,0.7161540324533785,0.7807987840918686,3391,1023,240,735,5914,1609,136,2460,9247,50,0.7841185784027092,0.7531003837608564,0.7442750024542203,0.7484911184534967,0.7275461968199398,0.7168806006296924,0.7883982099130288,3386,1027,241,717,5920,1621,139,2367,9337,0.0071724454176465,0.0047552289684098525,0.0024172164492366477,89.31697170799998
34,3906362348,49510,14853,24755,18312,12969,18229,6013,5579,3261,10069,6709,7977,11,0.7610133796797108,0.747970107049081,0.7469596223386007,0.7425330798330965,0.7821034859469659,0.7852138917871516,0.6735614892816848,7875,1799,395,568,5268,873,294,2310,5373,39,0.7662501620441963,0.7498283175116138,0.748726492669035,0.7439654720972905,0.7867712781805541,0.7899836041138769,0.669424595712674,7922,1673,474,571,5300,838,262,2375,5340,50,0.7689468725683984,0.7499495051504746,0.7484846379221545,0.7440349211954294,0.7872678518224253,0.7838724101952601,0.6743136517487778,7927,1687,455,576,5259,874,262,2336,5379,0.0015250155835537793,0.0017668703304343225,-0.0002418547468805432,89.61462224999997
35,1659033537,49510,14853,24755,18800,14697,16013,5647,2975,6231,8344,10154,6257,11,0.749590111565802,0.7682892344980812,0.7577665641676715,0.7647280609179661,0.7901486097794823,0.8072680716958834,0.675883011027649,6593,1524,227,928,8197,1029,348,1680,4229,39,0.7550034652867286,0.7726923853766916,0.7643243873112179,0.7699519875254918,0.7879913710450623,0.8048059877880638,0.7001758031005274,6575,1521,248,793,8172,1189,297,1579,4381,50,0.7620347588677702,0.775802868107453,0.7669846752342254,0.7728603085581481,0.789189837008629,0.8111089225920819,0.7006552661019658,6585,1515,244,779,8236,1139,317,1556,4384,0.009218111066553902,0.00655782314354636,0.0026602879230075427,89.22251041700002
36,1175426631,49510,14853,24755,14212,20120,15178,5444,5765,3644,8217,9606,6932,11,0.7258579640437741,0.7026863259947486,0.6995369673172243,0.7057924768412368,0.7101131799926981,0.7236102435977514,0.6648874783612233,5835,1861,521,1649,6951,1006,106,2217,4609,39,0.7417547939336271,0.7083013532619673,0.7067783323254172,0.7130513922881718,0.7127905561640502,0.7179887570268582,0.6895556837853434,5857,1928,432,1751,6897,958,64,2088,4780,50,0.7408855584393953,0.7102807513633609,0.7085561228023374,0.71457309305693,0.7191188998417914,0.7194461794711638,0.6871032890940566,5909,1852,456,1752,6911,943,79,2090,4763,0.009019155485113117,0.007241365008192946,0.0017777904769201713,89.807583792
37,1682895718,49510,14853,24755,12926,15390,21194,3779,3528,7546,7817,8343,8595,11,0.732228327650937,0.7544334477883256,0.7547667703748367,0.7574714791517079,0.7795829602149162,0.7108953613807982,0.7738219895287958,6094,1347,376,677,5931,1735,278,1666,6651,39,0.7487127250960411,0.7637245001009897,0.7637925769609675,0.7671854768578598,0.7693488550594857,0.7533261416756563,0.7687027341477604,6014,1436,367,562,6285,1496,268,1720,6607,50,0.7451477130550798,0.7642496465360533,0.7644011735226336,0.7676925216188352,0.773314570807215,0.7517679491789524,0.7681210005817336,6045,1395,377,573,6272,1498,264,1729,6602,0.009634403147796844,0.009025806586130725,0.0006085965616661193,89.659159875
38,2019104162,49510,14853,24755,14581,17776,17153,2884,5026,6943,8558,10047,6150,11,0.720318768171118,0.7547566148252878,0.7560414552298645,0.7585141433011732,0.7615096985276933,0.7445008460236887,0.7621138211382114,6517,1581,460,1841,7480,726,202,1261,4687,39,0.7190201048549233,0.7608159967683297,0.7622099035068507,0.7639878522448217,0.7707408272960972,0.7480840051756743,0.7678048780487805,6596,1552,410,1697,7516,834,212,1216,4722,50,0.7185778446753135,0.7594425368612402,0.7615138797926858,0.7627047813922396,0.7709745267585885,0.7425102020503633,0.7710569105691056,6598,1531,429,1736,7460,851,205,1203,4742,0.005472424562821265,0.006168448276986149,-0.000696023714164884,89.570239125
39,3152620351,49510,14853,24755,18003,12347,19160,4168,5946,4739,8867,9952,5936,11,0.698213045968644,0.7569379923247829,0.7636905462381267,0.7573142487981236,0.7844817863990076,0.7068930868167203,0.7996967654986523,6956,1668,243,843,7035,2074,158,1031,4747,39,0.6919417335101871,0.7563320541304787,0.7604566159114362,0.7557504102937781,0.7947445584752453,0.710008038585209,0.7766172506738545,7047,1603,217,819,7066,2067,152,1174,4610,50,0.6998759690492143,0.7617854978792163,0.766904456832674,0.7615022866131446,0.7947445584752453,0.715032154340836,0.7909366576819407,7047,1586,234,821,7116,2015,152,1089,4695,0.0032139105945473423,-0.003233930326690504,0.006447840921237846,89.439531542
40,660207312,49510,14853,24755,14340,15641,19529,6477,6211,2165,8205,9611,6939,11,0.7322048040808613,0.7295899818218542,0.7295740053800429,0.7299072248352134,0.8258379037172456,0.6841119550515035,0.6787721573713792,6776,1018,411,734,6575,2302,281,1948,4710,39,0.7359191753716919,0.7403756816804686,0.7411366051098917,0.7404935837826531,0.8393662400975015,0.6875455207574654,0.6964980544747081,6887,910,408,665,6608,2338,306,1800,4833,50,0.7390238629109179,0.7401737022823672,0.740728607304766,0.7402645423644533,0.8372943327239488,0.68983456456144,0.6950569246289091,6870,921,414,671,6630,2310,305,1811,4823,0.011154601924723062,0.011562599729848744,-0.0004079978051256816,89.948331042
41,3214725941,49510,14853,24755,15603,16841,17066,5447,3983,5423,8188,9057,7510,11,0.7233526171680111,0.7530195920016158,0.7525158162213298,0.7541722630406295,0.8259648265754763,0.7283868830738656,0.7031957390146472,6763,920,505,1074,6597,1386,182,2047,5281,39,0.7380282370656222,0.7566552211674409,0.7561975455438658,0.7585702043517825,0.8157059110893992,0.73744065363807,0.7154460719041278,6679,1046,463,919,6679,1459,154,1983,5373,50,0.73896061827808,0.7596849121389618,0.7593077694681064,0.7612502607901742,0.8249877870053737,0.7365573589488793,0.7163781624500666,6755,963,470,954,6671,1432,161,1969,5380,0.006791953246776616,0.003681729322535965,0.0031102239242406515,89.32992908300002
42,3519752463,49510,14853,24755,16064,18057,15389,5662,1819,7372,5046,9522,10187,11,0.761048774860389,0.7370228236719855,0.7466246766216282,0.7528676522453833,0.7929052715021799,0.7462717916404117,0.7006969667222931,4001,706,339,456,7106,1960,155,2894,7138,39,0.7631407040612194,0.7347202585336295,0.744803106215079,0.7512055512054437,0.7919143876337693,0.755933627389204,0.6865613036222636,3996,679,371,479,7198,1845,114,3079,6994,50,0.7685468321286955,0.74057766107857,0.7501039671616682,0.7564260803588807,0.7950852160126833,0.7569838269271162,0.6982428585452046,4012,679,355,460,7208,1854,128,2946,7113,0.0034792905400399254,-0.0018215704065492888,0.005300860946589214,89.699655167
43,3209911946,49510,14853,24755,14967,15641,18902,5048,4116,5689,7665,12853,4237,11,0.7275552137113476,0.7246616845081801,0.7007112529738714,0.6959580728278398,0.7886497064579256,0.734536684042636,0.5789473684210527,6045,1419,201,859,9441,2553,73,1711,2453,39,0.7397484429091019,0.7203393253888103,0.6939079532356259,0.6895210043357065,0.8022178734507501,0.7267563992842138,0.5527495869719141,6149,1315,201,910,9341,2602,48,1847,2342,50,0.7433848309116854,0.725792769137548,0.6981839103856476,0.6949576545008762,0.7954337899543379,0.7388158406597681,0.5603021005428369,6097,1372,196,890,9496,2467,61,1802,2374,-0.0025273425882237355,-0.00680329973824545,0.004275957150021714,89.66342233299997
44,2734190334,49510,14853,24755,13104,19080,17326,2284,4047,8522,7615,10366,6774,11,0.6929757093529468,0.7760048475055544,0.7869102201013045,0.7800868029615907,0.8215364412344057,0.7036465367547752,0.8355476823147328,6256,1056,303,937,7294,2135,77,1037,5660,39,0.7081581862253774,0.7863461926883458,0.7975083580610848,0.790070214641077,0.8463558765594222,0.7091452826548331,0.8370239149689991,6445,884,286,948,7351,2067,60,1044,5670,50,0.7059612480775569,0.7891739042617653,0.8005080702262856,0.7929232961948186,0.8455679579776756,0.7118464209917037,0.8441098317094774,6439,888,288,920,7379,2067,56,1000,5718,0.013597850124981048,0.010598137959780263,0.002999712165200785,89.795584292
45,3156882560,49510,14853,24755,15560,17906,16044,7869,3538,3446,8214,8265,8276,11,0.6969750554279704,0.7213896182589375,0.7214145143068826,0.7243898426014378,0.7348429510591673,0.7017543859649122,0.7276462058965684,6036,1727,451,934,5800,1531,296,1958,6022,39,0.7053310363388571,0.7216723894162795,0.7216952830359475,0.72379769900542,0.7388604821037253,0.6764670296430731,0.749758337361044,6069,1683,462,1063,5591,1611,304,1767,6205,50,0.7051209438505603,0.718400323167037,0.7184309229705782,0.7208124684724356,0.7376430484538593,0.6790078644888082,0.7386418559690672,6059,1693,462,1068,5612,1585,301,1862,6113,-0.0029835913363044364,0.00028076872906490635,-0.0032643600653693428,89.96089875000001
46,1642128921,49510,14853,24755,18090,18741,12679,4669,7124,3060,6330,8666,9759,11,0.7994515691241931,0.7573015552413653,0.7530929421993423,0.757773147561346,0.7341232227488151,0.7172859450726979,0.807869658776514,4647,1387,296,835,6216,1615,185,1690,7884,39,0.789970279145067,0.7623510401939002,0.7626126457455847,0.7654572383333175,0.7751974723538705,0.7290560812370183,0.7835843836458654,4907,1173,250,877,6318,1471,182,1930,7647,50,0.7935873893852396,0.7688547768127652,0.767523997814055,0.7707667365009861,0.7674565560821485,0.7375951996307408,0.7975202377292755,4858,1212,260,859,6392,1415,179,1797,7783,0.014431055614712696,0.00951970354624243,0.004911352068470265,89.958722416
47,2372062856,49510,14853,24755,15189,18115,16206,4001,3786,7066,8211,7926,8618,11,0.6953702192024633,0.7793981013936578,0.7784269495176687,0.7799543763018756,0.8122031421264158,0.7238203381276811,0.7992573682989093,6669,1255,287,763,5737,1426,169,1561,6888,39,0.7118331125653888,0.7785901838012522,0.7780172995217987,0.7795935257795841,0.8198757763975155,0.7329043653797628,0.7812717567881179,6732,1220,259,791,5809,1326,157,1728,6733,50,0.7089811606785682,0.7845283781054333,0.7836150109821678,0.784933441812953,0.8224333211545488,0.7281100176633863,0.8003016941285681,6753,1177,281,785,5771,1370,160,1561,6897,0.005188061464499127,-0.0004096499958700095,0.005597711460369137,89.88438941600003
48,1311514250,49510,14853,24755,18005,15214,16291,4380,5819,4654,7388,8578,8789,11,0.7280779227263126,0.7682488386184609,0.7692385639970755,0.7722410129068918,0.7912831618841364,0.7389834460247144,0.7774490840823757,5846,1213,329,607,6339,1632,307,1649,6833,39,0.7422153740805048,0.772167238941628,0.7729577041828727,0.7761217589589045,0.789794260963725,0.7539053392399161,0.7751735123449767,5835,1195,358,622,6467,1489,272,1704,6813,50,0.7428895573945088,0.7781054332458089,0.7788272176956689,0.781949754149688,0.7946670276123443,0.7583352762881791,0.7834793491864831,5871,1166,351,581,6505,1492,272,1631,6886,0.009588653698593408,0.0037191401857972206,0.005869513512796187,89.72244920900005
49,200586297,49510,14853,24755,18565,16793,14152,3499,6104,5250,6726,11529,6500,11,0.7759755248467463,0.7531407796404767,0.755020152742912,0.7540567648689591,0.743383883437407,0.7462919594067136,0.7753846153846153,5000,1489,237,1152,8604,1773,139,1321,5040,39,0.7907108484218983,0.7478085235305999,0.7511984893526061,0.7496511437667436,0.7457627118644068,0.7347558331164888,0.7730769230769231,5016,1521,189,1091,8471,1967,147,1328,5025,50,0.7890358185927012,0.7557665118157948,0.758200252608368,0.7570334778763335,0.7488849241748439,0.7466389105733368,0.7790769230769231,5037,1486,203,1103,8608,1818,146,1290,5064,0.0031800998654559764,-0.003821663390305874,0.00700176325576185,90.16486095900001
50,4027218559,49510,14853,24755,17936,13771,17803,3363,4310,7180,8430,8379,7946,11,0.7124022568149923,0.7398909311250252,0.7388624026435172,0.7420268723947953,0.7733096085409252,0.7591598042725862,0.6841177951170401,6519,1456,455,976,6361,1042,249,2261,5436,39,0.7180212791137132,0.7501918804281963,0.7493392065043133,0.7526135534477866,0.7697508896797153,0.7752715121136173,0.7029952177196074,6489,1481,460,889,6496,994,203,2157,5586,50,0.7244128360807985,0.7526964249646536,0.7517871600440782,0.7547290226092042,0.7799525504151839,0.7722878625134264,0.7031210672036244,6575,1387,468,907,6471,1001,227,2132,5587,0.012924757400560982,0.01047680386079608,0.002447953539764902,89.82667245799996
