metric,n,mean,standard_deviation,standard_error,confidence,ci_low,ci_high,positive_share
BA_statistics,50,0.7353262962417695,0.0273821296423441,0.003872417910686137,0.95,0.7275443811006389,0.7431082113829001,
BA_signature_2,50,0.7351817431311471,0.02759441146550703,0.0039024390940223678,0.95,0.7273394981633947,0.7430239880988996,
BA_combined_2,50,0.7392291612405836,0.02669902525032029,0.0037758123611144672,0.95,0.7316413822196415,0.7468169402615257,
BA_noise_2,50,0.7352520010627979,0.027503344863934014,0.0038895603317199885,0.95,0.7274356369368532,0.7430683651887425,
BA_signature_3,50,0.7306172947385974,0.027262842382319078,0.003855548144591566,0.95,0.7228692806616666,0.7383653088155282,
BA_combined_3,50,0.7382437181233391,0.027281638116070123,0.003858206262750114,0.95,0.7304903623579795,0.7459970738886987,
BA_noise_3,50,0.7345907539386729,0.027649581518894968,0.003910241317796174,0.95,0.7267328298152301,0.7424486780621157,
BA_signature_4,50,0.7283117850428015,0.0267269699055316,0.003779764332154035,0.95,0.7207160642387204,0.7359075058468826,
BA_combined_4,50,0.7373951691018366,0.027632343325225187,0.0039078034690683125,0.95,0.7295421440188291,0.745248194184844,
BA_noise_4,50,0.7336383590610519,0.027998825829872776,0.00395963192191282,0.95,0.7256811808026294,0.7415955373194744,
Delta_combined_2_minus_statistics,50,0.003902864998814162,0.0025998620115257145,0.0003676760116998261,0.95,0.003163992390415751,0.004641737607212573,0.94
Delta_BA_since_0_24_combined_2_minus_statistics,50,-0.0003770025296219201,0.007369512289572145,0.0010422064227988126,0.95,-0.0024713947488554603,0.0017173896896116201,
Delta_BA_since_25_49_combined_2_minus_statistics,50,0.002145928910704462,0.010058730782691195,0.0014225193493141626,0.95,-0.0007127307480144776,0.005004588569423402,
Delta_BA_since_50_99_combined_2_minus_statistics,50,0.004741249997022507,0.008891594208855982,0.00125746131212822,0.95,0.002214286882521595,0.00726821311152342,
Delta_BA_since_100_plus_combined_2_minus_statistics,50,0.004236551246166149,0.0030475477004643617,0.0004309883289975639,0.95,0.003370447772720935,0.005102654719611363,
Delta_combined_2_minus_noise_2,50,0.003977160177785908,0.0027178408840487518,0.0003843607438593827,0.95,0.0032047583448015183,0.0047495620107702976,0.94
Delta_BA_since_0_24_combined_2_minus_noise_2,50,-0.001094244882632634,0.008108914356124356,0.0011467736658552956,0.95,-0.0033987728441273565,0.0012102830788620887,
Delta_BA_since_25_49_combined_2_minus_noise_2,50,0.0008505419198939268,0.010500686614227296,0.0014850213424069858,0.95,-0.0021337201964155726,0.0038348040362034264,
Delta_BA_since_50_99_combined_2_minus_noise_2,50,0.006221417949057301,0.010729325837407402,0.0015173558114381612,0.95,0.0031721772844770296,0.009270658613637572,
Delta_BA_since_100_plus_combined_2_minus_noise_2,50,0.004282047489139462,0.0030636479379501026,0.00043326524641854015,0.95,0.0034113683788280663,0.005152726599450859,
Delta_signature_2_minus_statistics,50,-0.0001445531106222142,0.007132926898666552,0.0010087481959510096,0.95,-0.0021717085057041566,0.0018826022844597283,0.52
Delta_BA_since_0_24_signature_2_minus_statistics,50,0.005892948385345378,0.011568746216368454,0.0016360677798840696,0.95,0.002605147088625341,0.009180749682065417,
Delta_BA_since_25_49_signature_2_minus_statistics,50,0.019243839249076806,0.023783206143118695,0.0033634532684313568,0.95,0.012484726849595748,0.026002951648557864,
Delta_BA_since_50_99_signature_2_minus_statistics,50,0.006388227872003062,0.02208654560573782,0.003123509234160631,0.95,0.00011130106208934263,0.012665154681916781,
Delta_BA_since_100_plus_signature_2_minus_statistics,50,-0.002151138581496859,0.007595900878548373,0.0010742226040884816,0.95,-0.004309869725837558,7.592562843840387e-06,
Delta_noise_2_minus_statistics,50,-7.42951789717461e-05,0.0012480516049811622,0.0001765011506305868,0.95,-0.0004289875206037912,0.00028039716266029896,0.46
Delta_BA_since_0_24_noise_2_minus_statistics,50,0.0007172423530107136,0.003760498031534188,0.0005318147317472975,0.95,-0.0003514793626491846,0.0017859640686706119,
Delta_BA_since_25_49_noise_2_minus_statistics,50,0.0012953869908105353,0.0054586804927768086,0.0007719739985546412,0.95,-0.00025595284039251474,0.0028467268220135856,
Delta_BA_since_50_99_noise_2_minus_statistics,50,-0.0014801679520347944,0.005320365019339067,0.0007524132367124703,0.95,-0.0029921989606204354,3.18630565508465e-05,
Delta_BA_since_100_plus_noise_2_minus_statistics,50,-4.5496242973313005e-05,0.0012807516634710896,0.0001811256372512717,0.95,-0.0004094818384027219,0.0003184893524560959,
Delta_combined_3_minus_statistics,50,0.0029174218815696705,0.0023722676876866433,0.0003354893137505913,0.95,0.0022432308643350004,0.0035916128988043405,0.88
Delta_BA_since_0_24_combined_3_minus_statistics,50,-0.0007639448095321562,0.00655733045109036,0.0009273465656894071,0.95,-0.0026275175041784323,0.0010996278851141197,
Delta_BA_since_25_49_combined_3_minus_statistics,50,0.0012792383949624861,0.009691703928250323,0.0013706139137836207,0.95,-0.0014751133858418681,0.00403359017576684,
Delta_BA_since_50_99_combined_3_minus_statistics,50,0.001876352919381753,0.009181106811854278,0.0012984045770920328,0.95,-0.0007328887665176585,0.0044855946052811645,
Delta_BA_since_100_plus_combined_3_minus_statistics,50,0.0034269343149169007,0.002689571445866633,0.0003803628415716007,0.95,0.0026625665673705,0.004191302062463301,
Delta_combined_3_minus_noise_3,50,0.0036529641846662873,0.0023197975501149373,0.00032806891573324237,0.95,0.0029936850155369244,0.00431224335379565,0.96
Delta_BA_since_0_24_combined_3_minus_noise_3,50,-0.0009255905883616103,0.006842487414681311,0.0009676738502209526,0.95,-0.002870203995383145,0.0010190228186599244,
Delta_BA_since_25_49_combined_3_minus_noise_3,50,0.001246454575934022,0.009059017509928024,0.0012811385424315556,0.95,-0.0013280897142682793,0.003820998866136323,
Delta_BA_since_50_99_combined_3_minus_noise_3,50,0.0043721888996590234,0.011843707693188581,0.0016749532048489855,0.95,0.0010062444158442443,0.0077381333834738025,
Delta_BA_since_100_plus_combined_3_minus_noise_3,50,0.004042255207984393,0.002658821627877333,0.00037601416060750346,0.95,0.0032866264620176177,0.004797883953951169,
Delta_signature_3_minus_statistics,50,-0.004709001503172219,0.00742419980361912,0.0010499404052045829,0.95,-0.006818935741932788,-0.00259906726441165,0.26
Delta_BA_since_0_24_signature_3_minus_statistics,50,0.005855121524733351,0.014902782241638577,0.0021075716763218192,0.95,0.0016197976735220629,0.01009044537594464,
Delta_BA_since_25_49_signature_3_minus_statistics,50,0.004753265024092773,0.02146183492758562,0.0030351618028004175,0.95,-0.0013461209754954849,0.01085265102368103,
Delta_BA_since_50_99_signature_3_minus_statistics,50,9.472248236334968e-05,0.021413339117596235,0.003028303459579892,0.95,-0.0059908811605212066,0.0061803261252479065,
Delta_BA_since_100_plus_signature_3_minus_statistics,50,-0.006285681189697063,0.008151614162648365,0.0011528123304049918,0.95,-0.008602344301936186,-0.003969018077457941,
Delta_noise_3_minus_statistics,50,-0.0007355423030966169,0.0017362109478802677,0.0002455373069632921,0.95,-0.0012289679949614495,-0.00024211661123178427,0.38
Delta_BA_since_0_24_noise_3_minus_statistics,50,0.00016164577882945403,0.004621895713109535,0.0006536347601353572,0.95,-0.0011518824492654698,0.0014751740069243778,
Delta_BA_since_25_49_noise_3_minus_statistics,50,3.2783819028464056e-05,0.0065506461934308246,0.000926401268905756,0.95,-0.0018288892306096488,0.0018944568686665767,
Delta_BA_since_50_99_noise_3_minus_statistics,50,-0.00249583598027727,0.0071678227588238535,0.0010136832158215228,0.95,-0.004532908669085737,-0.00045876329146880357,
Delta_BA_since_100_plus_noise_3_minus_statistics,50,-0.0006153208930674925,0.001884954679675631,0.00026657284724559104,0.95,-0.0011510190857832677,-7.962270035171738e-05,
Delta_combined_3_minus_combined_2,50,-0.0009854431172444912,0.0015471482292091503,0.0002187998008749098,0.95,-0.0014251377789715183,-0.000545748455517464,0.26
Delta_BA_since_0_24_combined_3_minus_combined_2,50,-0.0003869422799102361,0.004841934307574537,0.0006847529165891492,0.95,-0.0017630047846398135,0.0009891202248193415,
Delta_BA_since_25_49_combined_3_minus_combined_2,50,-0.0008666905157419761,0.007361353633813427,0.0010410526146363414,0.95,-0.002958764070663816,0.001225383039179864,
Delta_BA_since_50_99_combined_3_minus_combined_2,50,-0.0028648970776407544,0.005583941143983263,0.0007896885297314266,0.95,-0.004451835592034026,-0.0012779585632474826,
Delta_BA_since_100_plus_combined_3_minus_combined_2,50,-0.0008096169312492485,0.0017246520407981393,0.0002439026306471165,0.95,-0.0012997576180683729,-0.0003194762444301241,
Delta_combined_4_minus_statistics,50,0.002068872860067081,0.003419525757296219,0.0004835939702852441,0.95,0.0010970543925568413,0.003040691327577321,0.68
Delta_BA_since_0_24_combined_4_minus_statistics,50,0.0009860920031624237,0.009808922483085437,0.0013871911207845801,0.95,-0.001801572922331824,0.003773756928656671,
Delta_BA_since_25_49_combined_4_minus_statistics,50,0.007732832478721494,0.013359907470298703,0.0018893762336546053,0.95,0.003935988785948691,0.011529676171494297,
Delta_BA_since_50_99_combined_4_minus_statistics,50,0.0020376519115715475,0.01103239564026981,0.001560216353993537,0.95,-0.001097720237977932,0.005173024061121027,
Delta_BA_since_100_plus_combined_4_minus_statistics,50,0.001905490533891796,0.003639775562344873,0.0005147419964262278,0.95,0.0008710777643631813,0.0029399033034204105,
Delta_combined_4_minus_noise_4,50,0.0037568100407847195,0.0029652790357614462,0.0004193537828594451,0.95,0.0029140870631539067,0.004599533018415532,0.94
Delta_BA_since_0_24_combined_4_minus_noise_4,50,-0.0006436212063424658,0.009662842047376944,0.001366532227446948,0.95,-0.0033897705313589137,0.0021025281186739823,
Delta_BA_since_25_49_combined_4_minus_noise_4,50,0.007004239753013834,0.011527241647638747,0.0016301981474842698,0.95,0.0037282339242154863,0.010280245581812182,
Delta_BA_since_50_99_combined_4_minus_noise_4,50,0.005496624068184141,0.01200410537194559,0.0016976368621161178,0.95,0.0020850950684378057,0.008908153067930476,
Delta_BA_since_100_plus_combined_4_minus_noise_4,50,0.0037079721300083968,0.003301345025169211,0.0004668806908667245,0.95,0.002769740254948836,0.0046462040050679575,
Delta_signature_4_minus_statistics,50,-0.007014511198968121,0.007322978761018186,0.0010356255880802042,0.95,-0.009095678735711505,-0.004933343662224737,0.14
Delta_BA_since_0_24_signature_4_minus_statistics,50,0.008554384600630632,0.017960068267952326,0.002539937212568484,0.95,0.0034501896743899417,0.013658579526871321,
Delta_BA_since_25_49_signature_4_minus_statistics,50,0.025955173076931334,0.02848339656246682,0.004028160572109177,0.95,0.017860281340040383,0.034050064813822285,
Delta_BA_since_50_99_signature_4_minus_statistics,50,0.007924450841313144,0.021833220250340447,0.003087683618831036,0.95,0.001719518300820697,0.01412938338180559,
Delta_BA_since_100_plus_signature_4_minus_statistics,50,-0.01132319311422847,0.008211366341552511,0.0011612625645837506,0.95,-0.013656837607821168,-0.00898954862063577,
Delta_noise_4_minus_statistics,50,-0.001687937180717638,0.0031869698973404368,0.0004507056051693636,0.95,-0.002593664004101339,-0.0007822103573339368,0.24
Delta_BA_since_0_24_noise_4_minus_statistics,50,0.0016297132095048894,0.006691294043698719,0.0009462918786425037,0.95,-0.0002719315169115934,0.0035313579359213722,
Delta_BA_since_25_49_noise_4_minus_statistics,50,0.0007285927257076608,0.010606904854594246,0.0015000428700168203,0.95,-0.0022858562805104154,0.003743041731925737,
Delta_BA_since_50_99_noise_4_minus_statistics,50,-0.003458972156612593,0.009010472475846546,0.0012742732378731665,0.95,-0.006019720100779005,-0.0008982242124461809,
Delta_BA_since_100_plus_noise_4_minus_statistics,50,-0.0018024815961166008,0.0034901942859334105,0.0004935880094484109,0.95,-0.00279438383724804,-0.0008105793549851613,
Delta_combined_4_minus_combined_3,50,-0.0008485490215025893,0.0020681102240888032,0.0002924749527388846,0.95,-0.0014362994440071963,-0.0002607985989979822,0.32
Delta_BA_since_0_24_combined_4_minus_combined_3,50,0.0017500368126945798,0.007233240245575958,0.0010229346455196417,0.95,-0.0003056273201432686,0.003805700945532428,
Delta_BA_since_25_49_combined_4_minus_combined_3,50,0.006453594083759009,0.00957480910128749,0.0013540824888174114,0.95,0.0037324634452012093,0.00917472472231681,
Delta_BA_since_50_99_combined_4_minus_combined_3,50,0.00016129899218979448,0.007721952698242684,0.001092049023385832,0.95,-0.0020332556829375428,0.002355853667317132,
Delta_BA_since_100_plus_combined_4_minus_combined_3,50,-0.0015214437810251048,0.0021905456989782294,0.0003097899436493063,0.95,-0.002143989980494413,-0.0008988975815557964,
BA_logistic_statistics,50,0.7302771496757888,0.026555263385405804,0.0037554813632030555,0.95,0.7227302273247956,0.737824072026782,
BA_logistic_signature_2,50,0.7353484539775802,0.024145888558300525,0.003414744307469794,0.95,0.7284862683761608,0.7422106395789996,
BA_logistic_combined_2,50,0.7384707749516966,0.025453671385437054,0.0035996927285473048,0.95,0.7312369215831337,0.7457046283202594,
BA_logistic_noise_2,50,0.7298412674334658,0.02684970009930356,0.003797121002608533,0.95,0.7222106670942403,0.7374718677726912,
BA_logistic_signature_3,50,0.7354538121363343,0.024245061486634262,0.003428769477496777,0.95,0.7285634419005322,0.7423441823721364,
BA_logistic_combined_3,50,0.738545668182139,0.02569759709284518,0.003634189032910107,0.95,0.7312424918945561,0.7458488444697218,
BA_logistic_noise_3,50,0.7297665747550923,0.02668565641473367,0.0037739217222544936,0.95,0.7221825951151856,0.7373505543949991,
BA_logistic_signature_4,50,0.7339543708333744,0.02449084530576857,0.003463528558539936,0.95,0.7269941496090426,0.7409145920577063,
BA_logistic_combined_4,50,0.7370806947956166,0.025696805239034358,0.003634077047870239,0.95,0.7297777435503968,0.7443836460408363,
BA_logistic_noise_4,50,0.7295695845339562,0.026556707258127834,0.0037556855576416394,0.95,0.7220222518388756,0.7371169172290367,
Delta_logistic_combined_2_minus_statistics,50,0.008193625275907534,0.003943117832453417,0.0005576410716690824,0.95,0.007073003587075135,0.009314246964739934,0.94
Delta_BA_since_0_24_logistic_combined_2_minus_statistics,50,-0.002006897182891298,0.012355265394179636,0.0017472983887167805,0.95,-0.0055182247567323595,0.0015044303909497636,
Delta_BA_since_25_49_logistic_combined_2_minus_statistics,50,0.02078085280984955,0.017420095248609706,0.0024635734958414956,0.95,0.01583011651775857,0.02573158910194053,
Delta_BA_since_50_99_logistic_combined_2_minus_statistics,50,0.026978148335406297,0.018692680237843092,0.0026435441909461233,0.95,0.02166574739102412,0.03229054927978847,
Delta_BA_since_100_plus_logistic_combined_2_minus_statistics,50,0.0060925403953527475,0.004629433853808144,0.0006547008142164621,0.95,0.004776869851374994,0.007408210939330501,
Delta_logistic_combined_2_minus_noise_2,50,0.008629507518230793,0.004226293908074372,0.0005976882163373566,0.95,0.007428408079155298,0.009830606957306288,0.98
Delta_BA_since_0_24_logistic_combined_2_minus_noise_2,50,-0.0015003176942043122,0.01285059244842539,0.0018173482125092464,0.95,-0.00515241565930398,0.002151780270895356,
Delta_BA_since_25_49_logistic_combined_2_minus_noise_2,50,0.020394623557847873,0.016908105019502052,0.0023911671432608407,0.95,0.015589393278913823,0.025199853836781923,
Delta_BA_since_50_99_logistic_combined_2_minus_noise_2,50,0.026604111553393546,0.018349578271738453,0.0025950222455719176,0.95,0.02138921910889271,0.031819003997894384,
Delta_BA_since_100_plus_logistic_combined_2_minus_noise_2,50,0.006676113493251694,0.00486755952951399,0.0006883768702297087,0.95,0.005292768381025543,0.008059458605477843,
Delta_logistic_signature_2_minus_statistics,50,0.00507130430179126,0.007993999385646273,0.0011305222348783148,0.95,0.002799434813555793,0.007343173790026727,0.76
Delta_BA_since_0_24_logistic_signature_2_minus_statistics,50,0.003127618024455305,0.020496946666136443,0.0028987059962488153,0.95,-0.002697549765324356,0.008952785814234965,
Delta_BA_since_25_49_logistic_signature_2_minus_statistics,50,0.035440992218741266,0.032623814912343396,0.004613704150538566,0.95,0.02616940660637857,0.04471257783110396,
Delta_BA_since_50_99_logistic_signature_2_minus_statistics,50,0.053112621461602096,0.03547290596062316,0.005016626470629868,0.95,0.04303133313229726,0.06319390979090693,
Delta_BA_since_100_plus_logistic_signature_2_minus_statistics,50,-0.001766871609390519,0.008741375976437338,0.001236217245968004,0.95,-0.004251143174599925,0.0007173999558188877,
Delta_logistic_noise_2_minus_statistics,50,-0.00043588224232325777,0.001169536383973,0.00016539742159034043,0.95,-0.0007682608050362308,-0.00010350367961028468,0.32
Delta_BA_since_0_24_logistic_noise_2_minus_statistics,50,-0.0005065794886869859,0.0026583479568367723,0.000375947173406537,0.95,-0.0012620736188334947,0.000248914641459523,
Delta_BA_since_25_49_logistic_noise_2_minus_statistics,50,0.0003862292520016791,0.004101885246162398,0.0005800941746420964,0.95,-0.000779513636562002,0.0015519721405653603,
Delta_BA_since_50_99_logistic_noise_2_minus_statistics,50,0.0003740367820127499,0.002602972778654611,0.00036811594060613315,0.95,-0.000365719896621873,0.0011137934606473728,
Delta_BA_since_100_plus_logistic_noise_2_minus_statistics,50,-0.0005835730978989462,0.0014689410155221806,0.00020773963064775748,0.95,-0.001001041515419054,-0.00016610468037883837,
Delta_logistic_combined_3_minus_statistics,50,0.00826851850635009,0.0050964597893659695,0.0007207482554210481,0.95,0.006820120660051851,0.009716916352648328,0.92
Delta_BA_since_0_24_logistic_combined_3_minus_statistics,50,-0.0019839389346899762,0.015781156202673532,0.00223179251317492,0.95,-0.006468893903576727,0.0025010160341967743,
Delta_BA_since_25_49_logistic_combined_3_minus_statistics,50,0.028588130697821096,0.019101018666296106,0.00270129196530176,0.95,0.0231596812560945,0.03401658013954769,
Delta_BA_since_50_99_logistic_combined_3_minus_statistics,50,0.028562019618304756,0.02022840685460493,0.002860728731898317,0.95,0.022813169998537768,0.034310869238071744,
Delta_BA_since_100_plus_logistic_combined_3_minus_statistics,50,0.005526029991686627,0.006122848972556939,0.0008659016057352193,0.95,0.0037859355670106848,0.007266124416362569,
Delta_logistic_combined_3_minus_noise_3,50,0.008779093427046705,0.0052182507413014575,0.0007379720970211978,0.95,0.00729608297518057,0.01026210387891284,0.94
Delta_BA_since_0_24_logistic_combined_3_minus_noise_3,50,-0.0015705528500750392,0.015757126790533427,0.002228394241120481,0.95,-0.006048678735592161,0.0029075730354420825,
Delta_BA_since_25_49_logistic_combined_3_minus_noise_3,50,0.02773145097770668,0.01903796356026686,0.0026923746266894165,0.95,0.02232092159883655,0.03314198035657681,
Delta_BA_since_50_99_logistic_combined_3_minus_noise_3,50,0.028030777465360503,0.01909624179098589,0.0027006164131168128,0.95,0.02260368559657617,0.03345786933414484,
Delta_BA_since_100_plus_logistic_combined_3_minus_noise_3,50,0.006235594771042072,0.006128533558771787,0.000866705527627371,0.95,0.004493884804839076,0.007977304737245068,
Delta_logistic_signature_3_minus_statistics,50,0.005176662460545311,0.007795396594733431,0.001102435558834906,0.95,0.00296123526097995,0.007392089660110673,0.74
Delta_BA_since_0_24_logistic_signature_3_minus_statistics,50,0.0020792655617898467,0.020115885958018706,0.0028448158740980553,0.95,-0.0036376059729897768,0.00779613709656947,
Delta_BA_since_25_49_logistic_signature_3_minus_statistics,50,0.04317705122953485,0.03242299959054204,0.004585304575376186,0.95,0.03396253670016346,0.05239156575890624,
Delta_BA_since_50_99_logistic_signature_3_minus_statistics,50,0.04931008469815699,0.032810839652216074,0.00464015344290129,0.95,0.03998534724282257,0.0586348221534914,
Delta_BA_since_100_plus_logistic_signature_3_minus_statistics,50,-0.001552105846684304,0.008982679759293425,0.001270342754204705,0.95,-0.004104955188200635,0.001000743494832027,
Delta_logistic_noise_3_minus_statistics,50,-0.0005105749206966159,0.001340382509280712,0.0001895587123392464,0.95,-0.0008915074149956702,-0.0001296424263975616,0.34
Delta_BA_since_0_24_logistic_noise_3_minus_statistics,50,-0.0004133860846149372,0.002978229913936893,0.00042118531361548094,0.95,-0.0012597896610991202,0.0004330174918692459,
Delta_BA_since_25_49_logistic_noise_3_minus_statistics,50,0.0008566797201144127,0.0045210197016171865,0.0006393687377782988,0.95,-0.0004281798627194346,0.00214153930294826,
Delta_BA_since_50_99_logistic_noise_3_minus_statistics,50,0.0005312421529442513,0.0038590668843712845,0.0005457544725982755,0.95,-0.0005654925207417711,0.0016279768266302735,
Delta_BA_since_100_plus_logistic_noise_3_minus_statistics,50,-0.000709564779355445,0.0016777777433985553,0.00023727360393619633,0.95,-0.0011863839382500359,-0.00023274562046085405,
Delta_logistic_combined_3_minus_combined_2,50,7.489323044255424e-05,0.0030691373335992077,0.00043404156419615976,0.95,-0.0007973459488508894,0.000947132409735998,0.46
Delta_BA_since_0_24_logistic_combined_3_minus_combined_2,50,2.295824820132117e-05,0.008093082822107824,0.0011445347488433608,0.95,-0.00227707044110823,0.0023229869375108723,
Delta_BA_since_25_49_logistic_combined_3_minus_combined_2,50,0.007807277887971541,0.008798751567659519,0.0012443313798935621,0.95,0.0053067003601545825,0.0103078554157885,
Delta_BA_since_50_99_logistic_combined_3_minus_combined_2,50,0.001583871282898458,0.010109366272677615,0.0014296802889817827,0.95,-0.0012891788228511071,0.0044569213886480235,
Delta_BA_since_100_plus_logistic_combined_3_minus_combined_2,50,-0.0005665104036661206,0.0033808346067317353,0.0004781222152980329,0.95,-0.0015273329678504224,0.00039431216051818106,
Delta_logistic_combined_4_minus_statistics,50,0.0068035451198276255,0.005079540791154495,0.0007183555477478047,0.95,0.005359955599619226,0.008247134640036024,0.88
Delta_BA_since_0_24_logistic_combined_4_minus_statistics,50,-0.0017540660770756988,0.017431035976962102,0.0024651207484833156,0.95,-0.006707911689761265,0.003199779535609868,
Delta_BA_since_25_49_logistic_combined_4_minus_statistics,50,0.033789669320396815,0.02169071274587916,0.0030675300142761265,0.95,0.02762523696455681,0.03995410167623682,
Delta_BA_since_50_99_logistic_combined_4_minus_statistics,50,0.030888837793304327,0.02232438996593125,0.0031571455061525813,0.95,0.02454431636412624,0.037233359222482415,
Delta_BA_since_100_plus_logistic_combined_4_minus_statistics,50,0.0032294657485835068,0.00628300588298112,0.0008885512132181843,0.95,0.0014438552335791007,0.005015076263587913,
Delta_logistic_combined_4_minus_noise_4,50,0.007511110261660305,0.005379777450977804,0.0007608154233721769,0.95,0.00598219442682558,0.00904002609649503,0.94
Delta_BA_since_0_24_logistic_combined_4_minus_noise_4,50,-0.0013936163709384916,0.017142643003879562,0.002424335823100673,0.95,-0.006265501607526935,0.003478268865649952,
Delta_BA_since_25_49_logistic_combined_4_minus_noise_4,50,0.03404378444080626,0.02120189402149059,0.002998400607318903,0.95,0.02801827282934492,0.0400692960522676,
Delta_BA_since_50_99_logistic_combined_4_minus_noise_4,50,0.030988928765988338,0.021661059370194292,0.003063336393669758,0.95,0.024832923806272805,0.03714493372570387,
Delta_BA_since_100_plus_logistic_combined_4_minus_noise_4,50,0.0040459334085957855,0.0066396940327765035,0.000938994535116024,0.95,0.002158953243026942,0.005932913574164629,
Delta_logistic_signature_4_minus_statistics,50,0.003677221157585524,0.008211511223858527,0.001161283054035962,0.95,0.0013435354888970386,0.006010906826274009,0.72
Delta_BA_since_0_24_logistic_signature_4_minus_statistics,50,0.001857716104992538,0.020799193064115998,0.0029414500917689253,0.95,-0.004053349160677823,0.007768781370662899,
Delta_BA_since_25_49_logistic_signature_4_minus_statistics,50,0.043831538033414844,0.03310885480179641,0.0046822991495342045,0.95,0.03442210560967961,0.05324097045715008,
Delta_BA_since_50_99_logistic_signature_4_minus_statistics,50,0.048024398167106755,0.033857569894317374,0.004788183453353863,0.95,0.038402183268414866,0.057646613065798644,
Delta_BA_since_100_plus_logistic_signature_4_minus_statistics,50,-0.003275873698424989,0.0094113220569269,0.0013309619292767075,0.95,-0.005950541833061218,-0.0006012055637887601,
Delta_logistic_noise_4_minus_statistics,50,-0.00070756514183268,0.0013403956965624389,0.00018956057730251327,0.95,-0.0010885013839157336,-0.0003266288997496264,0.24
Delta_BA_since_0_24_logistic_noise_4_minus_statistics,50,-0.0003604497061372068,0.0032677600317474504,0.000462131055547798,0.95,-0.0012891368316744587,0.0005682374194000449,
Delta_BA_since_25_49_logistic_noise_4_minus_statistics,50,-0.0002541151204094472,0.00418678013729176,0.0005921001252832296,0.95,-0.0014439848700797456,0.0009357546292608511,
Delta_BA_since_50_99_logistic_noise_4_minus_statistics,50,-0.00010009097268400935,0.002931793498124777,0.00041461821271253184,0.95,-0.0009332974658138969,0.0007331155204458782,
Delta_BA_since_100_plus_logistic_noise_4_minus_statistics,50,-0.0008164676600122789,0.0014058471921772518,0.00019881681658012043,0.95,-0.0012160050113365548,-0.0004169303086880029,
Delta_logistic_combined_4_minus_combined_3,50,-0.0014649733865224634,0.001963251780143596,0.00027764572938321954,0.95,-0.0020229233689856674,-0.0009070234040592594,0.26
Delta_BA_since_0_24_logistic_combined_4_minus_combined_3,50,0.00022987285761427807,0.00620327712233323,0.0008772758637562398,0.95,-0.0015330789943214255,0.0019928247095499815,
Delta_BA_since_25_49_logistic_combined_4_minus_combined_3,50,0.005201538622575721,0.01014851766942233,0.0014352171326080052,0.95,0.0023173618129830424,0.0080857154321684,
Delta_BA_since_50_99_logistic_combined_4_minus_combined_3,50,0.002326818174999572,0.007059330391017562,0.00099834007802496,0.95,0.0003205786759669397,0.004333057674032205,
Delta_BA_since_100_plus_logistic_combined_4_minus_combined_3,50,-0.0022965642431031206,0.002476290834385095,0.00035020040823675885,0.95,-0.0030003183115282616,-0.0015928101746779796,
