scenario,requested_hurst,requested_sigma_scale,setting,hurst,sigma_scale,regime,kappa,theta,sigma,feller_ratio,cir_stationary_sd,variance_mean,variance_sd,variance_zero_fraction,variance_increment_lag1_autocorr,return_sd_annualized,return_excess_kurtosis,return_lag1_autocorr,abs_return_lag1_autocorr,n_steps,substeps,variance_sd_ratio_to_heston,return_sd_ratio_to_heston
scale_only,0.2,1.0,rough,0.2,1.0,0,4.048119342920937,0.019624689877896815,0.14913647433136276,7.143620284512647,0.0073424943595230005,0.018366106010939763,0.001934433905859336,0.0,-0.3479149137305091,0.1335968752687418,0.01083550694326485,0.008576090990108622,0.009000846977226395,10000,1,0.2935988529690123,0.9789159313831296
scale_only,0.2,1.0,rough,0.2,1.0,1,4.048119342920937,0.09408806498470054,0.326550038381558,7.143620284512648,0.03520264986335849,0.08796254022333683,0.009526359295005105,0.0,-0.34770650700151506,0.2986705518221545,0.0225920031935547,-0.002115150779030731,-0.028005489602932903,10000,1,0.2684992145315984,0.9659483997108778
scale_only,0.2,1.0,rough,0.2,1.0,2,4.048119342920937,0.1482809418553529,0.4099445703692144,7.143620284512647,0.05547868455358075,0.1383851659206891,0.014554876951610292,0.0,-0.3412460167344938,0.37036053158747906,0.03485773830437644,0.0004675769734796376,-0.00478114549106333,10000,1,0.2623131807804483,0.944316236181809
scale_only,0.2,1.0,heston_reference,0.5,1.0,0,4.048119342920937,0.019624689877896815,0.14913647433136276,7.143620284512647,0.0073424943595230005,0.01902188345577282,0.0065886970820812595,0.0,0.007450689204873805,0.13647430896336538,0.42370789713520596,-0.007498402495108318,0.04467941830395264,10000,1,,
scale_only,0.2,1.0,heston_reference,0.5,1.0,1,4.048119342920937,0.09408806498470054,0.326550038381558,7.143620284512648,0.03520264986335849,0.09345140427099735,0.03548002667949702,0.0,-0.00242566238850185,0.30919928218893566,0.3455020978189278,-0.0031406191005181306,0.05286771194263691,10000,1,,
scale_only,0.2,1.0,heston_reference,0.5,1.0,2,4.048119342920937,0.1482809418553529,0.4099445703692144,7.143620284512647,0.05547868455358075,0.15106490637647005,0.05548663970413473,0.0,0.01622785337716862,0.39219968628832685,0.7160155292421861,0.0014109143426469257,0.046834159823585284,10000,1,,
scale_only,0.35,1.0,rough,0.35,1.0,0,4.048119342920937,0.019624689877896815,0.14913647433136276,7.143620284512647,0.0073424943595230005,0.018767929697072833,0.003708573389970988,0.0,-0.19831774959918055,0.13508880109824106,0.08863459706392707,0.009231677625344102,0.021810472068304346,10000,1,0.5628690079039893,0.989847848465778
scale_only,0.35,1.0,rough,0.35,1.0,1,4.048119342920937,0.09408806498470054,0.326550038381558,7.143620284512648,0.03520264986335849,0.09014823809665445,0.01837595269210264,0.0,-0.2009398658507932,0.3027100292052667,0.10619250706681616,-0.0017703288510714042,-0.012731969462037649,10000,1,0.5179238690573371,0.9790127165311343
scale_only,0.35,1.0,rough,0.35,1.0,2,4.048119342920937,0.1482809418553529,0.4099445703692144,7.143620284512647,0.05547868455358075,0.13943828991037763,0.026535824183361773,0.0,-0.18981465331703842,0.37183934823772924,0.1217249008436685,0.0014207494553959683,0.00655079786697994,10000,1,0.47823808262413825,0.9480868068934923
scale_only,0.35,1.0,heston_reference,0.5,1.0,0,4.048119342920937,0.019624689877896815,0.14913647433136276,7.143620284512647,0.0073424943595230005,0.01902188345577282,0.0065886970820812595,0.0,0.007450689204873805,0.13647430896336538,0.42370789713520596,-0.007498402495108318,0.04467941830395264,10000,1,,
scale_only,0.35,1.0,heston_reference,0.5,1.0,1,4.048119342920937,0.09408806498470054,0.326550038381558,7.143620284512648,0.03520264986335849,0.09345140427099735,0.03548002667949702,0.0,-0.00242566238850185,0.30919928218893566,0.3455020978189278,-0.0031406191005181306,0.05286771194263691,10000,1,,
scale_only,0.35,1.0,heston_reference,0.5,1.0,2,4.048119342920937,0.1482809418553529,0.4099445703692144,7.143620284512647,0.05547868455358075,0.15106490637647005,0.05548663970413473,0.0,0.01622785337716862,0.39219968628832685,0.7160155292421861,0.0014109143426469257,0.046834159823585284,10000,1,,
scale_only,0.2,2.0,rough,0.2,2.0,0,4.048119342920937,0.019624689877896815,0.2982729486627255,1.7859050711281617,0.014684988719046001,0.014549895551126787,0.003487284492510103,0.0,-0.3464713145190219,0.1189183513477417,0.13017690115250913,0.008449471293573133,0.024408277328668675,10000,1,0.5292828686864639,0.8713607143426803
scale_only,0.2,2.0,rough,0.2,2.0,1,4.048119342920937,0.09408806498470054,0.653100076763116,1.785905071128162,0.07040529972671698,0.06899843985689563,0.01697629838415461,0.0,-0.3441075100664233,0.26531231283409384,0.18010258550715852,-0.001410687473184948,-0.007091992847578624,10000,1,0.47847479195850695,0.858062512163192
scale_only,0.2,2.0,rough,0.2,2.0,2,4.048119342920937,0.1482809418553529,0.8198891407384288,1.7859050711281617,0.1109573691071615,0.10898050350800863,0.026387615254064415,0.0,-0.3397520835811064,0.32860898163983565,0.18797597511074304,0.0015233342714844659,0.008730504681484681,10000,1,0.4755670084684922,0.8378614086862316
scale_only,0.2,2.0,heston_reference,0.5,1.0,0,4.048119342920937,0.019624689877896815,0.14913647433136276,7.143620284512647,0.0073424943595230005,0.01902188345577282,0.0065886970820812595,0.0,0.007450689204873805,0.13647430896336538,0.42370789713520596,-0.007498402495108318,0.04467941830395264,10000,1,,
scale_only,0.2,2.0,heston_reference,0.5,1.0,1,4.048119342920937,0.09408806498470054,0.326550038381558,7.143620284512648,0.03520264986335849,0.09345140427099735,0.03548002667949702,0.0,-0.00242566238850185,0.30919928218893566,0.3455020978189278,-0.0031406191005181306,0.05286771194263691,10000,1,,
scale_only,0.2,2.0,heston_reference,0.5,1.0,2,4.048119342920937,0.1482809418553529,0.4099445703692144,7.143620284512647,0.05547868455358075,0.15106490637647005,0.05548663970413473,0.0,0.01622785337716862,0.39219968628832685,0.7160155292421861,0.0014109143426469257,0.046834159823585284,10000,1,,
scale_only,0.2,3.5,rough,0.2,3.5,0,4.048119342920937,0.019624689877896815,0.5219776601597697,0.5831526762867467,0.025698730258330502,0.004906640353090538,0.003634865021230382,0.0189,-0.3264653684892771,0.06899407289695034,1.4001203562896425,0.0028225091113314588,0.15438436735936334,10000,1,0.5516819146407304,0.5055462337271907
scale_only,0.2,3.5,rough,0.2,3.5,1,4.048119342920937,0.09408806498470054,1.142925134335453,0.5831526762867468,0.12320927452175473,0.02063408706168737,0.016617648260532088,0.0248,-0.31660022445256625,0.14698828507160208,2.0117841268463152,-0.001705195276430401,0.15290766143178233,10000,1,0.4683662842377453,0.4753836555861897
scale_only,0.2,3.5,rough,0.2,3.5,2,4.048119342920937,0.1482809418553529,1.4348059962922504,0.5831526762867466,0.19417539593753264,0.03659632521926795,0.028416458781577843,0.024,-0.3175884842184926,0.18949748801670283,1.7831953261991078,0.0034311272094364547,0.1501744645454603,10000,1,0.5121315497406184,0.48316583271663593
scale_only,0.2,3.5,heston_reference,0.5,1.0,0,4.048119342920937,0.019624689877896815,0.14913647433136276,7.143620284512647,0.0073424943595230005,0.01902188345577282,0.0065886970820812595,0.0,0.007450689204873805,0.13647430896336538,0.42370789713520596,-0.007498402495108318,0.04467941830395264,10000,1,,
scale_only,0.2,3.5,heston_reference,0.5,1.0,1,4.048119342920937,0.09408806498470054,0.326550038381558,7.143620284512648,0.03520264986335849,0.09345140427099735,0.03548002667949702,0.0,-0.00242566238850185,0.30919928218893566,0.3455020978189278,-0.0031406191005181306,0.05286771194263691,10000,1,,
scale_only,0.2,3.5,heston_reference,0.5,1.0,2,4.048119342920937,0.1482809418553529,0.4099445703692144,7.143620284512647,0.05547868455358075,0.15106490637647005,0.05548663970413473,0.0,0.01622785337716862,0.39219968628832685,0.7160155292421861,0.0014109143426469257,0.046834159823585284,10000,1,,
matched_marginal,0.2,1.0,rough,0.2,1.0,0,0.8264460300656211,0.07954000357808652,0.20976799501719154,2.9878008417587036,0.046016097392355675,0.06736093159930132,0.0046939991852107555,0.0,-0.3491818281157255,0.2611851857133468,0.090506160573943,-0.005113533465574934,0.01609613650685935,10000,4,0.08924926252423324,0.938924529930177
matched_marginal,0.2,1.0,rough,0.2,1.0,1,4.610627357891107,0.07954000357808652,0.4954638690779069,2.987800841758704,0.04601609739235567,0.06662692602993973,0.008152084054016177,0.0,-0.33888847739814837,0.2563933657657696,0.15510527647444006,0.0027642237960568443,-0.003263584953961734,10000,4,0.18119579726286122,0.9124135390397458
matched_marginal,0.2,1.0,rough,0.2,1.0,2,14.880018738263567,0.07954000357808652,0.8900895808684465,2.987800841758704,0.04601609739235567,0.06696036492764237,0.011344371951499878,0.0,-0.3413951958951375,0.25934837468366206,0.03712222154407252,0.0008530196329101672,0.00808000768049621,10000,4,0.2709188382593672,0.9320654327698206
matched_marginal,0.2,1.0,heston_reference,0.5,1.0,0,0.8264460300656211,0.07954000357808652,0.20976799501719154,2.9878008417587036,0.046016097392355675,0.07849552370769633,0.05259426299389562,0.0,0.0050787417683963625,0.2781748451419943,1.5355840796666786,-0.0174749443812253,0.12125325339424964,10000,4,,
matched_marginal,0.2,1.0,heston_reference,0.5,1.0,1,4.610627357891107,0.07954000357808652,0.4954638690779069,2.987800841758704,0.04601609739235567,0.07837374730766124,0.04499046985173683,0.0,-9.394423547831517e-05,0.2810056567503442,0.8555311349876553,0.017164336690288655,0.12199242149916414,10000,4,,
matched_marginal,0.2,1.0,heston_reference,0.5,1.0,2,14.880018738263567,0.07954000357808652,0.8900895808684465,2.987800841758704,0.04601609739235567,0.07729480864613017,0.0418736918568919,0.0,-0.029782816573266896,0.27825125314749205,0.7573683719971007,-0.006845967280504775,0.11087852660576517,10000,4,,
matched_marginal,0.35,1.0,rough,0.35,1.0,0,0.8264460300656211,0.07954000357808652,0.20976799501719154,2.9878008417587036,0.046016097392355675,0.07105446997027141,0.014272982995402533,0.0,-0.19877350349675268,0.2684241753300759,0.2078638657510865,-0.006126247908572882,0.03200773692018258,10000,4,0.2713790855299015,0.9649476939335001
matched_marginal,0.35,1.0,rough,0.35,1.0,1,4.610627357891107,0.07954000357808652,0.4954638690779069,2.987800841758704,0.04601609739235567,0.06852961019955851,0.018907208346413473,0.0,-0.1879092135296883,0.25973149182557637,0.3066640940819587,0.004772228276083388,0.021248403005482152,10000,4,0.4202491862992529,0.9242927520720032
matched_marginal,0.35,1.0,rough,0.35,1.0,2,14.880018738263567,0.07954000357808652,0.8900895808684465,2.987800841758704,0.04601609739235567,0.06976855831881244,0.02140225899556506,0.0,-0.20278343756772238,0.26427737053724354,0.2017209939364184,-0.00014044180162106737,0.031612821185048906,10000,4,0.511114689115775,0.9497796238033781
matched_marginal,0.35,1.0,heston_reference,0.5,1.0,0,0.8264460300656211,0.07954000357808652,0.20976799501719154,2.9878008417587036,0.046016097392355675,0.07849552370769633,0.05259426299389562,0.0,0.0050787417683963625,0.2781748451419943,1.5355840796666786,-0.0174749443812253,0.12125325339424964,10000,4,,
matched_marginal,0.35,1.0,heston_reference,0.5,1.0,1,4.610627357891107,0.07954000357808652,0.4954638690779069,2.987800841758704,0.04601609739235567,0.07837374730766124,0.04499046985173683,0.0,-9.394423547831517e-05,0.2810056567503442,0.8555311349876553,0.017164336690288655,0.12199242149916414,10000,4,,
matched_marginal,0.35,1.0,heston_reference,0.5,1.0,2,14.880018738263567,0.07954000357808652,0.8900895808684465,2.987800841758704,0.04601609739235567,0.07729480864613017,0.0418736918568919,0.0,-0.029782816573266896,0.27825125314749205,0.7573683719971007,-0.006845967280504775,0.11087852660576517,10000,4,,
