market,rule,mean_annualized_pct,volatility_annualized_pct,sharpe,max_drawdown_pct,turnover,sharpe_difference,sharpe_standard_error,p_hac,p_value,sharpe_resamples
us,buy_and_hold,10.600091220068416,19.42649169627452,0.5456513397167451,-55.77101353385597,,,,,,
us,hmm,10.173709036847207,17.351749034043515,0.5863218178690085,-39.89783237250215,0.11711090849597426,0.020710854740469648,0.06617108576776679,0.7542886429995104,0.7762237762237763,1000.0
us,statistics,9.527772310126739,16.845039752088354,0.5656129311861992,-33.74128060473956,0.06666252271369075,,,,,
us,statistics_logsig,8.741453664591674,18.654075335015296,0.46860825356393937,-48.27852213440338,0.06853543137262312,-0.09701389640846465,0.08322464672730949,0.24374098098470154,0.3196803196803197,1000.0
us,b3_rawsig,10.549406851124328,17.333781347739233,0.6086038954506737,-37.246441144154396,0.06073759039915281,0.04299504988712722,0.05466110711637386,0.43153081067189913,0.45454545454545453,1000.0
us,statistics_rawsig,10.824363386306143,17.331953767464096,0.6245322097861732,-36.92845133506245,0.059703347993835115,0.05892487796122206,0.045908954504162484,0.19931135532514532,0.2077922077922078,1000.0
us,b3_logsig,9.779290543555396,16.83538884766571,0.5808770223273657,-36.36167828912596,0.06372228080703832,0.015265541755676086,0.05290486712270191,0.7729280434172241,0.7632367632367633,1000.0
developed_ex_us,buy_and_hold,5.798724573941726,15.731268674353675,0.3686113748343294,-60.22594101648539,,,,,,
developed_ex_us,hmm,6.499680343062226,15.749243678779859,0.4126979349376462,-47.99813707867033,0.08548604298240978,0.0029448665093028932,0.051462117684732266,0.9543667867634849,0.945054945054945,1000.0
developed_ex_us,statistics,6.231826384933916,15.208726331102643,0.4097533382653815,-46.61157353015476,0.05460619168285051,,,,,
developed_ex_us,statistics_logsig,7.2873746326554265,15.44918988031116,0.47169946703436166,-45.11859372275825,0.05953405384531468,0.061951805390185084,0.041495448501525894,0.1354428594990129,0.13486513486513488,1000.0
developed_ex_us,b3_rawsig,8.415910671358912,16.02088420129554,0.5253087511036596,-51.23447524706719,0.08074721533400922,0.11556600210866354,0.0700839192811196,0.09915459435894136,0.1018981018981019,1000.0
developed_ex_us,statistics_rawsig,8.912679872181206,16.420139106920786,0.5427895472837181,-45.81715743893299,0.058520779177502806,0.13304840019444628,0.055734826917444434,0.01697872640626885,0.015984015984015984,1000.0
developed_ex_us,b3_logsig,7.092948561910092,14.995025285829172,0.4730201134514377,-43.26606548561311,0.07117447678731684,0.06327257282869718,0.049677608641207294,0.20278258357094914,0.1888111888111888,1000.0
