market,model,reference,score,improvement,ci_low,ci_high,p_value,dm_statistic,p_dm,p_holm
us,har_statistics,har,balanced_accuracy,-0.44325989919875575,-2.135836280682498,1.2918030506965137,0.624,,,1.0
us,har_statistics,har,rps,0.0018417147756628917,-0.003067589669729085,0.006852821192397794,0.4351272512084612,0.7804479536593522,0.4351272512084612,0.8702545024169224
us,har_statistics,har,log_score,0.008608996556426546,-0.015385614492523948,0.031687965459542285,0.4295758312379534,0.7899177042357893,0.4295758312379534,1.0
us,har_statistics,har,brier,0.003990361088399081,-0.008756636270101103,0.016239315542407727,0.5005581407228663,0.6736118132984628,0.5005581407228663,1.0
us,har_logsig,har,balanced_accuracy,2.272097548763796,0.39308401690052663,4.13189315258343,0.0165,,,0.0825
us,har_logsig,har,rps,0.00824744512540925,0.0014783497478498518,0.01579501995058456,0.020107197790249165,2.324341508421053,0.020107197790249165,0.09718951167526968
us,har_logsig,har,log_score,0.02531809816844684,-0.00954505680532966,0.0720139138991904,0.1956054322873908,1.2941736904951888,0.1956054322873908,0.7824217291495632
us,har_logsig,har,brier,0.020537856770838064,0.005137925450113039,0.03806939669914248,0.012857116878207009,2.4877026822750734,0.012857116878207009,0.06428558439103504
us,har_rawsig,har,balanced_accuracy,2.706956578021824,0.5350457830993215,4.73091016540133,0.006500000000000001,,,0.03900000000000001
us,har_rawsig,har,rps,0.010242190532282572,0.003625075553020919,0.01655927318159366,0.0007552901400040835,3.3686801748444815,0.0007552901400040835,0.004531740840024501
us,har_rawsig,har,log_score,0.036111266627662376,0.0057528188088634274,0.06609621303967855,0.015506104668156162,2.420337578123517,0.015506104668156162,0.09303662800893697
us,har_rawsig,har,brier,0.02598805949203491,0.00829120365180868,0.042125441436963666,0.0009814691401119902,3.2957855206879834,0.0009814691401119902,0.005888814840671941
developed_ex_us,har_statistics,har,balanced_accuracy,-1.3237180919648428,-2.9201584457266225,0.33106733240592623,0.11599999999999999,,,0.46399999999999997
developed_ex_us,har_statistics,har,rps,0.0012782801291404899,-0.0031969934591223287,0.005998118249353805,0.570794978102803,0.5668810818274971,0.570794978102803,0.8702545024169224
developed_ex_us,har_statistics,har,log_score,0.008656658061539474,-0.012678611235386262,0.029814827684383156,0.4047261385186176,0.8332102930485782,0.4047261385186176,1.0
developed_ex_us,har_statistics,har,brier,0.0030935133412632147,-0.007952657986411866,0.014216149771967855,0.5649687397271759,0.575477002493773,0.5649687397271759,1.0
developed_ex_us,har_logsig,har,balanced_accuracy,-0.31729350199884987,-1.9531948571178543,1.4249986873800837,0.707,,,1.0
developed_ex_us,har_logsig,har,rps,0.0047034875303445115,0.0005712588438897687,0.008788044710825045,0.019437902335053936,2.3370246512656894,0.019437902335053936,0.09718951167526968
developed_ex_us,har_logsig,har,log_score,0.020151481005840775,0.002185196313406239,0.038638205593142454,0.024144865853318764,2.2548162342076226,0.024144865853318764,0.12072432926659382
developed_ex_us,har_logsig,har,brier,0.010578381488729102,-0.0003020478541798481,0.021157294841784597,0.03451556585987814,2.1139965046410985,0.03451556585987814,0.13806226343951256
developed_ex_us,har_rawsig,har,balanced_accuracy,-1.340413767455173,-3.691165258927033,1.148673745713634,0.27749999999999997,,,0.8324999999999999
developed_ex_us,har_rawsig,har,rps,0.0032771567367343457,-0.0029738393037074947,0.009546010139915186,0.26558772569897204,1.1132810891322726,0.26558772569897204,0.7967631770969161
developed_ex_us,har_rawsig,har,log_score,0.011982776718027215,-0.014646321604633118,0.04624111900474768,0.3976137816528116,0.8458905913936485,0.3976137816528116,1.0
developed_ex_us,har_rawsig,har,brier,0.008164336970512744,-0.005655663338376561,0.02309059766174671,0.2485023771906958,1.15399461373075,0.2485023771906958,0.7455071315720874
