market,year,model,penalty
us,2005,har_statistics,10.0
us,2005,har_logsig,0.1
us,2005,har_rawsig,100.0
us,2006,har_statistics,1.0
us,2006,har_logsig,0.1
us,2006,har_rawsig,100.0
us,2007,har_statistics,inf
us,2007,har_logsig,0.1
us,2007,har_rawsig,100.0
us,2008,har_statistics,10000.0
us,2008,har_logsig,100.0
us,2008,har_rawsig,1000.0
us,2009,har_statistics,10000.0
us,2009,har_logsig,1000.0
us,2009,har_rawsig,1000.0
us,2010,har_statistics,1000.0
us,2010,har_logsig,100.0
us,2010,har_rawsig,10000.0
us,2011,har_statistics,1000.0
us,2011,har_logsig,10.0
us,2011,har_rawsig,1000.0
us,2012,har_statistics,10.0
us,2012,har_logsig,100.0
us,2012,har_rawsig,100.0
us,2013,har_statistics,0.1
us,2013,har_logsig,0.1
us,2013,har_rawsig,0.1
us,2014,har_statistics,1000.0
us,2014,har_logsig,0.1
us,2014,har_rawsig,1000.0
us,2015,har_statistics,0.1
us,2015,har_logsig,0.1
us,2015,har_rawsig,100.0
us,2016,har_statistics,10.0
us,2016,har_logsig,0.1
us,2016,har_rawsig,10.0
us,2017,har_statistics,10.0
us,2017,har_logsig,0.1
us,2017,har_rawsig,10.0
us,2018,har_statistics,10000.0
us,2018,har_logsig,0.1
us,2018,har_rawsig,0.1
us,2019,har_statistics,100000.0
us,2019,har_logsig,0.1
us,2019,har_rawsig,10.0
us,2020,har_statistics,inf
us,2020,har_logsig,0.1
us,2020,har_rawsig,100.0
us,2021,har_statistics,inf
us,2021,har_logsig,1000.0
us,2021,har_rawsig,10000.0
us,2022,har_statistics,0.1
us,2022,har_logsig,1000.0
us,2022,har_rawsig,100.0
us,2023,har_statistics,1000.0
us,2023,har_logsig,1000.0
us,2023,har_rawsig,1000.0
us,2024,har_statistics,1.0
us,2024,har_logsig,0.1
us,2024,har_rawsig,1.0
us,2025,har_statistics,0.1
us,2025,har_logsig,0.1
us,2025,har_rawsig,10.0
developed_ex_us,2005,har_statistics,100.0
developed_ex_us,2005,har_logsig,1000.0
developed_ex_us,2005,har_rawsig,1000.0
developed_ex_us,2006,har_statistics,10.0
developed_ex_us,2006,har_logsig,100.0
developed_ex_us,2006,har_rawsig,100.0
developed_ex_us,2007,har_statistics,inf
developed_ex_us,2007,har_logsig,1000.0
developed_ex_us,2007,har_rawsig,1000.0
developed_ex_us,2008,har_statistics,inf
developed_ex_us,2008,har_logsig,10000.0
developed_ex_us,2008,har_rawsig,1000.0
developed_ex_us,2009,har_statistics,10000.0
developed_ex_us,2009,har_logsig,1000.0
developed_ex_us,2009,har_rawsig,0.1
developed_ex_us,2010,har_statistics,1000.0
developed_ex_us,2010,har_logsig,10000.0
developed_ex_us,2010,har_rawsig,10000.0
developed_ex_us,2011,har_statistics,10000.0
developed_ex_us,2011,har_logsig,10000.0
developed_ex_us,2011,har_rawsig,10000.0
developed_ex_us,2012,har_statistics,10000.0
developed_ex_us,2012,har_logsig,inf
developed_ex_us,2012,har_rawsig,inf
developed_ex_us,2013,har_statistics,0.1
developed_ex_us,2013,har_logsig,1000.0
developed_ex_us,2013,har_rawsig,100.0
developed_ex_us,2014,har_statistics,0.1
developed_ex_us,2014,har_logsig,0.1
developed_ex_us,2014,har_rawsig,100.0
developed_ex_us,2015,har_statistics,0.1
developed_ex_us,2015,har_logsig,0.1
developed_ex_us,2015,har_rawsig,0.1
developed_ex_us,2016,har_statistics,0.1
developed_ex_us,2016,har_logsig,0.1
developed_ex_us,2016,har_rawsig,0.1
developed_ex_us,2017,har_statistics,1000.0
developed_ex_us,2017,har_logsig,0.1
developed_ex_us,2017,har_rawsig,0.1
developed_ex_us,2018,har_statistics,1000.0
developed_ex_us,2018,har_logsig,0.1
developed_ex_us,2018,har_rawsig,0.1
developed_ex_us,2019,har_statistics,100.0
developed_ex_us,2019,har_logsig,0.1
developed_ex_us,2019,har_rawsig,1.0
developed_ex_us,2020,har_statistics,0.1
developed_ex_us,2020,har_logsig,10.0
developed_ex_us,2020,har_rawsig,10.0
developed_ex_us,2021,har_statistics,100000.0
developed_ex_us,2021,har_logsig,10000.0
developed_ex_us,2021,har_rawsig,1000.0
developed_ex_us,2022,har_statistics,inf
developed_ex_us,2022,har_logsig,100.0
developed_ex_us,2022,har_rawsig,100.0
developed_ex_us,2023,har_statistics,0.1
developed_ex_us,2023,har_logsig,1000.0
developed_ex_us,2023,har_rawsig,1000.0
developed_ex_us,2024,har_statistics,0.1
developed_ex_us,2024,har_logsig,0.1
developed_ex_us,2024,har_rawsig,1.0
developed_ex_us,2025,har_statistics,0.1
developed_ex_us,2025,har_logsig,0.1
developed_ex_us,2025,har_rawsig,0.1
