replication,seed,representation,regime,recall,precision,f1,prevalence,predicted_proportion,prediction_excess,roc_auc,pr_auc,brier
1,144269559,statistics,0,0.36516129032258066,0.34307650862068967,0.353774567678311,0.28176126035144416,0.2998990103009493,0.018137749949505122,0.573718232801545,0.35630091945120484,0.20194949963845601
1,144269559,statistics,1,0.28324697754749567,0.39672087085069213,0.3305155908861893,0.4210058574025449,0.300585740254494,-0.1204201171480509,0.49168823301951714,0.4141786767515624,0.2555584181885979
1,144269559,statistics,2,0.466838814895352,0.3473205257836198,0.3983070500927644,0.2972328822460109,0.39951524944455663,0.10228236719854572,0.6030306469032045,0.3782922115423059,0.20392897597681198
1,144269559,signature,0,0.6560573476702509,0.33027787802237457,0.43936629860777726,0.28176126035144416,0.5596849121389619,0.2779236517875177,0.6216346626026585,0.39416073236952587,0.19808232797401984
1,144269559,signature,1,0.1303972366148532,0.4276274386406545,0.1998529411764706,0.4210058574025449,0.12837810543324582,-0.29262775196929913,0.5139945115002674,0.4270394474321394,0.2520216727186173
1,144269559,signature,2,0.4149225332970916,0.3953638953638954,0.40490716180371356,0.2972328822460109,0.3119369824277924,0.014704100181781476,0.6270609497161901,0.42051761463575843,0.20231228401385276
1,144269559,combined,0,0.436989247311828,0.3563661873027008,0.39258114374034003,0.28176126035144416,0.345505958392244,0.06374469804079985,0.5981790582628783,0.37434998107059536,0.19917447400315808
1,144269559,combined,1,0.2679907887161773,0.4164305949008499,0.3261136085002043,0.4210058574025449,0.27093516461320943,-0.1500706927893355,0.5001132358207899,0.4194689714497418,0.2538935200879189
1,144269559,combined,2,0.494563740146779,0.38325434439178513,0.4318518958049012,0.2972328822460109,0.38355887699454655,0.08632599474853564,0.6334903027195533,0.40856984177081246,0.2018700005951824
2,74865246,statistics,0,0.30894816665179764,0.5734393111442292,0.4015538033395176,0.4527974146637043,0.24395071702686327,-0.20884669763684105,0.6095360749546386,0.5619730992390591,0.25195714337166564
2,74865246,statistics,1,0.3331849213416444,0.2745505686682157,0.30103922225947033,0.2721874368814381,0.3303171076550192,0.05812967077358111,0.5024406593798907,0.2771646157721096,0.20430607874437542
2,74865246,statistics,2,0.5179200940070505,0.33456684694942596,0.4065256240272093,0.2750151484548576,0.4257321753181176,0.15071702686326,0.6090574286594088,0.3724990681496243,0.19590800822654048
2,74865246,signature,0,0.48755464358997236,0.5556685307574988,0.5193879490591142,0.4527974146637043,0.3972934760654413,-0.055503938598263025,0.6452393451050447,0.5740581373702668,0.2492421404855137
2,74865246,signature,1,0.2914811516770555,0.28608885651857247,0.288759832389914,0.2721874368814381,0.2773177135932135,0.0051302767117754056,0.5297305208251835,0.30448570600694497,0.20170439934721274
2,74865246,signature,2,0.4640129259694477,0.39217877094972065,0.42508241943080133,0.2750151484548576,0.3253888103413452,0.05037366188648762,0.6551890744761784,0.4338932870167011,0.19217640834041816
2,74865246,combined,0,0.32117048800071374,0.5793369810106211,0.41324685760202035,0.4527974146637043,0.251019995960412,-0.2017774187032923,0.6292292014981264,0.5720498222997996,0.24995808738889935
2,74865246,combined,1,0.319531018106263,0.2787776770684967,0.2977664061959754,0.2721874368814381,0.3119773783074126,0.03978994142597453,0.5171527713354985,0.28664201010323254,0.2032439727530387
2,74865246,combined,2,0.5593419506462984,0.3520059160658162,0.43208895949166004,0.2750151484548576,0.4370026257321753,0.16198747727731772,0.6321082495023701,0.39660969783158434,0.19405308849746367
3,1276543517,statistics,0,0.37012342176195207,0.4024992286331379,0.3856329909097628,0.28475055544334477,0.26184609169864675,-0.02290446374469801,0.6020011650706916,0.39290765257449367,0.1998500850683363
3,1276543517,statistics,1,0.35344827586206895,0.4607323232323232,0.40002192501644374,0.41704706119975765,0.3199353665926076,-0.09711169460715008,0.5428358050390412,0.4490833209102811,0.2506344991001328
3,1276543517,statistics,2,0.5391492820373882,0.38442963392253454,0.4488299971807161,0.2982023833568976,0.41821854170874573,0.12001615835184815,0.6348534504606196,0.4125664607882023,0.2006959957409646
3,1276543517,signature,0,0.444743935309973,0.34875959506062965,0.39094650205761317,0.28475055544334477,0.3631185619066855,0.07836800646334074,0.6018475630967921,0.3728387379196212,0.20012649423199239
3,1276543517,signature,1,0.3473459899263851,0.4707272249934366,0.3997324712963995,0.41704706119975765,0.30773581094728336,-0.10931125025247429,0.5527969157887453,0.4543348656538031,0.24844918568462587
3,1276543517,signature,2,0.4403955567596857,0.39899361806578304,0.4186735350933677,0.2982023833568976,0.32914562714603113,0.030943243789133545,0.6360995996443938,0.43351936431671034,0.20000510701751983
3,1276543517,combined,0,0.37721662647183996,0.4028787878787879,0.3896256135980658,0.28475055544334477,0.26661280549383964,-0.018137749949505122,0.6127074013236514,0.40362905305576685,0.19847468653238873
3,1276543517,combined,1,0.36788066640836886,0.4710405556244574,0.4131179637787567,0.41704706119975765,0.3257119773783074,-0.09133508382145022,0.5489529850272017,0.4536948873121977,0.24956233181207613
3,1276543517,combined,2,0.5344080195069087,0.3909036860879905,0.45152798443401626,0.2982023833568976,0.407675217127853,0.1094728337709554,0.6468653428418861,0.43374585571717195,0.1991691821662165
4,2351855581,statistics,0,0.4208566108007449,0.36718115353371245,0.39219088937093277,0.26031104827307616,0.2983639668753787,0.03805291860230253,0.6295457440774052,0.335992808463114,0.19410950257203713
4,2351855581,statistics,1,0.3286020353508302,0.3278119155757414,0.3282064999331283,0.3016764290042416,0.3024035548374066,0.0007271258331650321,0.495078165247599,0.3117134177132942,0.21734261222424228
4,2351855581,statistics,2,0.4980171539241907,0.5463927957098047,0.5210846280034739,0.43801252272268226,0.3992324782872147,-0.038780044435467564,0.6287078693933494,0.581855550562772,0.2415603331775686
4,2351855581,signature,0,0.2223774053382992,0.3113187051922659,0.2594369512084729,0.26031104827307616,0.185942233892143,-0.07436881438093315,0.5790741411384466,0.3155356603326379,0.19543032848102818
4,2351855581,signature,1,0.48982324584895554,0.29313246253706227,0.36677194565598836,0.3016764290042416,0.5041001817814583,0.20242375277721675,0.49108564603084337,0.3110021031607464,0.21525102841425536
4,2351855581,signature,2,0.3747117956285161,0.5295190929232373,0.43886368546122273,0.43801252272268226,0.3099575843263987,-0.12805493839628357,0.58826801973719,0.5389764005677705,0.24898729181901766
4,2351855581,combined,0,0.3659217877094972,0.3475313190862196,0.3564895305767632,0.26031104827307616,0.2740860432235912,0.01377499495051504,0.6229718606593757,0.32899587106590833,0.1935863107202273
4,2351855581,combined,1,0.3407873594001071,0.320005029548598,0.330069385902341,0.3016764290042416,0.32126843062007676,0.019592001615835186,0.49061375352290787,0.3118107905993736,0.2168103667435497
4,2351855581,combined,2,0.50770082080605,0.5495657382449836,0.5278044103547459,0.43801252272268226,0.40464552615633204,-0.03336699656635023,0.635248739696702,0.588119214632907,0.24084288500828055
5,181029087,statistics,0,0.2125532308831698,0.546536538919305,0.30607211890955144,0.43635629165825085,0.16970309028479094,-0.26665320137345994,0.5402201047813691,0.48987982224603255,0.25517696399939865
5,181029087,statistics,1,0.2638182033376731,0.418984962406015,0.3237707894545719,0.341304786911735,0.21490607957988286,-0.12639870733185213,0.538980624390349,0.3943883981368336,0.22309509758691703
5,181029087,statistics,2,0.6740552325581395,0.2435341998162006,0.35779728035490405,0.22233892143001413,0.6153908301353262,0.39305190870531215,0.5628234645844432,0.2559329216469215,0.18496654892175288
5,181029087,signature,0,0.2803184595445288,0.5029900332225914,0.3600047556770895,0.43635629165825085,0.24318319531407798,-0.19317309634417287,0.5684826037972613,0.5033874529630104,0.25283368021119135
5,181029087,signature,1,0.10983548348917031,0.382522671063479,0.17066666666666666,0.341304786911735,0.09800040395879621,-0.24330438295293877,0.5213694850105823,0.36777315471270233,0.22442022007159404
5,181029087,signature,2,0.7182049418604651,0.24238150714329512,0.36244441388163023,0.22233892143001413,0.6588164007271259,0.4364774792971118,0.5791723821655897,0.2749498032099813,0.18341068363081264
5,181029087,combined,0,0.22810590631364563,0.5611478023229333,0.32435990258671754,0.43635629165825085,0.1773783074126439,-0.2589779842456069,0.562600718844082,0.5063945090072784,0.25288212925997383
5,181029087,combined,1,0.2020357438750148,0.43746796514607894,0.27641486519310177,0.341304786911735,0.1576247222783276,-0.18368006463340739,0.5341421876327626,0.39069053008492305,0.22319023612236155
5,181029087,combined,2,0.7242005813953488,0.24213339812902443,0.3629245197122826,0.22233892143001413,0.6649969703090285,0.4426580488790144,0.5736841536018062,0.27047341693062293,0.1839566022396233
6,723582294,statistics,0,0.28296855904899454,0.43125634947511005,0.34171865566512377,0.36360331246212885,0.2385780650373662,-0.12502524742476265,0.5795791743168424,0.43359878645008804,0.2280047555419375
6,723582294,statistics,1,0.34116712079927336,0.3533215755437978,0.34713798879454744,0.35580690769541506,0.3435669561704706,-0.012239951524944448,0.5252289251800084,0.37116423050984304,0.2304187145633996
6,723582294,statistics,2,0.5228908724445724,0.3511214230471771,0.42012724117987277,0.2805897798424561,0.4178549787921632,0.13726519894970712,0.6221783383804638,0.40536485215531637,0.19476502807580764
6,723582294,signature,0,0.3884012887456949,0.46856989679667604,0.42473575507228767,0.36360331246212885,0.30139365784689964,-0.062209654615229204,0.6049853445395323,0.46738525020264726,0.22380689816440688
6,723582294,signature,1,0.2146911898274296,0.43461273270512524,0.28740785773994987,0.35580690769541506,0.17576247222783276,-0.1800444354675823,0.5447004266858765,0.4013698271295943,0.22807311560531263
6,723582294,signature,2,0.5930031672905269,0.3182415205130186,0.41419880335864045,0.2805897798424561,0.5228438699252677,0.24225409008281157,0.5869788860933198,0.3496607332273668,0.19986382537164013
6,723582294,combined,0,0.2884123986223753,0.43447698744769875,0.3466880341880342,0.36360331246212885,0.24136538073116542,-0.12223793173096342,0.5914246307559778,0.44720419350600316,0.2262617563842627
6,723582294,combined,1,0.3249318801089918,0.3553072625698324,0.33944138053727096,0.35580690769541506,0.3253888103413452,-0.030418097354069862,0.5323204897558311,0.37774376307504737,0.22930977417115223
6,723582294,combined,2,0.5421825511085517,0.35114219114219114,0.42623507441570935,0.2805897798424561,0.4332458089274894,0.15265602908503328,0.6242345412757702,0.401883155314065,0.19470538713287888
7,3503254173,statistics,0,0.36064903190619035,0.4085573061476676,0.3831112398609502,0.29626338113512424,0.26152292466168453,-0.03474045647343971,0.6350654723108833,0.41939438898093717,0.1993414129117707
7,3503254173,statistics,1,0.2520692249811889,0.3565726450239489,0.29534934979061056,0.3221167440921026,0.2277115734195112,-0.09440517067259141,0.5138465850376275,0.3364963748193624,0.22036497596815885
7,3503254173,statistics,2,0.6313115274690377,0.4716861752609934,0.5399483952740936,0.3816198747727732,0.5107655019188043,0.12914562714603112,0.6412070929785854,0.5155501779049366,0.22320017547086113
7,3503254173,signature,0,0.3725115898554677,0.4111361926260346,0.3908720223191931,0.29626338113512424,0.26843062007675217,-0.02783276105837207,0.6436413086857626,0.41775996239710017,0.19958425491966947
7,3503254173,signature,1,0.22134436919989967,0.36346787479406917,0.2751363990646921,0.3221167440921026,0.19616239143607353,-0.12595435265602908,0.5252377381905052,0.345086185120985,0.21901902581246505
7,3503254173,signature,2,0.6279242087435165,0.44756299984910214,0.5226201488921193,0.3816198747727732,0.5354069884871743,0.15378711371440107,0.6198302273276883,0.4895762524198054,0.22861201581117538
7,3503254173,combined,0,0.3770111808017453,0.4210446170245165,0.39781310697072153,0.29626338113512424,0.26527974146637046,-0.030983639668753782,0.6422178740517773,0.42426372167381676,0.1988346501478471
7,3503254173,combined,1,0.245422623526461,0.3698733698733699,0.2950621937429325,0.3221167440921026,0.21373459907089476,-0.10838214502120785,0.5165188253277774,0.34046924331904244,0.2199549277660662
7,3503254173,combined,2,0.6423203133269821,0.4704970148096457,0.5431435732187612,0.3816198747727732,0.5209856594627348,0.13936578468996158,0.6469620621353811,0.5121577564017331,0.2232612586134018
8,2754094657,statistics,0,0.33450527373179306,0.4350097975179621,0.3781942078364566,0.3217127852958998,0.24738436679458695,-0.07432841850131286,0.6006852429345192,0.4345544131021831,0.2109688799030488
8,2754094657,statistics,1,0.45513591532355063,0.3406860538399208,0.3896812728489779,0.33585134316299736,0.4486770349424359,0.11282569177943852,0.5075550582990881,0.34059832578549126,0.22642499844069244
8,2754094657,statistics,2,0.3970744367111006,0.4473684210526316,0.42072370476845194,0.34243587154110283,0.3039385982629772,-0.03849727327812563,0.6284737451438562,0.4459169006669268,0.2149690811288317
8,2754094657,signature,0,0.46069814163736816,0.4267271458478716,0.4430624320734211,0.3217127852958998,0.34732377297515654,0.025610987679256736,0.6464185987201474,0.4549564698391971,0.20864372506782045
8,2754094657,signature,1,0.3929516478229492,0.3376395204630012,0.3632017787659811,0.33585134316299736,0.390870531205817,0.05501918804281963,0.4981219759322804,0.3456423763267382,0.22438961823471826
8,2754094657,signature,2,0.36380795092603513,0.47585249189939827,0.41235459286000803,0.34243587154110283,0.26180569581902646,-0.08063017572207637,0.6368464581778586,0.4549423705286134,0.21659087460553775
8,2754094657,combined,0,0.32747363134103463,0.4527777777777778,0.3800641212474497,0.3217127852958998,0.2326802666128055,-0.08903251868309431,0.615607475316011,0.44499037562065696,0.2091978857028909
8,2754094657,combined,1,0.4704113543420736,0.3437939521800281,0.39725749111223974,0.33585134316299736,0.45954352656029085,0.12369218339729349,0.5106942273095051,0.3420051067870558,0.22509043445271654
8,2754094657,combined,2,0.4052141087648932,0.4508465677910487,0.4268141153081511,0.34243587154110283,0.30777620682690365,-0.03465966471419918,0.637198219105134,0.4531286374611523,0.21431317490701768
9,3296097850,statistics,0,0.4487405319711115,0.5743433660241235,0.503831891223733,0.4586548172086447,0.3583518481114926,-0.10030296909715208,0.6371897657699663,0.6265300441180778,0.2410566289652802
9,3296097850,statistics,1,0.3106493506493507,0.31440588853838064,0.31251633133002354,0.31104827307614624,0.3073318521510806,-0.0037164209250656333,0.5280013668536095,0.3255080668489487,0.21390523537851883
9,3296097850,statistics,2,0.4751797930187686,0.32733204446592556,0.38763683193818416,0.23029690971520905,0.33431629973742677,0.10401939002221772,0.6411405967809765,0.32041369370336326,0.17674276999631558
9,3296097850,signature,0,0.42865950325876345,0.603322176769555,0.5012100303794861,0.4586548172086447,0.32587356089678854,-0.13278125631185617,0.654291282556597,0.6396618971533448,0.2409104388222858
9,3296097850,signature,1,0.3501298701298701,0.30528818933303137,0.3261750650293388,0.31104827307614624,0.3567360129266815,0.04568773985053526,0.5148197656931166,0.3216960747973755,0.21368777270319775
9,3296097850,signature,2,0.4502718821259428,0.32671503118238515,0.37866942026847616,0.23029690971520905,0.31739042617653,0.08709351646132096,0.6600631230653149,0.33009334237654125,0.17695444330315344
9,3296097850,combined,0,0.4498855029064647,0.5803885922054312,0.506871743984123,0.4586548172086447,0.35552413653807313,-0.10313068067057157,0.6425355233586414,0.6303867284631958,0.24016819619309693
9,3296097850,combined,1,0.3031168831168831,0.30901628491989935,0.3060381564282436,0.31104827307614624,0.3051100787719653,-0.005938194304180966,0.5223173917844102,0.3164258020654795,0.21388662463881955
9,3296097850,combined,2,0.48289773723908086,0.3276990834424473,0.39044107218834206,0.23029690971520905,0.33936578468996165,0.1090688749747526,0.6454473955399647,0.3231580100584621,0.1762621095679479
10,1583734078,statistics,0,0.379445492814632,0.3853183962264151,0.38235939442697287,0.27828721470410017,0.2740456473439709,-0.004241567360129261,0.6118249383724457,0.34795698509165696,0.2047767993537881
10,1583734078,statistics,1,0.21378672693651118,0.434719030708168,0.286619378830659,0.39321349222379315,0.19337507574227428,-0.19983841648151887,0.4879818415166647,0.3818075972574132,0.2483549403632274
10,1583734078,statistics,2,0.6511313330054107,0.4016231796116505,0.49680990805029085,0.3284992930721066,0.5325792769137548,0.20407998384164822,0.6346679986266428,0.46340816464059065,0.21243715650201142
10,1583734078,signature,0,0.47176658440992886,0.35021551724137934,0.40200383449811367,0.27828721470410017,0.3748737628761866,0.09658654817208645,0.6001699284314219,0.34069315282857104,0.2016997567097976
10,1583734078,signature,1,0.12492295048284364,0.3660445514750151,0.18627450980392157,0.39321349222379315,0.13419511209856594,-0.2590183801252272,0.48104374306079023,0.37409525727941095,0.24718568857653764
10,1583734078,signature,2,0.6045253320216429,0.4045091746893771,0.4846931229972886,0.3284992930721066,0.49093112502524744,0.16243183195314082,0.6385145090959761,0.4755314009568561,0.21066315928528026
10,1583734078,combined,0,0.4103643489621135,0.38094596415577414,0.39510831586303286,0.27828721470410017,0.29977782266208847,0.021490607957988295,0.6153182226870226,0.35315611421632664,0.20350663741586714
10,1583734078,combined,1,0.16611875898911033,0.4120795107033639,0.23678430224044517,0.39321349222379315,0.15851343162997375,-0.2347000605938194,0.4898171051726815,0.3783880352528898,0.2480801281505183
10,1583734078,combined,2,0.6719134284308903,0.40745712155108127,0.5072880883854796,0.3284992930721066,0.5417087457079378,0.2132094526358312,0.6564239749363203,0.4862531460654908,0.21080839509281057
11,3586357180,statistics,0,0.43971344970235093,0.45839907436625643,0.4488618807292203,0.4003635629165825,0.3840436275499899,-0.016319935366592597,0.5703643795992905,0.4350207379265656,0.2507905453787088
11,3586357180,statistics,1,0.25736118186449314,0.4366464995678479,0.32384615384615384,0.39648555847303574,0.23369016360331246,-0.16279539486972328,0.5132525414955799,0.43184266556423134,0.2470764387539996
11,3586357180,statistics,2,0.5343010538874527,0.28394800803127973,0.37082528291471156,0.20315087861038175,0.38226620884669765,0.1791153302363159,0.6200878965671416,0.2827361270850971,0.17443801626088923
11,3586357180,signature,0,0.295328422964383,0.48133530669297814,0.36605802901450724,0.4003635629165825,0.24564734397091498,-0.1547162189456675,0.5810709385207137,0.4489981090321653,0.2456784065251708
11,3586357180,signature,1,0.1892002037697402,0.4084011436111722,0.25859908090795153,0.39648555847303574,0.18368006463340739,-0.21280549383962835,0.4870243514386976,0.39889800370083073,0.24497488650886476
11,3586357180,signature,2,0.7086896003181548,0.25228286260352517,0.37210273543537276,0.20315087861038175,0.5706725913956776,0.3675217127852959,0.6257855759720459,0.30161953726325097,0.17604301564974809
11,3586357180,combined,0,0.42922005852083545,0.46198957428323195,0.44500235367958574,0.4003635629165825,0.37196525954352655,-0.028398303373055933,0.577117645889701,0.4416904349782512,0.2493248583551986
11,3586357180,combined,1,0.2521650534895568,0.4295383547379382,0.31777620851255056,0.39648555847303574,0.23276105837204605,-0.16372450010098968,0.5110237281269756,0.4349982449156946,0.2462928341438832
11,3586357180,combined,2,0.5321137403062239,0.2734798160449668,0.3612798703928716,0.20315087861038175,0.39527368208442737,0.19212280347404562,0.6222486028363888,0.28887515852499146,0.17434973493663194
12,1435443221,statistics,0,0.3222319602687701,0.402701715954728,0.35800064913988966,0.2765501918804282,0.2212886285598869,-0.055261563320541274,0.6006630324270426,0.3971003353053766,0.19558588518092865
12,1435443221,statistics,1,0.27132595031427714,0.5448534936138242,0.3622558569359109,0.5398505352454049,0.268834578872955,-0.27101595637244996,0.5109833437872981,0.5495427051747471,0.2926804179207907
12,1435443221,statistics,2,0.6052805280528053,0.21795278085881795,0.32049863109454185,0.18359927287416683,0.5098767925671581,0.3262775196929913,0.57630280841048,0.21480842231459593,0.1747216976184169
12,1435443221,signature,0,0.5616418346479696,0.3666094584286804,0.44363678320064615,0.2765501918804282,0.42367198545748336,0.14712179357705518,0.6472715667240166,0.4338235621560085,0.19274280710840908
12,1435443221,signature,1,0.2656390302304699,0.5860987287436025,0.3655836465681479,0.5398505352454049,0.24467784286002828,-0.2951726923853767,0.5418479917837643,0.582001005418564,0.2887395380992277
12,1435443221,signature,2,0.4156215621562156,0.23008526187576125,0.29619756958055665,0.18359927287416683,0.3316501716824884,0.14805089880832156,0.5828990321100394,0.23494065810396472,0.1697726236320057
12,1435443221,combined,0,0.34151329243353784,0.4045682644056065,0.37037623762376237,0.2765501918804282,0.2334477883255908,-0.04310240355483738,0.6091855835520723,0.4085947710071049,0.19425899789299375
12,1435443221,combined,1,0.27035318766836275,0.5612863135000776,0.36493106408767234,0.5398505352454049,0.2600282771157342,-0.27982225812967076,0.5207999609851779,0.5581018693166594,0.29137538909845867
12,1435443221,combined,2,0.6127612761276128,0.22210702607863467,0.32603605712947786,0.18359927287416683,0.5065239345586751,0.32292466168450823,0.5836571880839742,0.21846716474246322,0.1730146332612193
13,2834433515,statistics,0,0.2227613586237318,0.5559225011008366,0.3180701643887384,0.45788729549585944,0.183478085235306,-0.2744092102605534,0.5869874247036959,0.5340507578368554,0.26341246066547125
13,2834433515,statistics,1,0.25288509784244856,0.188223577741815,0.21581501570082787,0.24152696424964654,0.32450010098969906,0.08297313674005252,0.4322512555127437,0.20347009115848363,0.2029442635653025
13,2834433515,statistics,2,0.5557048783765622,0.33949096880131363,0.4214871821008104,0.300585740254494,0.49202181377499493,0.1914360735205009,0.5779659446270928,0.3466461990914634,0.20829913706599745
13,2834433515,signature,0,0.17538597265108072,0.5147591921284309,0.2616305849838784,0.45788729549585944,0.15600888709351646,-0.301878408402343,0.5833669042708938,0.5229112595464013,0.2623752463865127
13,2834433515,signature,1,0.363438702124101,0.2,0.25801472334362385,0.24152696424964654,0.4389012320743284,0.19737426782468187,0.4246724911640393,0.20778403386270353,0.19835506319537616
13,2834433515,signature,2,0.4522241634188953,0.3355604307937774,0.38525387829870056,0.300585740254494,0.40508988083215514,0.10450414057766111,0.5712919338028561,0.35800293319050247,0.20762350227075294
13,2834433515,combined,0,0.21340979267754742,0.5687749823653891,0.31036694893507827,0.45788729549585944,0.17180367602504545,-0.28608361947081395,0.5939230598813929,0.5367020404659059,0.26261954578314495
13,2834433515,combined,1,0.24619501588894463,0.19059950796322672,0.214859144650416,0.24152696424964654,0.3119773783074126,0.07045041405776609,0.4271721191760994,0.20289763435553332,0.20221850466427588
13,2834433515,combined,2,0.5961564305872866,0.3471320134595821,0.4387734915924827,0.300585740254494,0.5162189456675419,0.21563320541304787,0.5856582195400554,0.3586592325079315,0.2072076690798321
14,619375084,statistics,0,0.4571171980242479,0.3540869565217391,0.39905919247353977,0.26988487174308223,0.34841446172490403,0.0785295899818218,0.6017170806568026,0.4017010771402283,0.1932048967174185
14,619375084,statistics,1,0.31100571096699253,0.4298902863259299,0.3609098567818029,0.4173298323570996,0.3019188042819632,-0.11541102807513637,0.5050493293450998,0.41070722465274956,0.25287107861958796
14,619375084,statistics,2,0.4248999095957639,0.38008317929759705,0.4012439782913592,0.31278529589981824,0.3496667339931327,0.036881438093314456,0.6004695874665615,0.39945465092505583,0.20921711628930426
14,619375084,signature,0,0.5762610387666517,0.361672146547675,0.44441879256608563,0.26988487174308223,0.4300141385578671,0.16012926681478484,0.6470639704252986,0.4254176052816265,0.1889257863367132
14,619375084,signature,1,0.20085180524634594,0.4792147806004619,0.28306391105654455,0.4173298323570996,0.1749141587558069,-0.24241567360129268,0.549142480538652,0.45492578621497104,0.24851225694300763
14,619375084,signature,2,0.5020018080847217,0.3974437627811861,0.4436454944929521,0.31278529589981824,0.395071702686326,0.08228640678650778,0.6278494256122784,0.43081406220197777,0.2068743895998741
14,619375084,combined,0,0.46160754378087115,0.3704059572423733,0.4110081961751183,0.26988487174308223,0.3363360937184407,0.06645122197535847,0.6186486041841953,0.41354922762530355,0.1903748118004114
14,619375084,combined,1,0.3048107637208402,0.43107460643394935,0.35711045588568835,0.4173298323570996,0.29509190062613616,-0.12223793173096342,0.5201313572873227,0.4245149830821247,0.25091014272122963
14,619375084,combined,2,0.47023117654655816,0.3990574309513371,0.43173059820952153,0.31278529589981824,0.36857200565542314,0.0557867097556049,0.619749317200682,0.41507217808606556,0.20726056247647137
15,1188669195,statistics,0,0.36948463470046633,0.4211530598337195,0.39363057324840767,0.33783074126439105,0.29638456877398506,-0.041446172490406,0.5894318203768523,0.40274770830602513,0.22134989979411096
15,1188669195,statistics,1,0.2961578400830737,0.4170810178414741,0.3463687150837989,0.3890123207432842,0.27622702484346595,-0.11278529589981823,0.5120708941582348,0.4132884209466168,0.24495925836633972
15,1188669195,statistics,2,0.5307601301390121,0.33922495274102077,0.41390843040018455,0.27315693799232477,0.427388406382549,0.15423146839022422,0.6136162617251019,0.38053906925807157,0.19502006774401487
15,1188669195,signature,0,0.5728805452588784,0.42926261087716155,0.49078057775046097,0.33783074126439105,0.4508584124419309,0.11302767117753987,0.6276316671361519,0.4333154822021072,0.21603338592255072
15,1188669195,signature,1,0.2545171339563863,0.3964095099466278,0.3099981028267881,0.3890123207432842,0.2497677236921834,-0.1392445970511008,0.5211279455558131,0.413892020348656,0.2411480585787818
15,1188669195,signature,2,0.4124519372966578,0.3763324787478073,0.39356522966203344,0.27315693799232477,0.29937386386588566,0.026216925873560892,0.6260456985695889,0.3677321826175668,0.19443389760178265
15,1188669195,combined,0,0.3907688628482602,0.43579143885851446,0.4120539654520237,0.33783074126439105,0.30292870127247024,-0.03490203999192082,0.6017675756590578,0.41272107863344343,0.21936492805681393
15,1188669195,combined,1,0.28317757009345795,0.41205802357207616,0.33567208271787297,0.3890123207432842,0.2673399313270046,-0.12167238941627956,0.5154035718270212,0.41287851283291277,0.2435345423365494
15,1188669195,combined,2,0.5403726708074534,0.34348561759729274,0.42,0.27315693799232477,0.42973136740052514,0.15657442940820038,0.6197897164418651,0.3847682777103101,0.1936954296707596
16,3952083430,statistics,0,0.16870707673932517,0.2769607843137255,0.20968639821859342,0.2705716016966269,0.16481518885073723,-0.10575641284588969,0.5511471023885033,0.298836259014542,0.20285687681702771
16,3952083430,statistics,1,0.29264262804937313,0.4041068312978124,0.3394588500563698,0.4156332054130479,0.30098969905069684,-0.11464350636235104,0.5033024910919175,0.41156715927159965,0.25545867650650494
16,3952083430,statistics,2,0.6121266735324408,0.359573502722323,0.4530297256097561,0.3137951928903252,0.534195112098566,0.22039991920824076,0.5887798346369796,0.3839671333039174,0.2120567497642844
16,3952083430,signature,0,0.4573006867721708,0.3201965293748693,0.3766601082144614,0.2705716016966269,0.38642698444758633,0.11585538275095941,0.5797275607436211,0.3186428809669277,0.20029342196063252
16,3952083430,signature,1,0.1713480415978229,0.42543436293436293,0.2443012540705328,0.4156332054130479,0.16740052514643505,-0.24823268026661283,0.5153385424739476,0.4232076663685825,0.2514234203130255
16,3952083430,signature,2,0.5254891864057673,0.3695789950203712,0.43395524371445277,0.3137951928903252,0.4461724904059786,0.1323772975156534,0.5951315143639557,0.40304711065499266,0.20948985508245122
16,3952083430,combined,0,0.1916990146312332,0.2964673285615331,0.23284069271919486,0.2705716016966269,0.1749545546354272,-0.09561704706119972,0.5709412066659354,0.3113650537562999,0.20192243558413955
16,3952083430,combined,1,0.28681115754689473,0.41382695274155096,0.33880597014925373,0.4156332054130479,0.28806301757220765,-0.12757018784084023,0.5121304476221332,0.417353987275381,0.25389712559100275
16,3952083430,combined,2,0.6217816683831102,0.36334913112164297,0.45866767959736005,0.3137951928903252,0.5369824277923652,0.22318723490203995,0.6016519902509807,0.39321605095758794,0.21024650582458912
17,1028844094,statistics,0,0.32802768166089963,0.34940291906236176,0.3383780696744717,0.2918602302565138,0.2740052514643506,-0.01785497879216319,0.579249638286911,0.3487769915356854,0.20640796467058228
17,1028844094,statistics,1,0.3752158321158188,0.30236540725676975,0.33487434803224275,0.30414057766107855,0.3774187032922642,0.07327812563118563,0.48174146155743747,0.291221740880243,0.21470621626858685
17,1028844094,statistics,2,0.40185981401859816,0.4657550121682698,0.43145464304884595,0.4039991920824076,0.3485760452433852,-0.055423146839022386,0.5708018563739397,0.47100992239919437,0.2434343058677575
17,1028844094,signature,0,0.4556401384083045,0.3362958422719379,0.3869754319971788,0.2918602302565138,0.3954352656029085,0.10357503534639467,0.5721986865817767,0.3507770549366303,0.20594333252299207
17,1028844094,signature,1,0.23907557444547747,0.3325327914280436,0.27816411682892905,0.30414057766107855,0.21866289638456876,-0.08547768127650979,0.5202830760341719,0.31983821593538836,0.2124889901775437
17,1028844094,signature,2,0.43425657434256576,0.45462158484245785,0.44420578909686,0.4039991920824076,0.3859018380125227,-0.018097354069884886,0.5737112678863603,0.48344549940199183,0.24152976403399554
17,1028844094,combined,0,0.37190311418685124,0.35556437739843855,0.3635502638343932,0.2918602302565138,0.3052716622904464,0.01341143203393258,0.582565409372366,0.3523662228894334,0.20551749070863018
17,1028844094,combined,1,0.34998007703546286,0.3097085096379878,0.32861507763297376,0.30414057766107855,0.34368814380933144,0.03954756614825289,0.4861855648927248,0.2978943501083317,0.21418915202085276
17,1028844094,combined,2,0.40335966403359663,0.46421173762945916,0.4316515970253063,0.4039991920824076,0.3510401939002222,-0.05295899818218541,0.5712669006923355,0.4720567785197335,0.24256273220734373
18,2564267586,statistics,0,0.41305520589821976,0.3129001498433456,0.3560688265385212,0.22464148656837002,0.29654615229246617,0.07190466572409615,0.6286836821140666,0.3892254503770993,0.17401496972729097
18,2564267586,statistics,1,0.2902445236882323,0.29986842105263156,0.2949779963758737,0.3171884467784286,0.3070086851141184,-0.010179761664310227,0.4957107376846143,0.3036882803157678,0.21801851032648226
18,2564267586,statistics,2,0.43837065773232237,0.5066231913592827,0.47003214218188694,0.45817006665320137,0.39644516259341545,-0.06172490405978592,0.5731481266388013,0.5172200050926237,0.25960619034487464
18,2564267586,signature,0,0.42636216507822333,0.29486382290759855,0.34862520217615056,0.22464148656837002,0.3248232680266613,0.10018178145829126,0.6286133274917309,0.34825876260077443,0.17689227726223533
18,2564267586,signature,1,0.24936321956189506,0.29241338112305854,0.269177893868573,0.3171884467784286,0.2704908099373864,-0.04669763684104222,0.47146637451191725,0.3070657131256132,0.21745607832876482
18,2564267586,signature,2,0.47672368189031916,0.5397284887203034,0.5062734082397004,0.45817006665320137,0.40468592203595233,-0.05348414461724904,0.5894267468679437,0.5332713326190986,0.2571105091725867
18,2564267586,combined,0,0.4243841035784931,0.31155115511551157,0.35931790499390986,0.22464148656837002,0.30599878812361136,0.08135730155524135,0.6335545838413771,0.389806899581442,0.17341447083291425
18,2564267586,combined,1,0.23892002037697402,0.2857142857142857,0.2602302677209044,0.3171884467784286,0.26523934558675016,-0.05194910119167845,0.48775329154042446,0.2991833718578693,0.21787279446164384
18,2564267586,combined,2,0.47645917827543643,0.5091388731863576,0.49225724175623975,0.45817006665320137,0.42876186628963847,-0.029408200363562897,0.5807135157067977,0.5275618132722866,0.25728545557169835
19,2488441197,statistics,0,0.3345272206303725,0.22469927826784283,0.26882855224023794,0.16917794384972734,0.2518683094324379,0.08269036558271053,0.6070640303461805,0.20088597178153939,0.16830774787118988
19,2488441197,statistics,1,0.3338306602014174,0.44582814445828145,0.3817852191532473,0.43320541304786914,0.32437891335083824,-0.1088264996970309,0.5193790001576676,0.46365139910045583,0.25925071148073386
19,2488441197,statistics,2,0.5096007314843035,0.47816968541468063,0.49338513746126983,0.3976166431024036,0.4237527772167239,0.02613613411432031,0.5977379188015797,0.48660019094526,0.2355338630101948
19,2488441197,signature,0,0.19890162368672398,0.1891891891891892,0.19392387382144105,0.16917794384972734,0.17786305796808727,0.008685114118359927,0.6003008245374484,0.1931771113817809,0.16948753024629218
19,2488441197,signature,1,0.5066206639313688,0.4432930809399478,0.47284595300261095,0.43320541304786914,0.4950919006261361,0.06188648757826698,0.5134160056842219,0.4516120753312806,0.2572363099157787
19,2488441197,signature,2,0.41735243320125975,0.5074110671936759,0.4579965438430236,0.3976166431024036,0.3270450414057766,-0.07057160169662696,0.5976627001814758,0.5004664988595169,0.23718141385748895
19,2488441197,combined,0,0.30396370582617,0.2259094942324756,0.25918762088974856,0.16917794384972734,0.22763078166027065,0.05845283781054331,0.6172734356355487,0.20512968708700302,0.1679028776967966
19,2488441197,combined,1,0.3733681462140992,0.4429693550171479,0.4052016394272125,0.43320541304786914,0.36513835588769944,-0.0680670571601697,0.5287311005887719,0.4701709173470782,0.2583706557114046
19,2488441197,combined,2,0.49568221070811747,0.4839797639123103,0.48976109215017066,0.3976166431024036,0.4072308624520299,0.009614219349626307,0.6054971175131976,0.4995814817996192,0.23427969322206502
20,3516199087,statistics,0,0.6449671006579868,0.6193036698480978,0.6318749142778768,0.577095536255302,0.601009896990507,0.02391436073520503,0.607552230462698,0.666280371009063,0.2808052546412332
20,3516199087,statistics,1,0.13515312916111852,0.15398230088495576,0.14395461529370052,0.18202383356897597,0.15976570389820238,-0.02225812967077359,0.47771767241299,0.16734671309127863,0.17974373783709433
20,3516199087,statistics,2,0.3511655207110515,0.353596757852077,0.35237694572991163,0.2408806301757221,0.23922439911129065,-0.0016562310644314404,0.6325628055283727,0.34068588484194506,0.17939552298176245
20,3516199087,signature,0,0.6787064258714826,0.6659340659340659,0.6722595853844554,0.577095536255302,0.5881640072712583,0.011068471015956316,0.6544752794885835,0.7193178824598656,0.27549472620844395
20,3516199087,signature,1,0.16955170883266754,0.19844155844155845,0.18286261369076112,0.18202383356897597,0.15552413653807312,-0.026499697030902852,0.4928038343835406,0.1945235349663807,0.17317527894208942
20,3516199087,signature,2,0.3961093409357706,0.3722616233254531,0.3838154046148846,0.2408806301757221,0.25631185619066854,0.015431226014946453,0.6532973272744005,0.3946946473206528,0.1759653571393575
20,3516199087,combined,0,0.6364972700545989,0.6492217621019563,0.642796550261558,0.577095536255302,0.5657846899616239,-0.011310846293678067,0.6370900650570426,0.6924246700121732,0.27521033355850916
20,3516199087,combined,1,0.14758100310696848,0.17597247949192907,0.16053108026554014,0.18202383356897597,0.15265602908503334,-0.029367804483942633,0.4882285178905669,0.1749650479358372,0.17675542233725924
20,3516199087,combined,2,0.4336743250041925,0.37101865136298423,0.39990721410345625,0.2408806301757221,0.28155928095334276,0.04067865077762067,0.6480617543819068,0.37199236332267693,0.17672997206093224
21,477080894,statistics,0,0.4974001268230818,0.43212869105332746,0.4624727315606391,0.3185215108058978,0.36663300343364974,0.04811149262775194,0.6618370139215959,0.5029736063838517,0.20074194500527637
21,477080894,statistics,1,0.24374495560936238,0.38387506809515165,0.2981664315937941,0.35035346394667743,0.22246010906887498,-0.12789335487780246,0.509697346527388,0.3672888080389355,0.2285785875539052
21,477080894,statistics,2,0.5584970111016225,0.4500589854502556,0.49844847297076594,0.33112502524742476,0.4109068874974753,0.07978186225005052,0.6593428767618059,0.4661129139758476,0.20634378928569916
21,477080894,signature,0,0.5671528218135701,0.3980772654441873,0.4678068936659867,0.3185215108058978,0.4538073116542113,0.1352858008483135,0.6437543353459387,0.48915876938030267,0.20443632888581795
21,477080894,signature,1,0.25020177562550444,0.41875723658818986,0.3132443161313605,0.35035346394667743,0.2093314481922844,-0.14102201575439305,0.5660696177277662,0.4074858762729775,0.22505853850892407
21,477080894,signature,2,0.4478467732097109,0.44022064995802856,0.44400096758587326,0.33112502524742476,0.3368612401535043,0.005736214906079562,0.6433777434681124,0.44716394046381425,0.20979014412662386
21,477080894,combined,0,0.5004438807863031,0.4337693745190722,0.4647273583794606,0.3185215108058978,0.36748131690567565,0.04895980609977785,0.6685905835929122,0.516438544635092,0.20012196644971988
21,477080894,combined,1,0.24489795918367346,0.38632229901782467,0.2997671300543363,0.35035346394667743,0.22209654615229246,-0.12825691779438497,0.530762733301297,0.38254661049371713,0.2270700809824678
21,477080894,combined,2,0.5578870318409174,0.4500984251968504,0.49822955820667864,0.33112502524742476,0.4104221369420319,0.07929711169460713,0.6625435511856446,0.4666459706522835,0.20628100939705946
22,2790236236,statistics,0,0.378596087456847,0.33086109365179134,0.35312269403635876,0.28083215512017773,0.3213492223793173,0.04051706725913956,0.5775548950032148,0.352345406627397,0.2013461097178171
22,2790236236,statistics,1,0.24200728450020234,0.3474051123160341,0.2852826588216586,0.29945465562512624,0.20860432235911938,-0.09085033326600686,0.5300682278790251,0.3351796689449608,0.21087340043957523
22,2790236236,statistics,2,0.5301251203079884,0.4733585424544517,0.5001362026695724,0.41971318925469603,0.4700464552615633,0.05033326600686727,0.5907803796724138,0.5042016780520864,0.24419174138008778
22,2790236236,signature,0,0.3350115074798619,0.4008605851979346,0.3649898135088544,0.28083215512017773,0.23470006059381943,-0.0461320945263583,0.6137306581679934,0.4010376125223407,0.1973411586944204
22,2790236236,signature,1,0.2569809793605828,0.3220625528317836,0.28586434573829533,0.29945465562512624,0.2389416279539487,-0.060513027671177555,0.5314984034303554,0.3442988741932689,0.21014782396228182
22,2790236236,signature,2,0.6211742059672762,0.4953184957789716,0.5511528608027327,0.41971318925469603,0.5263583114522319,0.10664512219753586,0.6189221476244763,0.5114615024843407,0.24138267656486037
22,2790236236,combined,0,0.370253164556962,0.34416365824308065,0.3567320352019957,0.28083215512017773,0.3021207836800646,0.02128862855988689,0.5901304227374823,0.38122562350722,0.19869067499096058
22,2790236236,combined,1,0.25671118305679214,0.3585154483798041,0.29919031522679035,0.29945465562512624,0.2144213290244395,-0.08503332660068674,0.5408344220007794,0.35120791275722224,0.2095407246169323
22,2790236236,combined,2,0.548315688161694,0.47601938502673796,0.5096162447446104,0.41971318925469603,0.4834578872954959,0.06374469804079985,0.6023185430581159,0.5168916257175854,0.24159315309596038
23,3947746016,statistics,0,0.42948717948717946,0.4352249050128692,0.4323370061484142,0.33399313270046455,0.32958998182185417,-0.0044031508786103735,0.6185520366737758,0.41551427063378105,0.21611336572401452
23,3947746016,statistics,1,0.21674022698612863,0.26683485348340774,0.2391928329129338,0.25627146031104825,0.2081599676832963,-0.04811149262775194,0.5141254340861934,0.2680305482944204,0.19917407388890151
23,3947746016,statistics,2,0.554372473627132,0.4913921174517172,0.5209858241452794,0.40973540698848715,0.4622500504948495,0.05251464350636237,0.6217926823268217,0.5227974926832439,0.2365108207209614
23,3947746016,signature,0,0.5177793904208998,0.4322932444713723,0.4711903582631666,0.33399313270046455,0.40004039587962026,0.06604726317915571,0.6173536793396237,0.43172403064905657,0.2145583609970903
23,3947746016,signature,1,0.08511979823455233,0.25,0.12699905926622765,0.25627146031104825,0.08725509997980206,-0.16901636033124617,0.5134355032214896,0.2660955033941273,0.19688198687401348
23,3947746016,signature,2,0.613723750369713,0.49046643554995273,0.54521567768776,0.40973540698848715,0.5127045041405777,0.10296909715209052,0.6187573171752345,0.5212112444022704,0.23852630334269043
23,3947746016,combined,0,0.4365021770682148,0.4438022626660108,0.4401219512195122,0.33399313270046455,0.3284992930721066,-0.005493839628357922,0.6332057621801628,0.42832089198217677,0.214191013341009
23,3947746016,combined,1,0.22099621689785623,0.2806244995996797,0.2472663139329806,0.25627146031104825,0.20181781458291254,-0.05445364572813571,0.5199115690541656,0.2748903833459216,0.19810415077236196
23,3947746016,combined,2,0.5774425712313911,0.503741291820762,0.5380799265043638,0.40973540698848715,0.4696828923449808,0.059947485356493635,0.6350571578683247,0.5360662001645891,0.23504956358257512
24,3343472307,statistics,0,0.49190414507772023,0.47330702118820106,0.4824264238831251,0.3742274288022622,0.38893152898404365,0.014704100181781476,0.6317473819552475,0.5087261032068398,0.22277321232735492
24,3343472307,statistics,1,0.3071196534921494,0.2965625408443341,0.3017487864884633,0.2984447586346193,0.30906887497475255,0.010624116340133272,0.49922457314931407,0.31029146501759514,0.21229016323641695
24,3343472307,statistics,2,0.40540540540540543,0.43940609951845905,0.4217215482380127,0.32732781256311855,0.3019995960412038,-0.025328216521914748,0.6440026015933638,0.4337016619680406,0.2094372005897206
24,3343472307,signature,0,0.5851683937823834,0.47623649301590093,0.525112607158425,0.3742274288022622,0.4598262977176328,0.08559886891537061,0.6417986036853088,0.5044567552790755,0.22366710793327438
24,3343472307,signature,1,0.24932322685435843,0.2873634945397816,0.2669952166980722,0.2984447586346193,0.2589375883659867,-0.039507170268632597,0.4843490393959831,0.30439211234344477,0.21099321824576933
24,3343472307,signature,2,0.38504257682339876,0.4481470841712152,0.4142051111848656,0.32732781256311855,0.28123611391638054,-0.04609169864673801,0.6223363305358475,0.4340072022656022,0.21177014683259304
24,3343472307,combined,0,0.5212651122625216,0.4829482948294829,0.5013756943362924,0.3742274288022622,0.40391840032316706,0.029690971520904885,0.6396933399626213,0.5160201689198167,0.22147711912488283
24,3343472307,combined,1,0.273551705468327,0.2968566392479436,0.2847280924204001,0.2984447586346193,0.2750151484548576,-0.023429610179761695,0.5003032171270938,0.31270591322546987,0.2117124701079943
24,3343472307,combined,2,0.4383561643835616,0.44690488173125315,0.44258924677590183,0.32732781256311855,0.32106645122197536,-0.00626136134114319,0.6489067284060028,0.43721280559384895,0.208617783733331
25,3930994991,statistics,0,0.22511129097531363,0.44199443782280495,0.2982973588952943,0.399272874166835,0.20335285800848313,-0.19592001615835186,0.5566389940402339,0.4346100834706409,0.2472944762363202
25,3930994991,statistics,1,0.35125367065733004,0.3663133097762073,0.35862546125461253,0.3576651181579479,0.3429610179761664,-0.014704100181781476,0.5060821719242115,0.3574243622386281,0.233045619999592
25,3930994991,statistics,2,0.5502742230347349,0.2948090107737512,0.38392857142857145,0.24306200767521713,0.4536861240153504,0.21062411634013328,0.6076158998254368,0.32972278992977155,0.18777360042340882
25,3930994991,signature,0,0.3475313638203157,0.4929678530424799,0.40766674578685025,0.399272874166835,0.2814784891941022,-0.11779438497273281,0.5948116570617387,0.47184418923253635,0.23957142342574153
25,3930994991,signature,1,0.3258414276033431,0.3632586250314782,0.34353417480352466,0.3576651181579479,0.32082407594425366,-0.03684104221369422,0.5200167978035883,0.3733104903999406,0.23071538320842205
25,3930994991,signature,2,0.5148745221871365,0.31467750126968,0.39061908964821584,0.24306200767521713,0.3976974348616441,0.15463542718642698,0.6053344374735878,0.34141316624278917,0.18767399633365717
25,3930994991,combined,0,0.21954674220963172,0.4605263157894737,0.29734173746231846,0.399272874166835,0.19034538477075338,-0.2089274893960816,0.5714628674535717,0.4489557120588707,0.24416268986283796
25,3930994991,combined,1,0.3604020781567653,0.37906866239011644,0.36949976841130155,0.3576651181579479,0.3400525146435064,-0.017612603514441494,0.5158314958945134,0.3657522540498134,0.23173507773605007
25,3930994991,combined,2,0.5614093402027589,0.29058064516129034,0.3829497789366285,0.24306200767521713,0.46960210058574026,0.22654009291052313,0.6156223180442264,0.3481254331680206,0.18724909531370973
26,3385255092,statistics,0,0.43595863166268894,0.5166156021682772,0.4728723977995901,0.4062209654615229,0.3427994344576853,-0.06342153100383763,0.6279205487977443,0.5196962649785264,0.23571400157007003
26,3385255092,statistics,1,0.28503665373005604,0.3155633354551241,0.2995242051204592,0.28103413451827913,0.25384770753383157,-0.027186426984447565,0.520323046021567,0.3119312424101002,0.205403972613572
26,3385255092,statistics,2,0.5021958150348748,0.38938407611417125,0.4386529023523439,0.31274490002019795,0.40335285800848314,0.09060795798828519,0.5924281040090256,0.4052859984625356,0.2114193449157732
26,3385255092,signature,0,0.41457836117740654,0.537380768239237,0.4680588301336028,0.4062209654615229,0.3133912340941224,-0.09282973136740053,0.6413849434120689,0.5373275470003861,0.23548067459155242
26,3385255092,signature,1,0.1799626275693546,0.3229301005932422,0.23112423850839947,0.28103413451827913,0.15661482528782064,-0.12441930923045849,0.5357599254457369,0.30501757879556024,0.20410747006088245
26,3385255092,signature,2,0.6106949108757427,0.3603658536585366,0.453264308311763,0.31274490002019795,0.5299939406180569,0.217249040597859,0.593526322805438,0.4174854137952572,0.21052620927176235
26,3385255092,combined,0,0.4192521877486078,0.5478882391163092,0.475015492084953,0.4062209654615229,0.31084629367804484,-0.09537467178347808,0.6488387663278443,0.5381000027350509,0.23388598995658108
26,3385255092,combined,1,0.279574529251114,0.3243829219479653,0.3003165289894233,0.28103413451827913,0.24221369420319128,-0.038820440315087856,0.5346632064370891,0.31613145230748796,0.20439273308036046
26,3385255092,combined,2,0.5475329372255231,0.38313449023861174,0.45081357013719026,0.31274490002019795,0.4469400121187639,0.13419511209856594,0.6019854086689798,0.41847035549682055,0.20973455217189255
27,689021210,statistics,0,0.5382300490414623,0.4253501277195455,0.47517835178351786,0.36243183195314077,0.4586144213290244,0.09618258937588364,0.6233706480973888,0.4994452272500269,0.22184676267517153
27,689021210,statistics,1,0.133056640625,0.3164005805515239,0.18733350519893444,0.33092304584932336,0.13916380529186023,-0.19175924055746313,0.5195176632934195,0.3406675962454758,0.22115326235182325
27,689021210,statistics,2,0.5216703991568963,0.3977101536607412,0.4513334852974698,0.30664512219753587,0.40222177337911535,0.09557665118157949,0.6290944210786233,0.41159661432947114,0.2040080105161784
27,689021210,signature,0,0.5143780650913955,0.47154388474507,0.49203049203049204,0.36243183195314077,0.39535447384366795,0.03292264189052718,0.6515639029776024,0.5158664387599953,0.21950707430205563
27,689021210,signature,1,0.1572265625,0.34420096205237843,0.21585386291268643,0.33092304584932336,0.151161381539083,-0.17976166431024035,0.552189775432487,0.36379129681291333,0.2200214792623278
27,689021210,signature,2,0.5045448557502306,0.34117227863887406,0.4070787054259446,0.30664512219753587,0.45348414461724906,0.1468390224197132,0.5772476466001071,0.3759617273726691,0.20931421044397977
27,689021210,combined,0,0.5443602318323674,0.43552701979668274,0.4838997324878629,0.36243183195314077,0.45299939406180567,0.0905675621086649,0.6338068135354131,0.5135449438883875,0.2202406867022098
27,689021210,combined,1,0.1142578125,0.319127173542448,0.16826966292134832,0.33092304584932336,0.11848111492627753,-0.21244193092304584,0.5311106395255049,0.347994788775524,0.2202938175949067
27,689021210,combined,2,0.5449874851798182,0.38998868778280543,0.4546403648552118,0.30664512219753587,0.4285194910119168,0.1218743688143809,0.6273546240671064,0.41142902287125793,0.20412784148245308
28,2556523997,statistics,0,0.487513315185229,0.3965533840377395,0.43735400297303034,0.341304786911735,0.4195920016158352,0.07828721470410022,0.5788969645899728,0.4247966763865352,0.22088962788477082
28,2556523997,statistics,1,0.27037790205049994,0.447859649122807,0.33719025730437996,0.4767521712785296,0.28782064229448595,-0.18893152898404364,0.4679519451479011,0.4622660939769382,0.27737898692825563
28,2556523997,statistics,2,0.35879218472468916,0.223111970178103,0.2751340767855623,0.18194304180973542,0.29258735608967884,0.11064431427994342,0.5620677964897552,0.21595339723875012,0.17219503802370334
28,2556523997,signature,0,0.3890401230914901,0.39398297974349755,0.3914959504525965,0.341304786911735,0.33702282367198544,-0.004281963239749553,0.6070632022958597,0.41998357598965846,0.2192738147409575
28,2556523997,signature,1,0.29927130994746654,0.43535067176137066,0.35470750690434344,0.4767521712785296,0.32773177135932136,-0.14902039991920824,0.4768009112187477,0.46302771714909063,0.2739056621817538
28,2556523997,signature,2,0.42095914742451157,0.22846126039281842,0.29618058267593533,0.18194304180973542,0.3352454049686932,0.1533023631589578,0.5837830092463913,0.24112542952018068,0.1691727326821712
28,2556523997,combined,0,0.4760326665877619,0.4111633612758127,0.4412264823652021,0.341304786911735,0.39515249444556655,0.05384770753383156,0.5934864967178415,0.42563152731706305,0.2194284800401379
28,2556523997,combined,1,0.2674123029994916,0.4546240276577355,0.33674775928297057,0.4767521712785296,0.280428196323975,-0.19632397495455461,0.47204911038046604,0.46652214806318126,0.27578102101455737
28,2556523997,combined,2,0.411190053285968,0.23060640019922798,0.295492620662146,0.18194304180973542,0.3244193092304585,0.14247626742072306,0.5826486607288125,0.23225553847950636,0.1700397349160673
29,1164312638,statistics,0,0.44640434192673,0.46544058205335487,0.455723755812803,0.41680468592203596,0.3997576247222783,-0.01704706119975763,0.584443501124986,0.4944732714295843,0.24407887334847242
29,1164312638,statistics,1,0.21687082405345212,0.3062106918238994,0.25391134289439377,0.2902039991920824,0.2055342355079782,-0.0846697636841042,0.5241740984936837,0.3212450779693463,0.20776808962868232
29,1164312638,statistics,2,0.5355025506686888,0.3975028144509262,0.45629699248120303,0.29299131488588165,0.3947081397697435,0.10171682488386186,0.6490095997064991,0.415613096126331,0.1963962767246937
29,1164312638,signature,0,0.6479937972475286,0.49357743983463753,0.5603419376466644,0.41680468592203596,0.5472025853362957,0.13039789941425978,0.6316183697412381,0.5263134596970512,0.23958538995689774
29,1164312638,signature,1,0.09493318485523386,0.31691449814126393,0.14610111396743788,0.2902039991920824,0.08693193294283982,-0.20327206624924257,0.5193655371988086,0.3129289015061491,0.20782957098069585
29,1164312638,signature,2,0.5259892458293121,0.4212211549078061,0.4678111587982833,0.29299131488588165,0.36586548172086447,0.07287416683498282,0.6666659064770097,0.4323542511131219,0.19721304315476595
29,1164312638,combined,0,0.48187633262260127,0.48455316245979924,0.4832110403809709,0.41680468592203596,0.41450212078368004,-0.0023025651383559165,0.6071209151530341,0.5083788680030967,0.2409371170939816
29,1164312638,combined,1,0.1877783964365256,0.31959251362236435,0.23656291100394564,0.2902039991920824,0.17051100787719653,-0.11969299131488587,0.531678206231441,0.3261714618675967,0.2073403079686902
29,1164312638,combined,2,0.5656969529849717,0.3993964761997469,0.4682186465822207,0.29299131488588165,0.41498687133912343,0.12199555645324178,0.6639837486103694,0.43664084150273297,0.19480965871888575
30,3560492814,statistics,0,0.371301775147929,0.39002683994914533,0.3804340337581812,0.3003837608563926,0.28596243183195313,-0.014421329024439489,0.6128894895117629,0.4273341005389444,0.20195800521640872
30,3560492814,statistics,1,0.41407332163634686,0.4539380441384896,0.4330902593325928,0.4374469804079984,0.3990304988891133,-0.038416481518885104,0.5230111333301425,0.46534111371498804,0.2553929768224697
30,3560492814,statistics,2,0.4453004622496148,0.37060784816619646,0.40453527435610304,0.262169258735609,0.31500706927893357,0.05283781054332459,0.6551683125969874,0.38400898839341224,0.18605807182026268
30,3560492814,signature,0,0.4452662721893491,0.39118620037807184,0.41647798742138364,0.3003837608563926,0.3419107251060392,0.04152696424964658,0.6240468620330444,0.4413429024361187,0.19976692722571648
30,3560492814,signature,1,0.3024286637732016,0.44268721276020545,0.3593569978603171,0.4374469804079984,0.29884871743082203,-0.13859826297717637,0.526963216267848,0.4705562211405636,0.254576038081728
30,3560492814,signature,2,0.474884437596302,0.3465647138198583,0.40070207371774036,0.262169258735609,0.35924055746313877,0.09707129872752979,0.644712752715648,0.37711560288771023,0.1887118803782562
30,3560492814,combined,0,0.36403980634749866,0.3938600320093118,0.37836326787336644,0.3003837608563926,0.2776408806301757,-0.0227428802262169,0.6186248760367004,0.43691759950531617,0.20064289482996076
30,3560492814,combined,1,0.3884015144519346,0.4616397760948304,0.4218655967903711,0.4374469804079984,0.3680468592203595,-0.06940012118763889,0.5308826012756875,0.4726073929414496,0.25441696749406395
30,3560492814,combined,2,0.5138674884437596,0.3802303044122677,0.43706179149465957,0.262169258735609,0.35431226014946476,0.09214300141385579,0.6630295803478746,0.39441499218627923,0.18537967586679766
31,523232252,statistics,0,0.5342187788230953,0.5328917103689392,0.5335544194187278,0.437972126843062,0.4390628155928095,0.0010906887497474926,0.6286609843209255,0.5600975732584681,0.2452013553780694
31,523232252,statistics,1,0.1554204360077117,0.2762984445030319,0.19893697798025817,0.2723894162795395,0.15322157139971723,-0.11916784487982227,0.5085342078701862,0.2777260666693745,0.20150912216779301
31,523232252,statistics,2,0.5278940027894002,0.37501238482116317,0.4385101083241615,0.28963845687739853,0.4077156130074732,0.11807715613007469,0.607758442853183,0.3764380425615508,0.20252548416539493
31,523232252,signature,0,0.4466888028039107,0.5723233278184826,0.5017612929962703,0.437972126843062,0.3418299333467986,-0.0961421934962634,0.6491110038396697,0.5719446701275915,0.24630873279031298
31,523232252,signature,1,0.15052647189678184,0.23327970581475524,0.1829817919596178,0.2723894162795395,0.17576247222783276,-0.09662694405170674,0.5002913961918182,0.27549562730876803,0.20156994911919868
31,523232252,signature,2,0.602649930264993,0.3618321889130799,0.4521766429468397,0.28963845687739853,0.4824075944253686,0.1927691375479701,0.6286081828488763,0.4114263365234937,0.19998501943077823
31,523232252,combined,0,0.5342187788230953,0.5407524974325459,0.537465782025704,0.437972126843062,0.4326802666128055,-0.005291860230256518,0.6420839112288339,0.5700029522963624,0.24406926827521622
31,523232252,combined,1,0.1586830787483316,0.2804718217562254,0.2026899033907937,0.2723894162795395,0.15411028075136335,-0.11827913552817615,0.5044069109561609,0.27522131968152524,0.2015219713003241
31,523232252,combined,2,0.5407252440725244,0.3790204321048001,0.4456577964250819,0.28963845687739853,0.41320945263583114,0.12357099575843261,0.6206029728487534,0.3913324471539402,0.20088280695045102
32,848187189,statistics,0,0.32384545038866025,0.458562641631596,0.37960605654562507,0.35338315491819833,0.24956574429408201,-0.10381741062411631,0.6066052377804875,0.45778865844920136,0.2196114882473025
32,848187189,statistics,1,0.40998487140695916,0.4065145183756563,0.40824231990100607,0.37382347000605937,0.3770147444960614,0.0031912744900020606,0.5400510249643744,0.41769482020174914,0.23624134411583747
32,848187189,statistics,2,0.441433436990967,0.32247944612721763,0.3726948802900544,0.27279337507574225,0.3734195112098566,0.10062613613411436,0.582203672912398,0.3305098266430531,0.19992051737080413
32,848187189,signature,0,0.4079789666209419,0.47758597618091797,0.4400468528450774,0.35338315491819833,0.301878408402343,-0.05150474651585535,0.6060441192437842,0.45440186477335304,0.2220345668776989
32,848187189,signature,1,0.37789064188459043,0.42829148805878753,0.40151558642861246,0.37382347000605937,0.32983235709957587,-0.0439911129064835,0.5553192033860989,0.4227628307067708,0.23309147232771754
32,848187189,signature,2,0.4479490596771805,0.3317977404848086,0.3812224322621298,0.27279337507574225,0.3682892344980812,0.09549585942233896,0.5874719474791232,0.3862676156360524,0.1950746772943201
32,848187189,combined,0,0.3100137174211248,0.49825463898585337,0.3822140793460644,0.35338315491819833,0.21987477277317713,-0.1335083821450212,0.6295666570658145,0.4908442571828559,0.21710460348643232
32,848187189,combined,1,0.382645342554571,0.4267807641316138,0.40350977152299017,0.37382347000605937,0.3351646132094526,-0.038658856796606744,0.5473558619383676,0.426271537946616,0.23472807939996138
32,848187189,combined,2,0.5089589811935437,0.3120290512936904,0.3868752814047726,0.27279337507574225,0.44496061401737025,0.172167238941628,0.5961724508850251,0.3438228480634173,0.1975020706763642
33,1462329290,statistics,0,0.4143285919352734,0.36001814264655857,0.3852687780609149,0.30955362553019594,0.3562512623712381,0.04669763684104217,0.5665339280947327,0.37705819777445976,0.21189387743612417
33,1462329290,statistics,1,0.3320957095709571,0.39920654599553684,0.3625717824569305,0.39167844879822256,0.32583316501716825,-0.06584528378105431,0.5123668240180482,0.4135265837658066,0.24239913837104007
33,1462329290,statistics,2,0.438209843158464,0.41181702668360864,0.4246036944844753,0.2987679256715815,0.31791557261159364,0.019147646940012142,0.6174289822306536,0.39109066415226357,0.2039217772052132
33,1462329290,signature,0,0.3210230980033929,0.3547224224945926,0.3370324702013974,0.30955362553019594,0.280145425166633,-0.029408200363562953,0.578650094785307,0.36884574973316503,0.210837189719844
33,1462329290,signature,1,0.4368811881188119,0.3743041442078289,0.40317898443820493,0.39167844879822256,0.4571601696626944,0.06548172086447185,0.4826087178659429,0.3855187464466474,0.24267330729362893
33,1462329290,signature,2,0.34964845862628446,0.39766261725357527,0.3721131016619901,0.2987679256715815,0.2626944051706726,-0.036073520500908896,0.6106348178233768,0.3852170581427927,0.20527127166883724
33,1462329290,combined,0,0.37713689155683155,0.36356774437036105,0.37022802972072766,0.30955362553019594,0.32110684710159565,0.011553221571399708,0.5733880809732494,0.3778510241541182,0.2109186212590325
33,1462329290,combined,1,0.3296204620462046,0.3869249394673123,0.3559812875918913,0.39167844879822256,0.3336699656635023,-0.058008483134720235,0.5068210322675802,0.3995552789184214,0.2427001326639263
33,1462329290,combined,2,0.4622769064359113,0.40007020828457757,0.42892987078158323,0.2987679256715815,0.34522318723490203,0.04645526156332053,0.6219444180572444,0.39387526622043884,0.20387086188098055
34,3713455433,statistics,0,0.458984375,0.44240498882221435,0.45054220837577136,0.33092304584932336,0.3433245808927489,0.01240153504342556,0.6277308727472379,0.4507482336828741,0.21314262585296923
34,3713455433,statistics,1,0.28310623098293425,0.3460543337645537,0.3114312741031798,0.3053524540496869,0.24980811957180368,-0.055544334477883234,0.526542932436193,0.3246725375448961,0.21308979041722934
34,3713455433,statistics,2,0.5056641492669924,0.45204527402700556,0.47735374292304467,0.3637245001009897,0.40686729953544737,0.043142799434457646,0.6215847612758314,0.4661573852274866,0.2232207513875961
34,3713455433,signature,0,0.597412109375,0.44894963764792223,0.5126486146755356,0.33092304584932336,0.44035548374065847,0.10943243789133511,0.6770663490288501,0.5298566450843305,0.20864071283226715
34,3713455433,signature,1,0.2813864267760286,0.33105058365758755,0.30420480549199086,0.3053524540496869,0.25954352656029084,-0.04580892748939608,0.5264741973516178,0.3335729837957189,0.2121373906020797
34,3713455433,signature,2,0.3913816081741448,0.4743572486202719,0.42889308099555773,0.3637245001009897,0.3001009896990507,-0.06362351040193903,0.6262204312103783,0.460445453878538,0.2240244583696881
34,3713455433,combined,0,0.470947265625,0.4452908587257618,0.45775984812529663,0.33092304584932336,0.3499899010300949,0.019066855180771558,0.6405526481158117,0.4666924924578467,0.21158495764827148
34,3713455433,combined,1,0.27225823521629844,0.34863628663391494,0.3057495171594117,0.3053524540496869,0.23845687739850535,-0.06689557665118157,0.5235429262200703,0.323934375141177,0.21295618310135248
34,3713455433,combined,2,0.5175477565526433,0.4574008637612878,0.48561900791996665,0.3637245001009897,0.41155322157139973,0.04782872147041001,0.6322542657061876,0.47655283571628754,0.22194368229964262
35,4116307193,statistics,0,0.41548731642189585,0.5943468296409473,0.4890774791764891,0.4538477075338315,0.31726923853766914,-0.13657846899616238,0.6391076925710283,0.5680145541008284,0.2523031478597133
35,4116307193,statistics,1,0.2867861609003752,0.321345165810369,0.3030837004405286,0.290729145627146,0.2594627348010503,-0.031266410826095714,0.5260895653909534,0.30353736913261753,0.20934702752750528
35,4116307193,statistics,2,0.5944962834097739,0.35875167016606224,0.4474733646806738,0.2554231468390224,0.42326802666128055,0.16784487982225815,0.6608118993077521,0.3817041061556117,0.18583290103127725
35,4116307193,signature,0,0.5891410769915443,0.5370821161960403,0.5619084001867651,0.4538477075338315,0.4978388204403151,0.043991112906483554,0.619411895018473,0.562131560623428,0.25289913290283783
35,4116307193,signature,1,0.17118243712658052,0.31917098445595854,0.22284525639866148,0.290729145627146,0.1559280953342759,-0.13480105029287012,0.5246858293574279,0.30900709169711454,0.20838518491317484
35,4116307193,signature,2,0.5046655068796457,0.37230194843075487,0.4284946958506781,0.2554231468390224,0.346233084225409,0.0908099373863866,0.6468399055627493,0.38423625455387816,0.1883259689177411
35,4116307193,combined,0,0.4377392078326658,0.6015902140672783,0.5067490984028851,0.4538477075338315,0.3302363158957786,-0.1236113916380529,0.6473805310433636,0.5831619809939562,0.25045747000592306
35,4116307193,combined,1,0.26524940947617065,0.31917739508443405,0.28972529974199424,0.290729145627146,0.2416077560088871,-0.04912138961825893,0.5272912675151648,0.3035370241849726,0.20878922374163025
35,4116307193,combined,2,0.6005060888818599,0.3582413435229739,0.44876492140408936,0.2554231468390224,0.42815592809533426,0.17273278125631186,0.6688603929025647,0.39329275082673626,0.1851070664096266
36,1259335069,statistics,0,0.4482488919787955,0.6173548773189707,0.5193837478602357,0.46483538679054737,0.3375075742274288,-0.1273278125631186,0.6474093339634895,0.6379084064362671,0.24685735343756496
36,1259335069,statistics,1,0.34890905580227843,0.23473629514159522,0.28065543216587713,0.20921026055342354,0.31096748131690566,0.10175722076348212,0.5383978685652733,0.2330787551819286,0.18016492937180387
36,1259335069,statistics,2,0.4509852521997769,0.4181797287979775,0.43396338918370997,0.32595435265602907,0.3515249444556655,0.025570591799636444,0.617721924411777,0.42516967589488,0.21084087107250601
36,1259335069,signature,0,0.6119753193708177,0.5918641788535889,0.6017517624439223,0.46483538679054737,0.48063017572207634,0.01579478893152897,0.6809860328663628,0.6684154385922815,0.24431902853951093
36,1259335069,signature,1,0.2037072793975671,0.261721657157033,0.2290988056460369,0.20921026055342354,0.16283579074934357,-0.04637446980407997,0.5794654110668079,0.25436033222999804,0.17849016045763982
36,1259335069,signature,2,0.4590407733300285,0.4196691593020621,0.4384729209825392,0.32595435265602907,0.3565340335285801,0.03057968087255103,0.6353100164622026,0.45366586606225845,0.20912577952465447
36,1259335069,combined,0,0.534109672373338,0.6122123717501743,0.5705003248862898,0.46483538679054737,0.4055342355079782,-0.05930115128256919,0.6632715281162611,0.6571512383855855,0.24306262317418303
36,1259335069,combined,1,0.28827959065456654,0.2585729130585383,0.27261937368757416,0.20921026055342354,0.2332458089274894,0.02403554837406585,0.5738920916044196,0.2502909367695227,0.17868357846221375
36,1259335069,combined,2,0.4782500929483207,0.43155893536121676,0.45370642525424726,0.32595435265602907,0.3612199555645324,0.035265602908503335,0.6318904288400595,0.4467130197907594,0.20859498002848997
37,3143487523,statistics,0,0.26936619718309857,0.4172998246639392,0.3273977837218189,0.32122803474045647,0.20735205009089072,-0.11387598464956575,0.5969031508877103,0.42527796571794835,0.21311262836138994
37,3143487523,statistics,1,0.35491433724075744,0.41930329178651327,0.3844313131806417,0.44799030498889114,0.37919612199555647,-0.06879418299333467,0.4823822617528738,0.43373718470186057,0.2616687290702339
37,3143487523,statistics,2,0.5044635042884649,0.2815828041035662,0.3614246300476549,0.2307816602706524,0.41345182791355284,0.18267016764290045,0.603630806953621,0.30308498524987226,0.18313334138774384
37,3143487523,signature,0,0.3612927565392354,0.4043062200956938,0.3815911807676982,0.32122803474045647,0.2870531205817007,-0.03417491415875579,0.6005193737560757,0.4186231911937774,0.21189243989302806
37,3143487523,signature,1,0.38106402164111813,0.46716780897634314,0.41974572904251095,0.44799030498889114,0.3654211270450414,-0.08256917794384971,0.5351591228603281,0.48867174587138545,0.25916308763492507
37,3143487523,signature,2,0.4934360231051987,0.32767639195629433,0.3938250908074881,0.2307816602706524,0.34752575237325795,0.11674409210260556,0.6362469629398366,0.35344722270066564,0.18006473785518246
37,3143487523,combined,0,0.2828219315895372,0.42060968767533197,0.33822091886608013,0.32122803474045647,0.21599676832963038,-0.10523126641082609,0.6044107141210651,0.43235792221185443,0.21233404879595175
37,3143487523,combined,1,0.3346257889990983,0.42223233587438846,0.3733588208662408,0.44799030498889114,0.3550393859826298,-0.09295091900626135,0.4926857098740076,0.44436695215594424,0.2607041923485277
37,3143487523,combined,2,0.5352704358480658,0.28797438553536114,0.37447954935096744,0.2307816602706524,0.4289638456877399,0.1981821854170875,0.6175779491042979,0.31868280071247085,0.18160005662378548
38,1836839349,statistics,0,0.3361073158613837,0.4441161989167898,0.3826357466063348,0.3252272268228641,0.2461320945263583,-0.07909513229650578,0.6128692285732573,0.45755674154670584,0.20951628098619118
38,1836839349,statistics,1,0.20587442737806522,0.30492915585711433,0.24579747446312233,0.29981821854170876,0.20242375277721672,-0.09739446576449204,0.5066929727505642,0.300354888553202,0.214668795291188
38,1836839349,statistics,2,0.6328377504848093,0.43029814665592264,0.5122748877163912,0.3749545546354272,0.551444152696425,0.1764895980609978,0.6052154009668238,0.4662987943767877,0.22717768049906242
38,1836839349,signature,0,0.48851074400695566,0.44270598829356145,0.46448184233835255,0.3252272268228641,0.35887699454655625,0.03364976772369216,0.6458158479694343,0.5061856520782637,0.20739076456645278
38,1836839349,signature,1,0.08865534896254379,0.3036455929856945,0.13724058817394932,0.29981821854170876,0.08753787113714401,-0.21228034740456475,0.50276674992957,0.30188286039541035,0.2118597138089566
38,1836839349,signature,2,0.6349924585218703,0.43009340338587276,0.5128338988949795,0.3749545546354272,0.5535851343162997,0.17863057968087254,0.6070153613150713,0.46222703138806503,0.22836930930876065
38,1836839349,combined,0,0.3449260961371258,0.47004062288422477,0.397879504262483,0.3252272268228641,0.23865885679660676,-0.08656837002625734,0.6312086760955423,0.4756015525088486,0.20741708929044306
38,1836839349,combined,1,0.20452708164915118,0.3121529919802591,0.24713064713064714,0.29981821854170876,0.19644516259341546,-0.1033730559482933,0.5093435507426819,0.30562060854252904,0.21321293342183847
38,1836839349,combined,2,0.6546003016591252,0.4344965675057208,0.5223072294335082,0.3749545546354272,0.5648959806099778,0.1899414259745506,0.6105019589628453,0.47484418308257964,0.22650618586089008
39,2191034984,statistics,0,0.43794105437941055,0.5377166156982671,0.4827270647449096,0.4865683700262573,0.39628357907493433,-0.09028479095132297,0.5843064511230015,0.5524095882013185,0.267188190150276
39,2191034984,statistics,1,0.25368929433861015,0.2875608272506083,0.26956521739130435,0.30111088668955766,0.2656433043829529,-0.03546758230660474,0.4947495710624183,0.2972198253374698,0.21801868226084498
39,2191034984,statistics,2,0.4731735159817352,0.29716812044449753,0.3650642201834862,0.21232074328418502,0.3380731165421127,0.12575237325792768,0.6320190833655521,0.3228317523981934,0.17481464823100787
39,2191034984,signature,0,0.5520132835201328,0.5378144463317965,0.544821370042609,0.4865683700262573,0.49941425974550596,0.01284588971924866,0.5943953454116954,0.5666394734000092,0.2661768697802373
39,2191034984,signature,1,0.23879796082640192,0.30657940062004824,0.2684766214177979,0.30111088668955766,0.23453847707533831,-0.06657240961421934,0.4879676209797992,0.2992102239691325,0.21347875066432032
39,2191034984,signature,2,0.4027777777777778,0.3214394169450349,0.35754095591960816,0.21232074328418502,0.2660472631791557,0.05372651989497071,0.6490266389963565,0.3203563756165111,0.17429426939164375
39,2191034984,combined,0,0.4531340805313408,0.545145825009988,0.49489957836514487,0.4865683700262573,0.4044435467582307,-0.08212482326802661,0.6030752792684396,0.5698340187377509,0.26454856062126103
39,2191034984,combined,1,0.2438958948215723,0.2882968601332065,0.2642441860465116,0.30111088668955766,0.25473641688547766,-0.04637446980408,0.49911743144981685,0.3020005720023603,0.2160987827904085
39,2191034984,combined,2,0.494482496194825,0.30804788431907076,0.37961001971810415,0.21232074328418502,0.34082003635629166,0.12849929307210664,0.6434543573752327,0.32806435780096604,0.17363944028006023
40,954646438,statistics,0,0.3063943161634103,0.36585365853658536,0.33349444175930404,0.318400323167037,0.2666532013734599,-0.0517471217935771,0.5790342808003424,0.390232741683911,0.2131932250308583
40,954646438,statistics,1,0.2592658588738418,0.45454545454545453,0.33019403154430954,0.4534033528580085,0.25861442132902446,-0.19478893152898402,0.5237195159627377,0.47964570701535675,0.2622557624259802
40,954646438,statistics,2,0.6176314391927775,0.2968856364874064,0.4010114361243607,0.22819632397495457,0.47473237729751566,0.2465360533225611,0.6347064648339826,0.3130948593535927,0.18068232293140724
40,954646438,signature,0,0.447982745496067,0.44504663473657674,0.44650986342943855,0.318400323167037,0.32050090890729144,0.002100585740254457,0.6294376569603453,0.43910435050186947,0.2090338243015935
40,954646438,signature,1,0.14620456165359944,0.4914645103324349,0.225365652681453,0.4534033528580085,0.13488184205211068,-0.3185215108058978,0.5241435212023098,0.4763223699828715,0.2620958730616943
40,954646438,signature,2,0.7029562754469818,0.29454086930722445,0.41513773456693326,0.22819632397495457,0.5446172490405978,0.31642092506564323,0.6293390405248063,0.3093970827825668,0.18185159455630318
40,954646438,combined,0,0.3212382643998985,0.392497287242288,0.35331054210563034,0.318400323167037,0.2605938194304181,-0.057806503736618886,0.6007270864645449,0.41489556083733464,0.2101009597766282
40,954646438,combined,1,0.22603349964362082,0.4708611729769859,0.30544184926559115,0.4534033528580085,0.2176529993940618,-0.23575035346394668,0.530596111945469,0.48300559938508664,0.2613331157859516
40,954646438,combined,2,0.6898566117896973,0.3017187983895943,0.41982224616213304,0.22819632397495457,0.52175318117552,0.29355685720056546,0.6466807580490703,0.323126606143181,0.1796111545403519
41,1086479476,statistics,0,0.4488314271506713,0.4606982441812985,0.45468742128860007,0.40618056958190263,0.39571803676025047,-0.01046253282165216,0.5995333015354327,0.5088786452190013,0.23650959910263422
41,1086479476,statistics,1,0.21562024766456658,0.4193071398394592,0.2847919655667145,0.371884467784286,0.19123409412239953,-0.1806503736618865,0.5291291410178613,0.3936355778428494,0.23763728694416597
41,1086479476,statistics,2,0.5871860211139425,0.3155012224938875,0.4104586805776449,0.22193496263381135,0.41304786911735003,0.19111290648353868,0.6632550300021922,0.3448103970025145,0.17348125240138157
41,1086479476,signature,0,0.3860765788165092,0.5009032258064516,0.43605728727885423,0.40618056958190263,0.31306806705716017,-0.09311250252474246,0.6218620207904146,0.5362571365438257,0.2374470698761035
41,1086479476,signature,1,0.23256571800999348,0.41133525456292025,0.29713413364790786,0.371884467784286,0.2102605534235508,-0.16162391436073523,0.5161553434401561,0.3871518611781236,0.23626265540169458
41,1086479476,signature,2,0.6226792864943574,0.28991525423728814,0.3956285416907598,0.22193496263381135,0.476671379519289,0.25473641688547766,0.6422156859406092,0.32762086515026284,0.17595269793204538
41,1086479476,combined,0,0.43421183490800597,0.47809899255365745,0.45509980716109866,0.40618056958190263,0.36889517269238536,-0.037285396889517264,0.6156576516235535,0.5356953163855914,0.23459737837284597
41,1086479476,combined,1,0.21898761677167064,0.42255292391532173,0.2884739214423696,0.371884467784286,0.19272874166834983,-0.1791557261159362,0.5314921340729573,0.3971837261218103,0.23684624970706286
41,1086479476,combined,2,0.6170367673825992,0.3123848138591965,0.4147803744035238,0.22193496263381135,0.4383760856392648,0.21644112300545343,0.6667307598207347,0.3556089060764256,0.17287498835271176
42,1373004360,statistics,0,0.4328223624887286,0.4358683314415437,0.4343400067865626,0.3583922439911129,0.35588769945465565,-0.002504544536457265,0.5898454458484658,0.43114021253336743,0.22568896366139787
42,1373004360,statistics,1,0.14929002139661546,0.4912,0.22898485865592602,0.4153504342557059,0.12623712381337104,-0.28911331044233485,0.52608639099699,0.4562892259537936,0.2487005787823794
42,1373004360,statistics,2,0.6445277628994822,0.28159126365054604,0.3919439769827914,0.22625732175318117,0.5178751767319734,0.2916178549787922,0.632187682516232,0.33452976994744255,0.1796892235793018
42,1373004360,signature,0,0.4147880973850316,0.41751758565917857,0.41614836593916094,0.3583922439911129,0.35604928297313676,-0.002342961017976153,0.5888239219082143,0.4334748451379393,0.22519407821603427
42,1373004360,signature,1,0.12624003112234974,0.4791435954226652,0.19983065198983913,0.4153504342557059,0.10943243789133508,-0.3059179963643708,0.5301087613013697,0.44653392483734067,0.24898898673887232
42,1373004360,signature,2,0.6306016782717372,0.2669286577992745,0.37508628471300376,0.22625732175318117,0.5345182791355282,0.30826095738234705,0.6189552725904771,0.30737310849592464,0.18080239123289144
42,1373004360,combined,0,0.4563796212804328,0.4416930293443875,0.44891623704196465,0.3583922439911129,0.37030902847909514,0.011916784487982224,0.6012708987786988,0.44277825659626474,0.22438005165510644
42,1373004360,combined,1,0.13927251507488816,0.5180897250361794,0.21953089069446574,0.4153504342557059,0.11165421127045042,-0.30369622298525545,0.5375406556592384,0.46331409591095407,0.24789121383879223
42,1373004360,combined,2,0.6539903588644885,0.2856363069245165,0.39761194029850744,0.22625732175318117,0.5180367602504544,0.2917794384972733,0.6393344656435532,0.34229286149092775,0.17908210778801437
43,1584559146,statistics,0,0.2336530931871574,0.44784240150093807,0.3070886401646726,0.4126843062007675,0.21531003837608564,-0.19737426782468187,0.5526806817706249,0.43903315528841813,0.25196713050596065
43,1584559146,statistics,1,0.3451558073654391,0.31838611895055924,0.33123096998695084,0.3564936376489598,0.3864673803272066,0.029973742678246817,0.44511106131819633,0.3245634689124386,0.23737054968467286
43,1584559146,statistics,2,0.47234861743087153,0.2737877865692838,0.3466478294374518,0.23082205615027268,0.39822258129670773,0.16740052514643505,0.5783287043927849,0.3032207221911436,0.18627562632482908
43,1584559146,signature,0,0.32860219263899765,0.4448714550755367,0.3779979732012161,0.4126843062007675,0.3048273076146233,-0.10785699858614423,0.562394253987991,0.4658582422031099,0.24581758727595387
43,1584559146,signature,1,0.30492917847025497,0.3252749909343648,0.3147736577377471,0.3564936376489598,0.33419511209856595,-0.022298525550393855,0.4828172368844573,0.35340593666881925,0.23163290771873887
43,1584559146,signature,2,0.4284214210710536,0.2739480752014324,0.33419795221843,0.23082205615027268,0.36097758028681076,0.13015552413653808,0.577500976697908,0.3027560472610871,0.18503774359236294
43,1584559146,combined,0,0.26928347689898197,0.45949557374311006,0.33956674689872246,0.4126843062007675,0.24185013128660876,-0.17083417491415875,0.5613793036772049,0.4520944997445072,0.2496373794951099
43,1584559146,combined,1,0.3313314447592068,0.3298736462093863,0.3306009384363163,0.3564936376489598,0.3580690769541507,0.0015754393051908844,0.45380676792411556,0.3306003746275263,0.2355673985424778
43,1584559146,combined,2,0.4586979348967448,0.264640549273021,0.3356383659879626,0.23082205615027268,0.40008079175924055,0.16925873560896787,0.5729755009624333,0.3056365700490092,0.1862089593420784
44,3323231533,statistics,0,0.3409759876065066,0.3281646041449232,0.33444765233247226,0.2607554029488992,0.27093516461320943,0.010179761664310227,0.5904261025256823,0.3332887350585165,0.19349577919379962
44,3323231533,statistics,1,0.1864945178809304,0.46870976049446306,0.266823046474124,0.39422338921430017,0.1568572005655423,-0.23736618864875786,0.5405513062184619,0.4311771921960935,0.24188578627040042
44,3323231533,statistics,2,0.6581196581196581,0.3968231556653724,0.49511142429313837,0.3450212078368006,0.5722076348212483,0.22718642698444763,0.6040477276420846,0.4469043350154542,0.21952362831956254
44,3323231533,signature,0,0.40975987606506586,0.3016995551499943,0.3475233215083432,0.2607554029488992,0.35415067663098365,0.09339527368208445,0.5728969917842313,0.33634152026588415,0.19410467860120623
44,3323231533,signature,1,0.21467363459370836,0.4244327390599676,0.2851309969377339,0.39422338921430017,0.19939406180569583,-0.19482932740860434,0.5432162208450109,0.43386098491734865,0.24163051516034967
44,3323231533,signature,2,0.5118838543496078,0.39558450959102426,0.44628183534935945,0.3450212078368006,0.44645526156332055,0.10143405372651992,0.5740809750028909,0.42410833800125136,0.221610702964674
44,3323231533,combined,0,0.33338497288923313,0.3198097785703671,0.32645631067961167,0.2607554029488992,0.2718238739648556,0.011068471015956372,0.5937261664402145,0.3422618296869041,0.19267433198216227
44,3323231533,combined,1,0.16538579772517675,0.45248107653490327,0.24223322827555155,0.39422338921430017,0.14409210260553423,-0.25013128660876593,0.5543419701003849,0.4368718878190754,0.24115574916225457
44,3323231533,combined,2,0.6691253951527925,0.39525555017636077,0.4969565217391304,0.3450212078368006,0.5840840234296102,0.23906281559280956,0.6085258046188141,0.45010663643376814,0.21923051999285656
45,320324471,statistics,0,0.5407868220450364,0.5620617430106548,0.5512190765383584,0.46103817410624115,0.44358715411028077,-0.017451019995960382,0.6236996530543064,0.5709172533128398,0.2510818206524036
45,320324471,statistics,1,0.24520936834634494,0.2726376011047544,0.25819710415693603,0.22767117753989094,0.2047667137951929,-0.02290446374469804,0.554428139754927,0.261960901229017,0.18593493131037597
45,320324471,statistics,2,0.45159615883726967,0.39977024698449165,0.4241057827067211,0.3112906483538679,0.35164613209452633,0.04035548374065845,0.6091695183652341,0.4348686871284971,0.20666324169886519
45,320324471,signature,0,0.7305704021729607,0.522202041711029,0.6090577063550037,0.46103817410624115,0.6450010098969905,0.18396283579074935,0.6166039377917891,0.5732244412910955,0.2555435112096834
45,320324471,signature,1,0.12349183818310859,0.25466520307354557,0.166328115664954,0.22767117753989094,0.11040193900222177,-0.11726923853766917,0.5138939018186903,0.23782803462995944,0.1871662813799875
45,320324471,signature,2,0.33311705164806643,0.42394715111478115,0.37308335150061767,0.3112906483538679,0.24459705110078772,-0.06669359725308016,0.5960696719766085,0.39822183930734395,0.20986302494927844
45,320324471,combined,0,0.5720669412073951,0.571916608269096,0.5719917648604844,0.46103817410624115,0.461159361745102,0.00012118763886087569,0.6357695019485035,0.5854231540681906,0.24993427238343463
45,320324471,combined,1,0.24414478353442157,0.2708128321196615,0.2567882803023234,0.22767117753989094,0.20525146435063624,-0.022419713189254703,0.5592113842587113,0.2668760892423331,0.18568937303667263
45,320324471,combined,2,0.44108486893329873,0.4116008718818116,0.42583312453019295,0.3112906483538679,0.33358917390426174,0.022298525550393855,0.6222237830937428,0.44297285744704656,0.20562822887762477
46,1965164083,statistics,0,0.40808279940857567,0.48705882352941177,0.4440868865647627,0.40981619874772773,0.3433649767723692,-0.06645122197535852,0.6079069171213165,0.5298563794338152,0.235941779920024
46,1965164083,statistics,1,0.21091871091871092,0.31033262561924985,0.2511454753722795,0.33593213492223795,0.2283175116138154,-0.10761462330842256,0.48387407045172115,0.3155892351984405,0.2312958528724059
46,1965164083,statistics,2,0.5691134413727359,0.3378289163444308,0.4239805882701071,0.2542516663300343,0.42831751161381537,0.17406584528378105,0.6475681856789036,0.39389465646345007,0.18313875389709092
46,1965164083,signature,0,0.5325776244455397,0.4849654429584418,0.5076576153340223,0.40981619874772773,0.45005049484952536,0.04023429610179763,0.6143794851450679,0.5626370167575668,0.2339558523712195
46,1965164083,signature,1,0.17316017316017315,0.37392884964944173,0.23670584367551573,0.33593213492223795,0.15556453241769339,-0.18036760250454456,0.5303728988487794,0.3489491985223078,0.22295133369897074
46,1965164083,signature,2,0.502065459167461,0.3236710027655434,0.393597807809678,0.2542516663300343,0.3943849727327813,0.14013330640274696,0.6181776130503096,0.3514273205363021,0.1866883050877168
46,1965164083,combined,0,0.4736323311976343,0.503036013400335,0.48789155708991216,0.40981619874772773,0.38586144213290247,-0.023954756614825268,0.6284138445652346,0.5565069181136262,0.23265360992153283
46,1965164083,combined,1,0.18506493506493507,0.3216973244147157,0.23496183206106871,0.33593213492223795,0.19325388810341346,-0.1426782468188245,0.4949352088928705,0.3254630639758914,0.22766829257416868
46,1965164083,combined,2,0.5665713377820146,0.3422593339092043,0.42673368036857534,0.2542516663300343,0.4208846697636841,0.16663300343364978,0.646865203359767,0.3868648156821022,0.18350782711223707
47,3754333007,statistics,0,0.39917913411889316,0.46002441257247484,0.42744736655561066,0.3051100787719653,0.2647545950313068,-0.04035548374065845,0.6261943329803189,0.47408721640309837,0.19883494591541898
47,3754333007,statistics,1,0.3985276561878233,0.4622663281790907,0.4280371834597713,0.4060593819430418,0.3500706927893355,-0.055988689153706306,0.5520934647958211,0.4507164528086348,0.24439425231273101
47,3754333007,statistics,2,0.45678321678321676,0.3425275301520713,0.39148936170212767,0.2888305392849929,0.3851747121793577,0.09634417289436481,0.6011129188902549,0.35574748961770575,0.20136269805222196
47,3754333007,signature,0,0.5372699589567059,0.4528512442807722,0.4914617899963667,0.3051100787719653,0.3619874772773177,0.05687739850535245,0.679082774560605,0.5126534146032042,0.19628061052385323
47,3754333007,signature,1,0.28710704337445286,0.4620557156580211,0.3541538839121365,0.4060593819430418,0.252312664108261,-0.15374671783478083,0.5653428601253756,0.4631732109572294,0.2443187375335366
47,3754333007,signature,2,0.47384615384615386,0.3548387096774194,0.4057971014492754,0.2888305392849929,0.38569985861442135,0.09686931932942844,0.6107595783937732,0.3691079872440684,0.20062687947791866
47,3754333007,combined,0,0.4079173838209983,0.474,0.43848288621646625,0.3051100787719653,0.26257321753181173,-0.042536861240153545,0.6475583395456821,0.4878361849243137,0.1969234217545646
47,3754333007,combined,1,0.3769399124552328,0.45999757193152846,0.4143474219476188,0.4060593819430418,0.3327408604322359,-0.07331852151080592,0.5553906396931156,0.4569086585696878,0.24413832948391473
47,3754333007,combined,2,0.4779020979020979,0.3410860451187862,0.39806616961789376,0.2888305392849929,0.40468592203595233,0.11585538275095941,0.6079161871925292,0.36185263334844703,0.20025084879994115
48,3015000268,statistics,0,0.29732142857142857,0.3583948339483395,0.32501394311210263,0.3167036962229853,0.26273480105029284,-0.05396889517269243,0.5562834166329849,0.3580768191935919,0.2190925014576396
48,3015000268,statistics,1,0.31420373027259685,0.308411214953271,0.31128052719989663,0.30971520904867705,0.3155322157139972,0.005817006665320146,0.49381310866918826,0.30656932503281875,0.2178997998778908
48,3015000268,statistics,2,0.4911332179930796,0.43505747126436783,0.4613978057700122,0.3735810947283377,0.42173298323570996,0.04815188850737223,0.580036344508329,0.43121497005683773,0.23174317896696547
48,3015000268,signature,0,0.2600765306122449,0.41200242473226917,0.31886777699585583,0.3167036962229853,0.19991920824075946,-0.11678448798222582,0.6000473669367244,0.3876699448081653,0.2126526277591599
48,3015000268,signature,1,0.29124820659971307,0.3026155305596964,0.29682307590057155,0.30971520904867705,0.29808119571803676,-0.011634013330640292,0.49858049573687313,0.3134963420538351,0.2159427770288621
48,3015000268,signature,2,0.5975346020761245,0.4446769131729299,0.5098961937716263,0.3735810947283377,0.5019995960412038,0.12841850131286608,0.6138370468588468,0.4890726396303305,0.22810066771221116
48,3015000268,combined,0,0.27920918367346936,0.3600328947368421,0.31451149425287356,0.3167036962229853,0.24560694809129469,-0.07109674813169059,0.5611929093245338,0.3626841150379497,0.21746562245820925
48,3015000268,combined,1,0.3087257075779314,0.3091692789968652,0.3089473340729622,0.30971520904867705,0.30927085437285395,-0.00044435467582309984,0.4954281955376635,0.3058236588487376,0.2172959780905175
48,3015000268,combined,2,0.5207612456747405,0.4370632543788003,0.47525534119504614,0.3735810947283377,0.44512219753585136,0.07154110280751363,0.5881658492548181,0.4433273415470607,0.22991767882302763
49,3650631629,statistics,0,0.35107348049591774,0.4713125845737483,0.4024030962971521,0.4007675217127853,0.2985255503938598,-0.10224197131892548,0.5694164464185496,0.46229172561992427,0.24489214577624244
49,3650631629,statistics,1,0.2635752688172043,0.3076078431372549,0.28389431777053925,0.30054534437487374,0.2575237325792769,-0.043021611795596826,0.49203365299525864,0.28913738086201146,0.21568280558179892
49,3650631629,statistics,2,0.5474709223694888,0.3683348498635123,0.44038294168842473,0.2986871339123409,0.4439507170268633,0.14526358311452237,0.6074312935651477,0.39418462124279163,0.20472003510137554
49,3650631629,signature,0,0.28656385445015625,0.4651505235602094,0.354643547682904,0.4007675217127853,0.2468996162391436,-0.15386790547364168,0.5804723705299369,0.45710528888933066,0.242729772771659
49,3650631629,signature,1,0.32271505376344084,0.2748712077847739,0.29687789799072645,0.30054534437487374,0.3528580084831347,0.052312664108260964,0.4638304510974697,0.29466104665335857,0.21373705416167862
49,3650631629,signature,2,0.5147416824452259,0.38413403310456196,0.43994913882788117,0.2986871339123409,0.40024237527772166,0.10155524136538074,0.624429389044871,0.41218068991707835,0.20560033440384873
49,3650631629,combined,0,0.3545005543795988,0.46899586611548205,0.40378874856486796,0.4007675217127853,0.30292870127247024,-0.09783882044031506,0.5718678979605596,0.4652952440159849,0.24365715701430338
49,3650631629,combined,1,0.2536290322580645,0.3022101217168482,0.2757965507161649,0.30054534437487374,0.2522318723490204,-0.04831347202585334,0.4855931793553355,0.287082665145992,0.21510891443432514
49,3650631629,combined,2,0.5551798755747903,0.3727751543770432,0.4460502010214061,0.2986871339123409,0.4448394263785094,0.14615229246616845,0.6134004219487973,0.4008751654142491,0.20401890748057305
50,185234551,statistics,0,0.41639767591994836,0.3846612595419847,0.3999007998015996,0.31286608765905877,0.3386790547364169,0.02581296707735814,0.603041654379435,0.4163893287456182,0.20778682860297523
50,185234551,statistics,1,0.1859005311443747,0.33624454148471616,0.23942786069651742,0.334639466774389,0.1850131286608766,-0.1496263381135124,0.4967886287770722,0.3441884178681468,0.22477207973294955
50,185234551,statistics,2,0.5726564290625716,0.4237978118904249,0.4871082516937174,0.35249444556655224,0.47630781660270655,0.12381337103615431,0.6154492901624973,0.45984518190086965,0.22006124816387201
50,185234551,signature,0,0.4600387346675274,0.39153846153846156,0.4230335411101217,0.31286608765905877,0.36760250454453647,0.0547364168854777,0.6226353578516264,0.4382803227797995,0.2062998681801235
50,185234551,signature,1,0.2066634476098503,0.3701621621621622,0.265241304516229,0.334639466774389,0.18683094324378913,-0.14780852353059987,0.5299224093171555,0.3554086440073656,0.22232798762780062
50,185234551,signature,2,0.5453816181526473,0.4314596554850408,0.48177768779105085,0.35249444556655224,0.4455665522116744,0.09307210664512217,0.6209784510303473,0.4619083109322702,0.2199444935121216
50,185234551,combined,0,0.40723047127178824,0.403118609406953,0.40516410816365855,0.31286608765905877,0.31605736214906077,0.003191274490002005,0.6289018915315451,0.4401238282033142,0.20523983748633895
50,185234551,combined,1,0.19036697247706422,0.34590919061197634,0.24558125048664642,0.334639466774389,0.18416481518885075,-0.15047465158553824,0.5155831220967768,0.3473795387445425,0.22392279498508755
50,185234551,combined,2,0.6019940407976163,0.4245877788554801,0.49796189212247605,0.35249444556655224,0.4997778226620885,0.14728337709553624,0.6310705154265217,0.474443457805599,0.2186584839319477
