candidate,baseline,regime,metric,n,mean,standard_deviation,standard_error,confidence,ci_low,ci_high,candidate_win_rate
signature,statistics,0,recall,50,0.06490485327615296,0.11086296785419575,0.01567839127043361,0.95,0.033397946421066346,0.09641176013123957,0.7
signature,statistics,0,precision,50,0.0009281996484236626,0.03288626977533484,0.004650820873213893,0.95,-0.00841797481071076,0.010274374107558087,0.46
signature,statistics,0,f1,50,0.03181458677889968,0.05866866866193919,0.008297002690808778,0.95,0.015141135629055693,0.04848803792874366,0.72
signature,statistics,0,predicted_proportion,50,0.051557261159361746,0.09526974685098571,0.013473176808051546,0.95,0.024481898680437396,0.0786326236382861,0.7
signature,statistics,0,prediction_excess,50,0.051557261159361746,0.09526974685098571,0.013473176808051546,0.95,0.024481898680437396,0.0786326236382861,0.7
signature,statistics,0,roc_auc,50,0.01742001990446626,0.022899480156700208,0.0032384755408899,0.95,0.010912059651445198,0.023927980157487323,0.72
signature,statistics,0,pr_auc,50,0.014982029835171874,0.02266715832981773,0.0032056202730486503,0.95,0.008540094714813835,0.021423964955529912,0.7
signature,statistics,0,brier,50,-0.0017404414946866132,0.0026365739488577564,0.0003728678636674226,0.95,-0.0024897475202339467,-0.0009911354691392797,0.26
combined,statistics,0,recall,50,0.008693898362164325,0.025443272539933684,0.003598222109712916,0.95,0.0014630003127943199,0.01592479641153433,0.64
combined,statistics,0,precision,50,0.00977193418128756,0.01063475805633895,0.0015039819075831078,0.95,0.006749569382718151,0.01279429897985697,0.88
combined,statistics,0,f1,50,0.009340418224715086,0.014830524228569026,0.00209735285011451,0.95,0.0051256298736025345,0.01355520657582764,0.82
combined,statistics,0,predicted_proportion,50,0.000281155322157145,0.021108107473787892,0.0029851371865459724,0.95,-0.0057177024473592875,0.006280013091673577,0.52
combined,statistics,0,prediction_excess,50,0.00028115532215714666,0.021108107473787892,0.0029851371865459724,0.95,-0.005717702447359286,0.0062800130916735785,0.52
combined,statistics,0,roc_auc,50,0.01273913148969743,0.007360685353331761,0.0010409581055042772,0.95,0.010647247857987067,0.014831015121407791,0.98
combined,statistics,0,pr_auc,50,0.012354299251896612,0.00819543130705723,0.0011590090103937396,0.95,0.010025183444999688,0.014683415058793536,0.98
combined,statistics,0,brier,50,-0.0017900151751383264,0.0009919877530430526,0.00014028825340614974,0.95,-0.0020719349752434365,-0.0015080953750332164,0.0
signature,statistics,1,recall,50,-0.03586490488088206,0.07942910359663896,0.01123297155535044,0.95,-0.05843840635789142,-0.013291403403872696,0.3
signature,statistics,1,precision,50,0.0036033026579446095,0.029849495138328925,0.004221356085461453,0.95,-0.004879829998503548,0.012086435314392767,0.46
signature,statistics,1,f1,50,-0.029077371401938796,0.053446958270936276,0.007558541325434694,0.95,-0.04426682887835037,-0.013887913925527216,0.32
signature,statistics,1,predicted_proportion,50,-0.034933548778024646,0.08399193984969315,0.011878254046546128,0.95,-0.05880379397029392,-0.011063303585755368,0.28
signature,statistics,1,prediction_excess,50,-0.034933548778024646,0.08399193984969315,0.011878254046546128,0.95,-0.05880379397029392,-0.011063303585755368,0.28
signature,statistics,1,roc_auc,50,0.007137751164957621,0.022313304888379067,0.0031555778394511554,0.95,0.0007963800799627926,0.013479122249952449,0.58
signature,statistics,1,pr_auc,50,0.0071067060841949,0.018229756944894055,0.002578076951023429,0.95,0.0019258664840045665,0.012287545684385233,0.68
signature,statistics,1,brier,50,-0.0020851670436896614,0.0019114737266500137,0.00027032320683482915,0.95,-0.0026284018661662995,-0.0015419322212130234,0.12
combined,statistics,1,recall,50,-0.011218296212255745,0.019422644710733225,0.0027467767567072986,0.95,-0.016738150764456897,-0.005698441660054593,0.24
combined,statistics,1,precision,50,0.0049256703720268954,0.010453914114639924,0.0014784067120807306,0.95,0.0019547008530238024,0.007896639891029988,0.74
combined,statistics,1,f1,50,-0.005763368434779786,0.01394012840284358,0.001971431864852378,0.95,-0.009725109092074642,-0.0018016277774849298,0.3
combined,statistics,1,predicted_proportion,50,-0.014318723490204004,0.01977835186756862,0.0027970813452502775,0.95,-0.019939668897855103,-0.008697778082552905,0.18
combined,statistics,1,prediction_excess,50,-0.014318723490204004,0.01977835186756862,0.0027970813452502775,0.95,-0.019939668897855103,-0.008697778082552905,0.18
combined,statistics,1,roc_auc,50,0.0058779729034117,0.008004729950245726,0.0011320397658771617,0.95,0.003603053822459374,0.008152891984364027,0.8
combined,statistics,1,pr_auc,50,0.004300400462345756,0.005868387139092464,0.0008299152681360409,0.95,0.002632623290584095,0.005968177634107416,0.76
combined,statistics,1,brier,50,-0.0009854508006306984,0.0007304745846268034,0.00010330470645480785,0.95,-0.0011930493806011854,-0.0007778522206602114,0.06
signature,statistics,2,recall,50,-0.017505860372507513,0.07692796619939839,0.010879257312496823,0.95,-0.03936854646605832,0.0043568257210433,0.4
signature,statistics,2,precision,50,0.004946792741986659,0.02262534394481922,0.003199706826011932,0.95,-0.001483258861640315,0.011376844345613632,0.58
signature,statistics,2,f1,50,-0.005969030412658544,0.028696433343227707,0.004058288522572812,0.95,-0.014124466532746672,0.0021864057074295834,0.44
signature,statistics,2,predicted_proportion,50,-0.016623712381337107,0.07439125880468389,0.010520512712359088,0.95,-0.0377654742099973,0.0045180494473230845,0.44
signature,statistics,2,prediction_excess,50,-0.016623712381337103,0.0743912588046839,0.01052051271235909,0.95,-0.0377654742099973,0.0045180494473230914,0.44
signature,statistics,2,roc_auc,50,0.0021784310085669434,0.02016217350061244,0.0028513619211485534,0.95,-0.0035515953002664444,0.00790845731740033,0.6
signature,statistics,2,pr_auc,50,0.006787895900808895,0.02679753850782405,0.003789744239598004,0.95,-0.0008278802781404321,0.014403672079758222,0.62
signature,statistics,2,brier,50,0.00012672550399718928,0.0027810225994474736,0.00039329598774046965,0.95,-0.0006636323738283433,0.000917083381822722,0.48
combined,statistics,2,recall,50,0.022426828739419723,0.021856562953763637,0.003090984775607389,0.95,0.016215262276015635,0.02863839520282381,0.86
combined,statistics,2,precision,50,0.0036927768664886847,0.008321564335674787,0.0011768469143671537,0.95,0.0013278144494844983,0.006057739283492871,0.72
combined,statistics,2,f1,50,0.010086582716028874,0.010962114049054738,0.0015502770360453853,0.95,0.006971184373701955,0.013201981058355792,0.9
combined,statistics,2,predicted_proportion,50,0.014037568168046853,0.017832002351343423,0.0025218259569538787,0.95,0.008969769172602591,0.019105367163491115,0.86
combined,statistics,2,prediction_excess,50,0.014037568168046848,0.017832002351343423,0.0025218259569538787,0.95,0.008969769172602587,0.019105367163491108,0.86
combined,statistics,2,roc_auc,50,0.009399431749159057,0.006617935993033472,0.0009359174836264993,0.95,0.007518635150066934,0.011280228348251181,0.94
combined,statistics,2,pr_auc,50,0.01033454435016664,0.008141074055155854,0.0011513217341085139,0.95,0.008020876703333476,0.012648211996999803,0.92
combined,statistics,2,brier,50,-0.0011313283978035505,0.0007709900251130036,0.00010903445499691829,0.95,-0.00135044133855924,-0.0009122154570478611,0.06
