window_size,metric,n,statistics_mean,signature_mean,delta_mean,ci_low,ci_high,signature_win_rate
25,recall_0,50,0.32943926630240433,0.3116822928315517,-0.017756973470852734,-0.04038244040229716,0.004868493460591691,0.42
25,recall_1,50,0.28516401656470935,0.23030353574734236,-0.054860480817366976,-0.07969053566030311,-0.030030425974430845,0.3
25,recall_2,50,0.48798983003578167,0.5863788745965192,0.0983890445607375,0.07021772865367612,0.1265603604677989,0.88
25,ba,50,0.3675310376342985,0.3761215677251377,0.008590530090839259,0.005484478186849278,0.011696581994829239,0.78
25,macro_f1,50,0.3527583356538199,0.3512732731279831,-0.0014850625258367323,-0.006518159702547751,0.003548034650874286,0.48
50,recall_0,50,0.38961329042349613,0.30359952293539505,-0.08601376748810105,-0.11065277917835298,-0.06137475579784912,0.2
50,recall_1,50,0.2825775215798109,0.226233605730558,-0.05634391584925289,-0.07729414064509474,-0.03539369105341104,0.26
50,recall_2,50,0.5299343080565123,0.6611933963642914,0.13125908830777905,0.10621634027672713,0.15630183633883096,0.94
50,ba,50,0.40070837335327314,0.3970088416767482,-0.0036995316765249843,-0.008730130464032631,0.0013310671109826614,0.5
50,macro_f1,50,0.3855363603578781,0.36835662541858694,-0.017179734939291112,-0.02377742506504972,-0.010582044813532504,0.22
100,recall_0,50,0.4483184756184177,0.3037618797927514,-0.1445565958256663,-0.16818932392787356,-0.12092386772345903,0.06
100,recall_1,50,0.2787755296661828,0.26368383411428664,-0.01509169555189619,-0.04201763385913928,0.011834242755346898,0.48
100,recall_2,50,0.5577451437917909,0.6634828218167016,0.10573767802491069,0.07351830425627534,0.13795705179354603,0.82
100,ba,50,0.4282797163587971,0.41030951190791326,-0.017970204450883917,-0.024598126281884968,-0.011342282619882866,0.22
100,macro_f1,50,0.4136320184545818,0.38386389539520643,-0.029768123059375422,-0.039435631683985006,-0.020100614434765837,0.2
200,recall_0,50,0.46022479842894337,0.3126415238826931,-0.14758327454625023,-0.17497262004214775,-0.1201939290503527,0.08
200,recall_1,50,0.2890627991818232,0.31522449536509667,0.026161696183273478,-0.007459966127977211,0.059783358494524166,0.62
200,recall_2,50,0.5465607941982413,0.5913375795538662,0.04477678535562496,0.013396989963330518,0.0761565807479194,0.66
200,ba,50,0.43194946393633593,0.40640119960055193,-0.025548264335783923,-0.03529539232820981,-0.015801136343358037,0.28
200,macro_f1,50,0.41830001143488976,0.3872192755990392,-0.031080735835850613,-0.04215179433439445,-0.02000967733730678,0.2
