family,unit,learner,budget,contrast,n,method,delta_points,ci_low,ci_high,p_raw,p_holm_family,p_holm_global,resolved_raw,resolved_family,resolved_global
classification,Design A,logistic,,statistics_logsig - statistics,50,paired t,0.8268518506350089,0.682012066005185,0.9716916352648328,1.737313549181581e-15,2.0395996155783023e-14,8.860299100826063e-14,True,True,True
classification,Design A,logistic,,statistics_rawsig - statistics,50,paired t,1.3028589661750656,1.0879547639658296,1.5177631683843016,1.9325738968583682e-16,3.092118234973389e-15,1.0822413822406861e-14,True,True,True
classification,Design A,logistic,,b3_logsig - b3,50,paired t,0.49195047604635733,0.36969831903009226,0.6142026330626223,1.40866552150408e-10,9.86065865052856e-10,6.620727951069177e-09,True,True,True
classification,Design A,logistic,,b3_rawsig - b3,50,paired t,1.036676593515385,0.8698247227346199,1.2035284642961501,7.737643598617935e-17,1.3927758477512282e-15,4.487833287198402e-15,True,True,True
classification,Design A,random_forest,,statistics_logsig - statistics,50,paired t,0.47143544063847287,0.3860703565920272,0.5568005246849185,5.663595024708022e-15,5.663595024708022e-14,2.8317975123540113e-13,True,True,True
classification,Design A,random_forest,,statistics_rawsig - statistics,50,paired t,0.8585922840086264,0.7284337994082813,0.9887507686089713,7.942536281575161e-18,1.667932619130784e-16,4.844947131760848e-16,True,True,True
classification,Design A,random_forest,,b3_logsig - b3,50,paired t,0.19031991598035014,0.10635069819147037,0.2742891337692299,3.493222862667702e-05,0.00010479668588003107,0.001502085830947112,True,True,True
classification,Design A,random_forest,,b3_rawsig - b3,50,paired t,0.5625465340587632,0.4596287158465252,0.6654643522710012,8.141056917686599e-15,7.326951225917939e-14,3.989117889666433e-13,True,True,True
classification,Design A,gbm,,statistics_logsig - statistics,50,paired t,0.7440621938928265,0.626657533948539,0.861466853837114,3.665302623933403e-17,6.964074985473466e-16,2.162528548120708e-15,True,True,True
classification,Design A,gbm,,statistics_rawsig - statistics,50,paired t,0.8471457970879053,0.7091931812351882,0.9850984129406222,1.1988959896627848e-16,2.038123182426734e-15,6.8337071410778736e-15,True,True,True
classification,Design A,gbm,,b3_logsig - b3,50,paired t,0.4157760078748196,0.34315047161860635,0.488401544131033,1.5689227812140788e-15,2.0395996155783023e-14,8.315290740434617e-14,True,True,True
classification,Design A,gbm,,b3_rawsig - b3,50,paired t,0.4861364820448822,0.40407032767149087,0.5682026364182735,4.538751262794546e-16,6.354251767912364e-15,2.4509256819090547e-14,True,True,True
classification,Design B,logistic,,statistics_logsig - statistics,50,paired t,1.8811088808931093,1.5942118446897524,2.1680059170964663,1.0023398525777462e-17,2.0046797051554922e-16,6.014039115466476e-16,True,True,True
classification,Design B,logistic,,statistics_rawsig - statistics,50,paired t,4.5297210455335115,4.073422108156818,4.986019982910205,3.603573906826813e-25,8.28821998570167e-24,2.270251561300892e-23,True,True,True
classification,Design B,logistic,,b3_logsig - b3,50,paired t,1.4531648535559065,1.2347055609693118,1.6716241461425012,5.752770504047515e-18,1.2656095108904531e-16,3.566717712509459e-16,True,True,True
classification,Design B,logistic,,b3_rawsig - b3,50,paired t,4.057679451347687,3.6996303495423057,4.415728553153067,1.0189594246444643e-27,2.4455026191467142e-26,6.521340317724572e-26,True,True,True
classification,Design B,random_forest,,statistics_logsig - statistics,50,paired t,1.1581355979531687,0.8760402111692637,1.4402309847370736,7.936262708205998e-11,6.349010166564799e-10,3.80940609993888e-09,True,True,True
classification,Design B,random_forest,,statistics_rawsig - statistics,50,paired t,1.2830641635002693,0.9441433375325613,1.6219849894679772,7.637910820397805e-10,4.582746492238683e-09,3.51343897738299e-08,True,True,True
classification,Design B,random_forest,,b3_logsig - b3,50,paired t,0.35296055830238193,0.17566721851857625,0.5302538980861876,0.0002129930497851602,0.0002129930497851602,0.008732715041191568,True,True,True
classification,Design B,random_forest,,b3_rawsig - b3,50,paired t,0.40702647706714057,0.21532450567735162,0.5987284484569295,9.03792363150674e-05,0.0001807584726301348,0.003795927925232831,True,True,True
classification,Design B,gbm,,statistics_logsig - statistics,50,paired t,1.442308481875838,1.2004843651179031,1.6841325986337727,3.5325931880860893e-16,5.298889782129134e-15,1.9429262534473492e-14,True,True,True
classification,Design B,gbm,,statistics_rawsig - statistics,50,paired t,1.457364827081046,1.2023066876803232,1.7124229664817685,1.6821923581365547e-15,2.0395996155783023e-14,8.747400262310085e-14,True,True,True
classification,Design B,gbm,,b3_logsig - b3,50,paired t,0.4759026286726932,0.32553526818391065,0.6262699891614757,6.501910737998815e-08,2.600764295199526e-07,2.860840724719479e-06,True,True,True
classification,Design B,gbm,,b3_rawsig - b3,50,paired t,0.5263254525216663,0.3674472391591436,0.6852036658841889,2.2537181673107794e-08,1.1268590836553897e-07,1.0141731752898508e-06,True,True,True
detection,Design A,selected,0.5,statistics_logsig - statistics,50,paired t,-0.19425300088918043,-1.3987624010301711,1.01025639925181,0.7472514313060699,1.0,1.0,False,False,False
detection,Design A,selected,0.5,statistics_rawsig - statistics,50,paired t,-0.4770196141013998,-1.635406619319844,0.6813673911170444,0.4119456032927582,1.0,1.0,False,False,False
detection,Design A,selected,0.5,b3_logsig - b3,50,paired t,0.11945824092736335,-0.8211729532739003,1.060089435128627,0.7996276042162598,1.0,1.0,False,False,False
detection,Design A,selected,0.5,b3_rawsig - b3,50,paired t,0.0955326995017382,-0.9554625201092073,1.1465279191126836,0.8558144776028652,1.0,1.0,False,False,False
detection,Design A,selected,1.0,statistics_logsig - statistics,50,paired t,-0.03644120591564143,-1.610257084297212,1.5373746724659292,0.9630760950443873,1.0,1.0,False,False,False
detection,Design A,selected,1.0,statistics_rawsig - statistics,50,paired t,-0.7491198994642918,-2.2401578896613366,0.7419180907327529,0.31762728475845664,1.0,1.0,False,False,False
detection,Design A,selected,1.0,b3_logsig - b3,50,paired t,1.051615443987218,-0.33829404593037715,2.441524933904813,0.13482285081608006,1.0,1.0,False,False,False
detection,Design A,selected,1.0,b3_rawsig - b3,50,paired t,0.23126769754423213,-1.5760726664608717,2.038608061549336,0.7981430477259881,1.0,1.0,False,False,False
detection,Design A,selected,2.0,statistics_logsig - statistics,50,paired t,-0.6323601334858783,-3.278363809399617,2.0136435424278605,0.633178212313604,1.0,1.0,False,False,False
detection,Design A,selected,2.0,statistics_rawsig - statistics,50,paired t,1.5753496887823695,-1.3381347328508553,4.488834110415595,0.2825314225241347,1.0,1.0,False,False,False
detection,Design A,selected,2.0,b3_logsig - b3,50,paired t,1.9094734052735156,-0.43611888668317783,4.25506569723021,0.1082619384563829,1.0,1.0,False,False,False
detection,Design A,selected,2.0,b3_rawsig - b3,50,paired t,3.544086147067272,1.3540493485315188,5.7341229456030245,0.0020767550699714982,0.06645616223908794,0.08099344772888843,True,False,False
detection,Design A,selected,5.0,statistics_logsig - statistics,50,paired t,0.6529413302306006,-0.7164504623098203,2.0223331227710215,0.3426721097386335,1.0,1.0,False,False,False
detection,Design A,selected,5.0,statistics_rawsig - statistics,50,paired t,1.7688815846008275,0.3985687740553696,3.1391943951462853,0.012473890952525433,0.3866906195282884,0.4490600742909156,True,False,False
detection,Design A,selected,5.0,b3_logsig - b3,50,paired t,0.6196379332625181,-0.24713208895892147,1.486407955483958,0.15718386386728675,1.0,1.0,False,False,False
detection,Design A,selected,5.0,b3_rawsig - b3,50,paired t,0.31110871947073515,-0.8314412099267621,1.4536586488682324,0.5867292096954543,1.0,1.0,False,False,False
detection,Design B,selected,0.5,statistics_logsig - statistics,50,paired t,-0.13476494621815133,-1.748895944956786,1.4793660525204833,0.8674462504202282,1.0,1.0,False,False,False
detection,Design B,selected,0.5,statistics_rawsig - statistics,50,paired t,0.011031601390391638,-1.5238763967219708,1.5459395995027543,0.9885351202957932,1.0,1.0,False,False,False
detection,Design B,selected,0.5,b3_logsig - b3,50,paired t,-0.1689784032796834,-1.4510100546319376,1.1130532480725706,0.7922188129122106,1.0,1.0,False,False,False
detection,Design B,selected,0.5,b3_rawsig - b3,50,paired t,-0.3167275745262451,-1.9849006705929693,1.351445521540479,0.7044463347489676,1.0,1.0,False,False,False
detection,Design B,selected,1.0,statistics_logsig - statistics,50,paired t,-1.1321322292822615,-2.532394084768113,0.26812962620358993,0.1106273074713498,1.0,1.0,False,False,False
detection,Design B,selected,1.0,statistics_rawsig - statistics,50,paired t,0.24830202474606175,-1.4755168765587159,1.9721209260508392,0.7734484623094924,1.0,1.0,False,False,False
detection,Design B,selected,1.0,b3_logsig - b3,50,paired t,0.2592861868164312,-1.0992638016422234,1.6178361752750856,0.7029802565582399,1.0,1.0,False,False,False
detection,Design B,selected,1.0,b3_rawsig - b3,50,paired t,0.6136268215781312,-1.3830563112222467,2.6103099543785095,0.5397060992163164,1.0,1.0,False,False,False
detection,Design B,selected,2.0,statistics_logsig - statistics,50,paired t,0.2730102521021507,-2.405654037074144,2.9516745412784458,0.8385639253589457,1.0,1.0,False,False,False
detection,Design B,selected,2.0,statistics_rawsig - statistics,50,paired t,2.3317433738505375,0.22219070165816723,4.4412960460429085,0.03098745112363933,0.8986360825855406,1.0,True,False,False
detection,Design B,selected,2.0,b3_logsig - b3,50,paired t,1.6283478106033096,-0.441973762528651,3.69866938373527,0.12041078581322621,1.0,1.0,False,False,False
detection,Design B,selected,2.0,b3_rawsig - b3,50,paired t,1.967558913188151,-0.45727134426182325,4.3923891706381255,0.10938423722834344,1.0,1.0,False,False,False
detection,Design B,selected,5.0,statistics_logsig - statistics,50,paired t,0.5250358732838127,-2.4399606054467964,3.4900323520144214,0.723479126321477,1.0,1.0,False,False,False
detection,Design B,selected,5.0,statistics_rawsig - statistics,50,paired t,3.2382476820461186,0.05133787722733027,6.425157486864908,0.04655863024148969,1.0,1.0,True,False,False
detection,Design B,selected,5.0,b3_logsig - b3,50,paired t,-0.35582493660878894,-2.5210700563871384,1.8094201831695607,0.7426242295734296,1.0,1.0,False,False,False
detection,Design B,selected,5.0,b3_rawsig - b3,50,paired t,3.1712211885776034,0.3726986059828796,5.969743771172327,0.027176136089560484,0.8152840826868145,0.9239886270450565,True,False,False
market,United States,selected,,statistics_logsig - statistics,5262,stationary bootstrap,2.133379189253881,-0.679183028687861,4.87687375661964,0.1375,0.55,1.0,False,False,False
market,United States,selected,,statistics_rawsig - statistics,5262,stationary bootstrap,3.6792109726082938,1.3618147388012216,6.025196029447563,0.003,0.021,0.114,True,True,False
market,United States,selected,,b3_logsig - b3,5262,stationary bootstrap,3.602007599904855,1.3000378970125943,5.977688317626152,0.0015,0.012,0.06,True,True,False
market,United States,selected,,b3_rawsig - b3,5262,stationary bootstrap,3.720069082782695,0.9446089982771508,6.31223303332901,0.0075,0.045,0.27749999999999997,True,True,False
market,Developed ex US,selected,,statistics_logsig - statistics,5457,stationary bootstrap,1.3215929316078068,-1.1914896382009736,3.838097786965074,0.2875,0.8624999999999999,1.0,False,False,False
market,Developed ex US,selected,,statistics_rawsig - statistics,5457,stationary bootstrap,-0.4903309253525112,-3.695022172609765,2.882264089663652,0.7755000000000001,0.8624999999999999,1.0,False,False,False
market,Developed ex US,selected,,b3_logsig - b3,5457,stationary bootstrap,-1.1321975922208738,-3.3306862962328494,0.9850133975277904,0.3155,0.8624999999999999,1.0,False,False,False
market,Developed ex US,selected,,b3_rawsig - b3,5457,stationary bootstrap,-3.187830839996264,-5.820704977163208,-0.5254028901121748,0.0185,0.0925,0.6475,True,False,False
