scenario,model_family,contrast,candidate,baseline,n,mean,standard_deviation,standard_error,confidence,ci_low,ci_high,candidate_win_rate
a_scale,logistic,incremental_signature_over_b3,b3_signature,b3,20,0.011330316018528814,0.007139807487266094,0.001596509488778895,0.95,0.007988783255423548,0.01467184878163408,0.95
a_scale,logistic,temporal_order_effect,signature,shuffled_signature,20,0.008411741558195901,0.007794542029906139,0.0017429125832349325,0.95,0.0047637835967543445,0.012059699519637458,0.9
a_scale,logistic,long_range_order_effect,signature,block_shuffled_signature,20,0.00787222602652245,0.006863219954745531,0.0015346626363344038,0.95,0.004660140213272943,0.011084311839771958,0.9
a_scale,random_forest,incremental_signature_over_b3,b3_signature,b3,20,0.003421701654188014,0.004799039327546366,0.0010730978163088552,0.95,0.0011756821119206008,0.005667721196455427,0.8
a_scale,random_forest,temporal_order_effect,signature,shuffled_signature,20,0.006461817289982091,0.005586818190178608,0.0012492505251171715,0.95,0.0038471058909296976,0.009076528689034484,0.95
a_scale,random_forest,long_range_order_effect,signature,block_shuffled_signature,20,0.006773954799203124,0.0049477622691165716,0.001106353277025326,0.95,0.004458330777715708,0.00908957882069054,0.95
b_dynamics,logistic,incremental_signature_over_b3,b3_signature,b3,20,0.030555626956352788,0.017394091184161138,0.0038894370294614115,0.95,0.022414941695583834,0.03869631221712174,1.0
b_dynamics,logistic,temporal_order_effect,signature,shuffled_signature,20,0.043755264739931424,0.018953928623505308,0.004238227284283688,0.95,0.034884553085876256,0.05262597639398659,1.0
b_dynamics,logistic,long_range_order_effect,signature,block_shuffled_signature,20,0.03856451482415295,0.014234505491865602,0.0031829321905905562,0.95,0.03190256118569653,0.045226468462609366,1.0
b_dynamics,random_forest,incremental_signature_over_b3,b3_signature,b3,20,0.00013552390358549383,0.007664968346025123,0.0017139390267096304,0.95,-0.003451791707106849,0.003722839514277837,0.45
b_dynamics,random_forest,temporal_order_effect,signature,shuffled_signature,20,0.008670380104431271,0.012599550543350432,0.0028173451500875975,0.95,0.0027736089357274715,0.01456715127313507,0.65
b_dynamics,random_forest,long_range_order_effect,signature,block_shuffled_signature,20,0.008259704222095678,0.011931989479927666,0.0026680739583930624,0.95,0.0026753612482387275,0.013844047195952629,0.7
