scenario,model_family,representation,n,mean,standard_deviation,standard_error,confidence,ci_low,ci_high
a_scale,logistic,b1,20,0.7302520106660084,0.033242443458926005,0.007433236331235178,0.95,0.7146940682226318,0.745809953109385
a_scale,logistic,b2,20,0.723869343080622,0.03443215966956873,0.007699264963328237,0.95,0.7077545963111133,0.7399840898501308
a_scale,logistic,b3,20,0.7197299764864923,0.03279004496500451,0.007332076952702479,0.95,0.7043837630557136,0.735076189917271
a_scale,logistic,b3_signature,20,0.7310602925050209,0.03307366429295994,0.007395496162406593,0.95,0.7155813411428199,0.7465392438672219
a_scale,logistic,block_shuffled_signature,20,0.7317844795154999,0.03154531389414825,0.0070537466238884084,0.95,0.7170208181580003,0.7465481408729994
a_scale,logistic,shuffled_signature,20,0.7312449639838264,0.031146512051043667,0.006964571820815004,0.95,0.7166679476342067,0.7458219803334462
a_scale,logistic,signature,20,0.7396567055420223,0.030993769010986324,0.006930417438749184,0.95,0.7251511751356298,0.7541622359484149
a_scale,random_forest,b1,20,0.7353825186823302,0.03877483842988237,0.00867031745457882,0.95,0.7172353356905409,0.7535297016741195
a_scale,random_forest,b2,20,0.7361878044338205,0.03909460010335153,0.008741818338426431,0.95,0.7178909683722267,0.7544846404954143
a_scale,random_forest,b3,20,0.7358709916497977,0.03969184010509718,0.008875365262704969,0.95,0.7172946386632968,0.7544473446362987
a_scale,random_forest,b3_signature,20,0.7392926933039858,0.039017706581203675,0.008724624424171233,0.95,0.7210318445185177,0.757553542089454
a_scale,random_forest,block_shuffled_signature,20,0.7295857735943474,0.03700124559291494,0.008273730039792232,0.95,0.712268657601382,0.7469028895873128
a_scale,random_forest,shuffled_signature,20,0.7298979111035684,0.03703523727304358,0.008281330810535939,0.95,0.7125648865146044,0.7472309356925324
a_scale,random_forest,signature,20,0.7363597283935506,0.03571640912843155,0.007986431872336695,0.95,0.719643934375857,0.7530755224112441
b_dynamics,logistic,b1,20,0.37927629334073754,0.03065413637494754,0.0068544732725931675,0.95,0.3649297159009015,0.39362287078057356
b_dynamics,logistic,b2,20,0.38161524373505007,0.02351781206071197,0.005258742644981637,0.95,0.37060856888316096,0.3926219185869392
b_dynamics,logistic,b3,20,0.3792821627243118,0.02425745357526522,0.005424131515533834,0.95,0.36792932498802555,0.39063500046059807
b_dynamics,logistic,b3_signature,20,0.4098377896806646,0.02825430446268181,0.006317854543553219,0.95,0.39661436814875517,0.423061211212574
b_dynamics,logistic,block_shuffled_signature,20,0.38255161119031345,0.027704060014841353,0.006194816144591909,0.95,0.36958571198704593,0.39551751039358096
b_dynamics,logistic,shuffled_signature,20,0.37736086127453494,0.02880363540354527,0.006440688676144681,0.95,0.3638803449484092,0.3908413776006607
b_dynamics,logistic,signature,20,0.42111612601446635,0.02669918363672751,0.005970118955547276,0.95,0.4086205234328272,0.43361172859610553
b_dynamics,random_forest,b1,20,0.38815585839178984,0.023964120811636437,0.0053585403155836505,0.95,0.3769403046147568,0.3993714121688229
b_dynamics,random_forest,b2,20,0.39227083192122414,0.028968464129933005,0.00647754549982945,0.95,0.3787131733765571,0.4058284904658912
b_dynamics,random_forest,b3,20,0.3927449687230687,0.027758297738689805,0.00620694406833891,0.95,0.37975368548366867,0.4057362519624687
b_dynamics,random_forest,b3_signature,20,0.3928804926266542,0.02989175760132207,0.006684000196350221,0.95,0.37889071943602365,0.40687026581728475
b_dynamics,random_forest,block_shuffled_signature,20,0.3786925899384842,0.026700814658385003,0.005970483663077169,0.95,0.3661962240152121,0.3911889558617563
b_dynamics,random_forest,shuffled_signature,20,0.37828191405614864,0.026748770603070706,0.005981206938301414,0.95,0.36576310405989015,0.3908007240524071
b_dynamics,random_forest,signature,20,0.38695229416057986,0.022646881400080438,0.005063996628895547,0.95,0.3763532274048591,0.3975513609163006
