metric,n,mean,standard_deviation,standard_error,confidence,ci_low,ci_high,positive_count,positive_share
BA_hmm_direct,50,0.7232700624968394,0.02938249038594249,0.004155311640009695,0.95,0.7149196511225211,0.7316204738711578,,
BA_random_forest_hmm,50,0.7263935959219059,0.028196373902084203,0.003987569438207027,0.95,0.7183802751225516,0.7344069167212601,,
BA_random_forest_statistics,50,0.7349271327027681,0.02709752240560868,0.0038321683692720612,0.95,0.727226102043369,0.7426281633621672,,
BA_random_forest_statistics_logsig,50,0.7396414871091528,0.026160634122651297,0.0036996723576533837,0.95,0.732206717153721,0.7470762570645846,,
BA_random_forest_statistics_rawsig,50,0.7435130555428543,0.02711873589529238,0.003835168409753656,0.95,0.7358059960763931,0.7512201150093155,,
BA_random_forest_b3,50,0.7377679249781359,0.02816686839994427,0.003983396730077934,0.95,0.7297629895497098,0.7457728604065621,,
BA_random_forest_b3_logsig,50,0.7396711241379395,0.026821794151929954,0.0037931745056838705,0.95,0.7320484545812072,0.7472937936946717,,
BA_random_forest_b3_rawsig,50,0.7433933903187235,0.027377708500526957,0.0038717926668142394,0.95,0.7356127316521951,0.751174048985252,,
BA_random_forest_logsig,50,0.7359517490290912,0.027096789822844077,0.0038320647664239348,0.95,0.7282509265674102,0.7436525714907722,,
BA_random_forest_rawsig,50,0.7419835179809715,0.02670554741085658,0.003776734733903107,0.95,0.7343938853825139,0.7495731505794291,,
BA_random_forest_logsig_shuffled,50,0.732824544720634,0.028632958886187863,0.00404931187877181,0.95,0.7246871478416409,0.740961941599627,,
BA_random_forest_rawsig_shuffled,50,0.7350369136934699,0.027806546690994104,0.003932439545316457,0.95,0.7271343805616942,0.7429394468252456,,
BA_random_forest_statistics_logsig_shuffled,50,0.7372737018867128,0.02744076197316554,0.0038807097744302595,0.95,0.7294751236215323,0.7450722801518933,,
BA_random_forest_statistics_rawsig_shuffled,50,0.738318428180569,0.02749177581678677,0.003887924221382052,0.95,0.7305053519414447,0.7461315044196933,,
BA_random_forest_b3_logsig_shuffled,50,0.7383318981983887,0.027649010843594432,0.003910160612121201,0.95,0.7304741362590719,0.7461896601377056,,
BA_random_forest_b3_rawsig_shuffled,50,0.7384242085340034,0.02775928051470076,0.0039257550985609,0.95,0.7305351083009015,0.7463133087671052,,
BA_logistic_hmm,50,0.725570191441909,0.02866165971449666,0.004053370788836374,0.95,0.7174246378777605,0.7337157450060576,,
BA_logistic_statistics,50,0.7302771496757888,0.026555263385405804,0.0037554813632030555,0.95,0.7227302273247956,0.737824072026782,,
BA_logistic_statistics_logsig,50,0.738545668182139,0.02569759709284518,0.003634189032910107,0.95,0.7312424918945561,0.7458488444697218,,
BA_logistic_statistics_rawsig,50,0.7433057393375395,0.025584560788572464,0.0036182032854558065,0.95,0.7360346876121878,0.7505767910628912,,
BA_logistic_b3,50,0.7260913296876119,0.02648256260279374,0.0037451999199265436,0.95,0.7185650686704291,0.7336175907047947,,
BA_logistic_b3_logsig,50,0.7310108344480755,0.026725132469009823,0.003779504479389125,0.95,0.723415635837676,0.7386060330584749,,
BA_logistic_b3_rawsig,50,0.7364580956227657,0.026963183932739648,0.0038131700402440735,0.95,0.7287952435349281,0.7441209477106032,,
BA_logistic_logsig,50,0.7354538121363343,0.024245061486634262,0.003428769477496777,0.95,0.7285634419005322,0.7423441823721364,,
BA_logistic_rawsig,50,0.7430881976276147,0.025749535485143877,0.003641534230789774,0.95,0.7357702606122611,0.7504061346429682,,
BA_logistic_logsig_shuffled,50,0.7279066201587087,0.026842622942067983,0.003796120141433973,0.95,0.7202780311253154,0.7355352091921019,,
BA_logistic_rawsig_shuffled,50,0.7346600028166366,0.026833264678426,0.0037947966830976974,0.95,0.7270340733723433,0.7422859322609299,,
BA_logistic_statistics_logsig_shuffled,50,0.7339613192156423,0.02571013679318709,0.0036359624143392695,0.95,0.7266545791846535,0.7412680592466312,,
BA_logistic_statistics_rawsig_shuffled,50,0.7391804127000573,0.025477304066820812,0.00360303489440012,0.95,0.7319398429977583,0.7464209824023563,,
BA_logistic_b3_logsig_shuffled,50,0.7258879152188271,0.026508616033987055,0.0037488844315005376,0.95,0.7183542498984243,0.7334215805392299,,
BA_logistic_b3_rawsig_shuffled,50,0.7319293534278715,0.026396340593137693,0.003733006286383479,0.95,0.7244275964347074,0.7394311104210355,,
BA_gbm_hmm,50,0.7262933666200078,0.028063914066537597,0.003968836788617054,0.95,0.7183176904893954,0.7342690427506201,,
BA_gbm_statistics,50,0.7281580678418896,0.024991403792866115,0.0035343182186613666,0.95,0.7210555894695331,0.7352605462142462,,
BA_gbm_statistics_logsig,50,0.7355986897808177,0.024437809204038145,0.0034560281211036795,0.95,0.7286535412498254,0.7425438383118099,,
BA_gbm_statistics_rawsig,50,0.7366295258127685,0.023856053800921026,0.0033737554829964735,0.95,0.7298497103380098,0.7434093412875272,,
BA_gbm_b3,50,0.7284091493457905,0.025143336720728438,0.0035558047793767616,0.95,0.7212634921130892,0.7355548065784918,,
BA_gbm_b3_logsig,50,0.7325669094245386,0.024249809493868502,0.0034294409471192673,0.95,0.7256751898200107,0.7394586290290666,,
BA_gbm_b3_rawsig,50,0.7332705141662391,0.02506454015078369,0.0035446612615883276,0.95,0.7261472506709399,0.7403937776615384,,
BA_gbm_logsig,50,0.740883439328819,0.025600702387771443,0.003620486052306365,0.95,0.7336078002117323,0.7481590784459056,,
BA_gbm_rawsig,50,0.7403269585194927,0.025699985209588126,0.0036345267636187476,0.95,0.733023103536641,0.7476308135023444,,
BA_gbm_logsig_shuffled,50,0.7344949584765772,0.027258590422738593,0.0038549468267010277,0.95,0.7267481527931888,0.7422417641599656,,
BA_gbm_rawsig_shuffled,50,0.7342695148496416,0.027287372572859278,0.003859017237406521,0.95,0.7265145293696946,0.7420245003295887,,
BA_gbm_statistics_logsig_shuffled,50,0.7311334241471475,0.024717428106843256,0.0034955722055679665,0.95,0.7241088088032409,0.7381580394910542,,
BA_gbm_statistics_rawsig_shuffled,50,0.7313906218595595,0.024586424924880335,0.0034770455579033674,0.95,0.7244032372080267,0.7383780065110923,,
BA_gbm_b3_logsig_shuffled,50,0.7284214860215912,0.025127235745792426,0.0035535277576645677,0.95,0.721280404635337,0.7355625674078453,,
BA_gbm_b3_rawsig_shuffled,50,0.728185496099493,0.02528701040208513,0.0035761233062498324,0.95,0.7209990072583327,0.7353719849406534,,
Delta_random_forest_statistics_logsig_minus_statistics,50,0.004714354406384728,0.0030037307730777577,0.0004247916797003986,0.95,0.003860703565920272,0.005568005246849184,49.0,0.98
Delta_random_forest_statistics_rawsig_minus_statistics,50,0.008585922840086264,0.004579870680599444,0.000647691523041863,0.95,0.0072843379940828136,0.009887507686089713,50.0,1.0
Delta_random_forest_b3_logsig_minus_b3,50,0.0019031991598035013,0.002954614597772755,0.00041784560357557566,0.95,0.0010635069819147037,0.002742891337692299,37.0,0.74
Delta_random_forest_b3_rawsig_minus_b3,50,0.005625465340587632,0.003621356683652129,0.0005121371736211295,0.95,0.004596287158465252,0.0066546435227100124,48.0,0.96
Delta_random_forest_statistics_logsig_shuffled_minus_statistics,50,0.0023465691839447576,0.002468399634448713,0.00034908442403941604,0.95,0.0016450577697276242,0.003048080598161891,41.0,0.82
Delta_random_forest_statistics_rawsig_shuffled_minus_statistics,50,0.003391295477800871,0.004217074534887274,0.0005963844000775794,0.95,0.00219281615559479,0.004589774800006952,40.0,0.8
Delta_random_forest_b3_logsig_shuffled_minus_b3,50,0.0005639732202528669,0.0016675176589774133,0.00023582260888224915,0.95,9.00699450878852e-05,0.0010378764954178485,32.0,0.64
Delta_random_forest_b3_rawsig_shuffled_minus_b3,50,0.000656283555867283,0.0025589852571094953,0.00036189516565170496,0.95,-7.097200746316733e-05,0.0013835391191977333,33.0,0.66
Delta_random_forest_logsig_minus_logsig_shuffled,50,0.0031272043084572586,0.0032822966350599934,0.0004641868417033416,0.95,0.0021943859259689934,0.004060022690945524,41.0,0.82
Delta_random_forest_rawsig_minus_rawsig_shuffled,50,0.0069466042875015125,0.0031957205818103607,0.000451943138835105,0.95,0.006038390547108024,0.007854818027895002,50.0,1.0
Delta_random_forest_statistics_logsig_minus_statistics_logsig_shuffled,50,0.002367785222439971,0.0028633185471994955,0.00040493439228439537,0.95,0.0015540390950432726,0.0031815313498366688,39.0,0.78
Delta_random_forest_statistics_rawsig_minus_statistics_rawsig_shuffled,50,0.005194627362285393,0.002990248646756771,0.000422885019111122,0.95,0.004344808099726757,0.006044446624844029,49.0,0.98
Delta_random_forest_b3_logsig_minus_b3_logsig_shuffled,50,0.0013392259395506344,0.002300637090465427,0.0003253592175434784,0.95,0.0006853921128035151,0.0019930597662977537,38.0,0.76
Delta_random_forest_b3_rawsig_minus_b3_rawsig_shuffled,50,0.004969181784720349,0.0025531273922254896,0.00036106673845515396,0.95,0.004243591008169852,0.0056947725612708465,50.0,1.0
Delta_random_forest_statistics_rawsig_minus_statistics_logsig,50,0.0038715684337015353,0.0036330790207778573,0.0005137949624357209,0.95,0.002839058800228963,0.0049040780671741075,43.0,0.86
Delta_random_forest_b3_rawsig_minus_b3_logsig,50,0.003722266180784131,0.0025860587373661994,0.0003657239339476721,0.95,0.0029873164194973993,0.004457215942070862,45.0,0.9
Delta_random_forest_b3_minus_statistics,50,0.0028407922753678093,0.003648438198817779,0.0005159670782248169,0.95,0.0018039176117932922,0.0038776669389423263,40.0,0.8
Delta_random_forest_hmm_minus_statistics,50,-0.00853353678086233,0.007390847703596102,0.0010452237059859653,0.95,-0.010633992457672178,-0.00643308110405248,4.0,0.08
Delta_logistic_statistics_logsig_minus_statistics,50,0.00826851850635009,0.0050964597893659695,0.0007207482554210481,0.95,0.006820120660051851,0.009716916352648328,46.0,0.92
Delta_logistic_statistics_rawsig_minus_statistics,50,0.013028589661750656,0.007561807882581057,0.0010694011263605908,0.95,0.010879547639658297,0.015177631683843016,49.0,0.98
Delta_logistic_b3_logsig_minus_b3,50,0.004919504760463573,0.004301671698760295,0.0006083482457263321,0.95,0.0036969831903009226,0.0061420263306262235,43.0,0.86
Delta_logistic_b3_rawsig_minus_b3,50,0.01036676593515385,0.005870996372909278,0.000830284269521155,0.95,0.008698247227346198,0.012035284642961502,48.0,0.96
Delta_logistic_statistics_logsig_shuffled_minus_statistics,50,0.0036841695398534234,0.0028957262131575775,0.000409517528356673,0.95,0.0028612132556974823,0.004507125824009365,45.0,0.9
Delta_logistic_statistics_rawsig_shuffled_minus_statistics,50,0.008903263024268287,0.00639294705977283,0.0009040992435463938,0.95,0.007086407572530177,0.010720118476006396,45.0,0.9
Delta_logistic_b3_logsig_shuffled_minus_b3,50,-0.00020341446878469727,0.0013219155678695993,0.0001869470924393319,0.95,-0.0005790987164040895,0.00017226977883469494,22.0,0.44
Delta_logistic_b3_rawsig_shuffled_minus_b3,50,0.00583802374025959,0.00480958156040446,0.000680177547206354,0.95,0.004471155784542397,0.007204891695976783,45.0,0.9
Delta_logistic_logsig_minus_logsig_shuffled,50,0.007547191977625616,0.007107669983479262,0.0010051763287508525,0.95,0.005527214518419423,0.009567169436831809,43.0,0.86
Delta_logistic_rawsig_minus_rawsig_shuffled,50,0.008428194810978224,0.005405531893998776,0.0007644576516333393,0.95,0.006891959644421895,0.009964429977534554,44.0,0.88
Delta_logistic_statistics_logsig_minus_statistics_logsig_shuffled,50,0.004584348966496665,0.003777953137521996,0.0005342832565093593,0.95,0.0035106665646026875,0.005658031368390643,44.0,0.88
Delta_logistic_statistics_rawsig_minus_statistics_rawsig_shuffled,50,0.004125326637482369,0.004398493119862472,0.0006220408624114255,0.95,0.0028752887238978524,0.005375364551066886,41.0,0.82
Delta_logistic_b3_logsig_minus_b3_logsig_shuffled,50,0.005122919229248271,0.004262602409905148,0.0006028230139092099,0.95,0.003911501028124708,0.0063343374303718334,42.0,0.84
Delta_logistic_b3_rawsig_minus_b3_rawsig_shuffled,50,0.004528742194894259,0.004767107805949035,0.0006741708512467775,0.95,0.0031739451466343952,0.005883539243154124,44.0,0.88
Delta_logistic_statistics_rawsig_minus_statistics_logsig,50,0.004760071155400567,0.0057370318404613395,0.0008113388236546705,0.95,0.003129624746462574,0.0063905175643385595,40.0,0.8
Delta_logistic_b3_rawsig_minus_b3_logsig,50,0.005447261174690276,0.005203495145036292,0.0007358853405852879,0.95,0.003968444216883665,0.006926078132496887,44.0,0.88
Delta_logistic_b3_minus_statistics,50,-0.004185819988177082,0.0062702695204676345,0.0008867500195579971,0.95,-0.005967810869004702,-0.0024038291073494623,15.0,0.3
Delta_logistic_hmm_minus_statistics,50,-0.004706958233879892,0.01216227741213284,0.0017200057665582211,0.95,-0.008163439230074787,-0.0012504772376849957,22.0,0.44
Delta_gbm_statistics_logsig_minus_statistics,50,0.007440621938928265,0.004131103412087243,0.0005842262472939548,0.95,0.006266575339485389,0.00861466853837114,49.0,0.98
Delta_gbm_statistics_rawsig_minus_statistics,50,0.008471457970879052,0.004854121823835233,0.0006864764916679009,0.95,0.007091931812351882,0.009850984129406222,49.0,0.98
Delta_gbm_b3_logsig_minus_b3,50,0.004157760078748196,0.002555465862897435,0.0003613974481491017,0.95,0.0034315047161860633,0.00488401544131033,48.0,0.96
Delta_gbm_b3_rawsig_minus_b3,50,0.004861364820448822,0.002887651738096884,0.0004083756251426854,0.95,0.0040407032767149085,0.005682026364182735,47.0,0.94
Delta_gbm_statistics_logsig_shuffled_minus_statistics,50,0.0029753563052579966,0.0025470365297487283,0.00036020536042303544,0.95,0.002251496532670652,0.0036992160778453412,44.0,0.88
Delta_gbm_statistics_rawsig_shuffled_minus_statistics,50,0.0032325540176700684,0.002526230623521353,0.00035726296094661374,0.95,0.002514607218208283,0.0039505008171318535,46.0,0.92
Delta_gbm_b3_logsig_shuffled_minus_b3,50,1.2336675800697084e-05,0.00023521867832488764,3.3264944501053044e-05,0.95,-5.451173293309756e-05,7.918508453449173e-05,9.0,0.18
Delta_gbm_b3_rawsig_shuffled_minus_b3,50,-0.00022365324629738392,0.0020398120274864504,0.00028847298339630987,0.95,-0.0008033614103114024,0.00035605491771663453,27.0,0.54
Delta_gbm_logsig_minus_logsig_shuffled,50,0.006388480852242056,0.004619149144804213,0.0006532463367206201,0.95,0.005075733190222908,0.007701228514261203,47.0,0.94
Delta_gbm_rawsig_minus_rawsig_shuffled,50,0.00605744366985109,0.0050925842246273036,0.0007202001677995205,0.95,0.004610147246864851,0.00750474009283733,45.0,0.9
Delta_gbm_statistics_logsig_minus_statistics_logsig_shuffled,50,0.004465265633670268,0.003070693626035419,0.00043426165718319065,0.95,0.003592584160960221,0.005337947106380314,46.0,0.92
Delta_gbm_statistics_rawsig_minus_statistics_rawsig_shuffled,50,0.0052389039532089845,0.0034807839352182027,0.0004922571848875975,0.95,0.004249676104159919,0.0062281318022580495,47.0,0.94
Delta_gbm_b3_logsig_minus_b3_logsig_shuffled,50,0.004145423402947499,0.0025175069061720455,0.00035602924100764375,0.95,0.00342995585652462,0.004860890949370377,48.0,0.96
Delta_gbm_b3_rawsig_minus_b3_rawsig_shuffled,50,0.005085018066746205,0.003075610200236564,0.0004349569657747579,0.95,0.0042109393191083816,0.005959096814384029,48.0,0.96
Delta_gbm_statistics_rawsig_minus_statistics_logsig,50,0.0010308360319507882,0.0029042950038899256,0.0004107293383633553,0.95,0.00020544452441331284,0.0018562275394882635,30.0,0.6
Delta_gbm_b3_rawsig_minus_b3_logsig,50,0.0007036047417006252,0.002997535413021958,0.000423915523478929,0.95,-0.00014828539691730909,0.0015554948803185595,29.0,0.58
Delta_gbm_b3_minus_statistics,50,0.0002510815039009939,0.005190661675091428,0.0007340704138604546,0.95,-0.001224088222102188,0.0017262512299041756,25.0,0.5
Delta_gbm_hmm_minus_statistics,50,-0.001864701221881615,0.009511274096126225,0.0013450972822189608,0.95,-0.004567775411758679,0.0008383729679954485,22.0,0.44
Delta_hmm_logistic_minus_random_forest,50,-0.000823404479996801,0.00233826215409807,0.00033068020507092186,0.95,-0.0014879312315161442,-0.0001588777284774578,16.0,0.32
Delta_hmm_gbm_minus_random_forest,50,-0.00010022930189799828,0.001287562242981865,0.0001820887986424476,0.95,-0.0004661504426084732,0.00026569183881247665,23.0,0.46
Delta_statistics_logistic_minus_random_forest,50,-0.004649983026979238,0.008549642350685492,0.0012091020165778813,0.95,-0.007079764498657175,-0.002220201555301301,12.0,0.24
Delta_statistics_gbm_minus_random_forest,50,-0.006769064860878713,0.006287233319794772,0.0008891490630657785,0.95,-0.008555876800132365,-0.0049822529216250605,6.0,0.12
Delta_statistics_logsig_logistic_minus_random_forest,50,-0.0010958189270138786,0.008971753673062707,0.0012687975722715911,0.95,-0.0036455631091805644,0.0014539252551528073,21.0,0.42
Delta_statistics_logsig_gbm_minus_random_forest,50,-0.004042797328335177,0.005578452845915638,0.0007889123671752685,0.95,-0.005628176085675606,-0.002457418570994747,10.0,0.2
Delta_statistics_rawsig_logistic_minus_random_forest,50,-0.00020731620531484697,0.007710275341676648,0.0010903975957829964,0.95,-0.0023985522124256144,0.0019839198017959202,19.0,0.38
Delta_statistics_rawsig_gbm_minus_random_forest,50,-0.006883529730085924,0.0070927480121596685,0.0010030660433291013,0.95,-0.008899266411965291,-0.004867793048206557,6.0,0.12
Delta_b3_logistic_minus_random_forest,50,-0.01167659529052413,0.009912051819762683,0.0014017758114453303,0.95,-0.014493569249211411,-0.00885962133183685,5.0,0.1
Delta_b3_gbm_minus_random_forest,50,-0.009358775632345528,0.007714868623241473,0.0010910471838914738,0.95,-0.011551317035633425,-0.007166234229057631,6.0,0.12
Delta_b3_logsig_logistic_minus_random_forest,50,-0.008660289689864058,0.010527313003094342,0.0014887868824322655,0.95,-0.011652118942162778,-0.005668460437565337,8.0,0.16
Delta_b3_logsig_gbm_minus_random_forest,50,-0.007104214713400833,0.007094385058188321,0.0010032975565986962,0.95,-0.009120416638613845,-0.005088012788187822,6.0,0.12
Delta_b3_rawsig_logistic_minus_random_forest,50,-0.006935294695957912,0.009167937033814773,0.0012965420892203415,0.95,-0.009540793572350919,-0.004329795819564905,9.0,0.18
Delta_b3_rawsig_gbm_minus_random_forest,50,-0.010122876152484339,0.00694832479795431,0.000982641516504028,0.95,-0.012097568211025957,-0.008148184093942721,3.0,0.06
Delta_logsig_logistic_minus_random_forest,50,-0.0004979368927569294,0.009834326017167584,0.001390783723027698,0.95,-0.003292821422755802,0.002296947637241943,22.0,0.44
Delta_logsig_gbm_minus_random_forest,50,0.004931690299727891,0.00423829393037079,0.000599385275765394,0.95,0.003727180492049875,0.006136200107405907,44.0,0.88
Delta_rawsig_logistic_minus_random_forest,50,0.0011046796466433406,0.005970652588218146,0.0008443777866476124,0.95,-0.0005921610441856973,0.0028015203374723782,32.0,0.64
Delta_rawsig_gbm_minus_random_forest,50,-0.0016565594614787239,0.004157174570935048,0.0005879132659368897,0.95,-0.0028380154022852747,-0.0004751035206721733,16.0,0.32
Delta_logsig_shuffled_logistic_minus_random_forest,50,-0.004917924561925286,0.010251183760439625,0.0014497363104392542,0.95,-0.00783127875175112,-0.0020045703720994535,14.0,0.28
Delta_logsig_shuffled_gbm_minus_random_forest,50,0.0016704137559430943,0.004533345652851414,0.0006411118905187582,0.95,0.0003820511765274858,0.002958776335358703,30.0,0.6
Delta_rawsig_shuffled_logistic_minus_random_forest,50,-0.00037691087683337175,0.005368792781102669,0.0007592619564606162,0.95,-0.0019027049030309248,0.0011488831493641812,23.0,0.46
Delta_rawsig_shuffled_gbm_minus_random_forest,50,-0.0007673988438283019,0.0031673274163363852,0.000447927738865905,0.95,-0.001667543335876517,0.00013274564821991316,17.0,0.34
Delta_statistics_logsig_shuffled_logistic_minus_random_forest,50,-0.003312382671070573,0.0086874254078724,0.0012285874833917764,0.95,-0.005781321654341617,-0.0008434436877995284,16.0,0.32
Delta_statistics_logsig_shuffled_gbm_minus_random_forest,50,-0.006140277739565474,0.006629758830262556,0.0009375894853020093,0.95,-0.00802443435182114,-0.0042561211273098075,7.0,0.14
Delta_statistics_rawsig_shuffled_logistic_minus_random_forest,50,0.000861984519488177,0.006687072660797612,0.0009456948849474321,0.95,-0.0010384605031819676,0.0027624295421583215,24.0,0.48
Delta_statistics_rawsig_shuffled_gbm_minus_random_forest,50,-0.006927806321009516,0.006704505372219887,0.000948160242639664,0.95,-0.008833205665448636,-0.005022406976570396,7.0,0.14
Delta_b3_logsig_shuffled_logistic_minus_random_forest,50,-0.012443982979561695,0.009555801529716605,0.001351394412267079,0.95,-0.01515971172604844,-0.00972825423307495,4.0,0.08
Delta_b3_logsig_shuffled_gbm_minus_random_forest,50,-0.009910412176797698,0.00765259009416707,0.001082239669845307,0.95,-0.012085254217957751,-0.007735570135637646,5.0,0.1
Delta_b3_rawsig_shuffled_logistic_minus_random_forest,50,-0.006494855106131823,0.007821350430157602,0.001106105985440152,0.95,-0.008717658304112787,-0.004272051908150859,8.0,0.16
Delta_b3_rawsig_shuffled_gbm_minus_random_forest,50,-0.010238712434510196,0.00792632397338346,0.0011209514862921888,0.95,-0.012491348783386194,-0.007986076085634198,4.0,0.08
HMM_state_std_0,50,0.9005757407952288,0.03049497787496057,0.00431264112950367,0.95,0.8919091639747532,0.9092423176157045,,
HMM_persistence_0,50,0.9960470548062436,0.0007318680244849907,0.00010350176860938783,0.95,0.9958390602150471,0.99625504939744,,
HMM_state_std_1,50,1.6744414045116907,0.055637671530830345,0.00786835496577597,0.95,1.6586293532155243,1.690253455807857,,
HMM_persistence_1,50,0.9914745832968364,0.0012343840273916632,0.0001745682632714012,0.95,0.9911237752377775,0.9918253913558952,,
HMM_state_std_2,50,2.662587230215372,0.07741808250506696,0.010948570225158492,0.95,2.640585254608923,2.684589205821821,,
HMM_persistence_2,50,0.9930151712757272,0.0010743892499613964,0.0001519415848563264,0.95,0.9927098332293098,0.9933205093221447,,
HMM_log_likelihood,50,-95853.24009793015,2607.6718452915634,368.7804889829804,0.95,-96594.33223652675,-95112.14795933354,,
HMM_selected_restart,50,1.38,1.5103723017176653,0.21359889933217907,0.95,0.9507569412239916,1.8092430587760082,,
