market,rule,mean_annualized_pct,volatility_annualized_pct,sharpe,max_drawdown_pct,turnover,sharpe_difference,sharpe_standard_error,p_hac,p_value,sharpe_resamples,p_har_vs_statistics_rule,p_holm
us,buy_and_hold,10.600091220068416,19.42649169627452,0.5456513397167451,-55.77101353385597,,,,,,,,
us,har,9.972295923997782,16.66755325450031,0.5983059283944523,-38.34126480759268,0.07850975638573436,,,,,,0.5394605394605395,
us,har_statistics,9.853048135098032,17.00489126375275,0.57942435398576,-37.87198487561021,0.07050380150724923,-0.018883368808735163,0.02463632591296957,0.443387905507425,0.43656343656343655,1000.0,,1.0
us,har_logsig,9.805741409224453,17.237170228523695,0.5688718785754129,-38.30565175664555,0.06637667593349232,-0.029436847067781206,0.029498063180963072,0.3183158536749,0.27672327672327673,1000.0,,1.0
us,har_rawsig,9.387556867590591,17.079574847438217,0.5496364488837754,-42.745274712379945,0.05842277234837242,-0.04867410478790391,0.04017929902452202,0.22573354029518322,0.23976023976023977,1000.0,,1.0
developed_ex_us,buy_and_hold,5.798724573941726,15.731268674353675,0.3686113748343294,-60.22594101648539,,,,,,,,
developed_ex_us,har,5.18176370305726,15.303239075635643,0.33860568193743834,-49.13644330829477,0.06782140738208337,,,,,,0.0969030969030969,
developed_ex_us,har_statistics,5.019747686446617,15.47372920479814,0.32440451942832754,-48.83373625657408,0.06060672204451044,-0.014202463875666595,0.024827727206179265,0.5672945811630932,0.5944055944055944,1000.0,,1.0
developed_ex_us,har_logsig,6.078344213822998,15.516063879384577,0.39174524293490387,-48.72733611064775,0.05873455955836405,0.05314443060214906,0.02259175570619696,0.018653626900045905,0.024975024975024976,1000.0,,0.14985014985014986
developed_ex_us,har_rawsig,5.652447238504702,16.035899545800405,0.35248706955045783,-55.46059671197025,0.05612363081053201,0.013882659676033606,0.048383556195844814,0.7741664588915953,0.7762237762237763,1000.0,,1.0
