metric,n,mean,standard_deviation,standard_error,confidence,ci_low,ci_high
BA_statistics,50,0.787365412530386,0.025085773895347645,0.0035476641665425587,0.95,0.7802361144716514,0.7944947105891207
BA_signature,50,0.7808470587536473,0.026115839558454847,0.0036933374496326624,0.95,0.7734250192725035,0.7882690982347912
BA_combined,50,0.7886765628662622,0.025229869773791682,0.0035680424011003205,0.95,0.7815063132119838,0.7958468125205406
Delta_combined_minus_statistics,50,0.0013111503358760324,0.0018987800980191961,0.00026852805665828616,0.95,0.0007715230027411031,0.0018507776690109617
Delta_signature_minus_statistics,50,-0.006518353776738936,0.004363497640824848,0.0006170917543037504,0.95,-0.007758446085224394,-0.005278261468253479
Delta_combined_minus_signature,50,0.007829504112614969,0.003674748329984821,0.0005196878926572415,0.95,0.006785152192495098,0.008873856032734839
BA_since_0_24_statistics,50,0.07029496821530785,0.029738770047808807,0.004205697192990599,0.95,0.061843303281409995,0.07874663314920571
BA_since_0_24_signature,50,0.07478419969398864,0.03196506411064679,0.0045205427187402164,0.95,0.06569982898802341,0.08386857039995387
BA_since_0_24_combined,50,0.0719837857756433,0.029594237942758037,0.004185257266674486,0.95,0.06357319641151904,0.08039437513976755
Delta_BA_since_0_24_combined_minus_statistics,50,0.0016888175603354321,0.0060604393738063886,0.0008570755556376902,0.95,-3.35402526228535e-05,0.0034111753732937178
Delta_BA_since_0_24_signature_minus_statistics,50,0.004489231478680788,0.011600323875832009,0.0016405335353122054,0.95,0.001192455910437294,0.007786007046924283
BA_since_25_49_statistics,50,0.13739490010316438,0.04142833451751686,0.005858851254120177,0.95,0.12562109770486088,0.14916870250146788
BA_since_25_49_signature,50,0.14278021470575145,0.04544474100131102,0.00642685690625867,0.95,0.129864962214361,0.1556954671971419
BA_since_25_49_combined,50,0.14354589098975878,0.0408331864595775,0.005774684608604392,0.95,0.13194122779807604,0.15515055418144152
Delta_BA_since_25_49_combined_minus_statistics,50,0.006150990886594403,0.011595855031766014,0.0016399015453235793,0.95,0.0028554853497821655,0.009446496423406642
Delta_BA_since_25_49_signature_minus_statistics,50,0.0053853146025870545,0.017782200037327014,0.002514782846161922,0.95,0.00033166926818266676,0.010438959936991442
BA_since_50_99_statistics,50,0.4308134997639016,0.05040121376322235,0.007127808006401454,0.95,0.4164896332992257,0.44513736622857747
BA_since_50_99_signature,50,0.427898913941649,0.04840201012156623,0.006845077916003878,0.95,0.4141432148654274,0.44165461301787057
BA_since_50_99_combined,50,0.4335228168423849,0.04857201513036006,0.0068691202549146365,0.95,0.41971880287724556,0.4473268308075243
Delta_BA_since_50_99_combined_minus_statistics,50,0.0027093170784832765,0.008174234408537881,0.0011560113162571086,0.95,0.0003862253634918135,0.005032408793474739
Delta_BA_since_50_99_signature_minus_statistics,50,-0.002914585822252628,0.015329128464166881,0.0021678661373384254,0.95,-0.0072710759292589425,0.0014419042847536867
BA_since_100_plus_statistics,50,0.9076067989874794,0.015121026972633012,0.002138436142170699,0.95,0.903309450669991,0.9119041473049678
BA_since_100_plus_signature,50,0.8993914085825949,0.015751608564743155,0.002227613846145197,0.95,0.8949148509594953,0.9038679662056945
BA_since_100_plus_combined,50,0.9085437265590615,0.014934849892439124,0.002112106726989377,0.95,0.9042992891823295,0.9127881639357934
Delta_BA_since_100_plus_combined_minus_statistics,50,0.0009369275715819358,0.001961834820868633,0.0002774453410808212,0.95,0.0003793802844890418,0.0014944748586748298
Delta_BA_since_100_plus_signature_minus_statistics,50,-0.008215390404884554,0.004790533344010253,0.0006774837226099836,0.95,-0.009576844917399711,-0.0068539358923693965
Detector_BA_statistics,50,0.7807060859687215,0.026129767653618956,0.0036953071797405732,0.95,0.773280088166729,0.788132083770714
Detector_BA_signature,50,0.7731130461350516,0.027176813363778852,0.0038433818041138427,0.95,0.7653894812346713,0.7808366110354319
Detector_BA_combined,50,0.7816894277711289,0.026079694312468937,0.003688225739923804,0.95,0.7742776606552354,0.7891011948870225
Delta_Detector_BA_combined_minus_statistics,50,0.0009833418024071828,0.0033605284280682213,0.0004752504879714416,0.95,2.8290190346186338e-05,0.0019383934144681792
Delta_Detector_BA_signature_minus_statistics,50,-0.00759303983366983,0.008214443163627148,0.0011616976929344465,0.95,-0.009927558750421062,-0.005258520916918599
Boundary_F1_statistics,50,0.31533788105643884,0.055370306942028075,0.007830543903017724,0.95,0.2996018139356811,0.3310739481771966
Boundary_F1_signature,50,0.31165890679789504,0.052569926171626105,0.007434510256486595,0.95,0.29671869908627624,0.32659911450951384
Boundary_F1_combined,50,0.3178882350295103,0.050002525642207786,0.0070714249916118705,0.95,0.30367767447515026,0.33209879558387034
Delta_Boundary_F1_combined_minus_statistics,50,0.002550353973071522,0.019278780955187605,0.0027264313492846443,0.95,-0.0029286149521837593,0.008029322898326804
Delta_Boundary_F1_signature_minus_statistics,50,-0.0036789742585438172,0.03396372752415382,0.004803196409340271,0.95,-0.013331358821822101,0.005973410304734468
Detection_probability_statistics,50,0.5262579547041385,0.0769163762198029,0.010877618241863668,0.95,0.504398562446344,0.548117346961933
Detection_probability_signature,50,0.5052130627259198,0.08035975143879494,0.011364585035367464,0.95,0.48237507405859587,0.5280510513932438
Detection_probability_combined,50,0.5254701310063785,0.07764986639225692,0.010981349416838853,0.95,0.5034022831480356,0.5475379788647214
Delta_Detection_probability_combined_minus_statistics,50,-0.0007878236977598641,0.036119364166533496,0.005108049466860445,0.95,-0.011052833416393827,0.0094771860208741
Delta_Detection_probability_signature_minus_statistics,50,-0.021044891978218697,0.06370707079666586,0.00900954035397078,0.95,-0.039150241171474975,-0.002939542784962418
False_switches_per_1000_statistics,50,3.398101393657847,0.6525204862062044,0.09228033213191003,0.95,3.212657123331499,3.5835456639841947
False_switches_per_1000_signature,50,3.259139567764088,0.7038740582368745,0.09954282393611777,0.95,3.05910077374815,3.459178361780026
False_switches_per_1000_combined,50,3.313270046455261,0.5281809928437334,0.07469607234672944,0.95,3.1631626691564594,3.463377423754063
Delta_False_switches_per_1000_combined_minus_statistics,50,-0.08483134720258531,0.4162412084568961,0.05886539622183091,0.95,-0.20312578977377777,0.03346309536860716
Delta_False_switches_per_1000_signature_minus_statistics,50,-0.13896182589375883,0.5732718824950289,0.08107288711516251,0.95,-0.3018838922429636,0.023960240455445925
Mean_delay_statistics,50,67.0722627651783,4.9139235241093004,0.6949337292259566,0.95,65.67574115147994,68.46878437887665
Mean_delay_signature,50,68.4402281434854,5.461249602003781,0.7723373254658413,0.95,66.88815817951861,69.99229810745219
Mean_delay_combined,50,67.15897093564774,4.9092772029415315,0.6942766401848967,0.95,65.7637697918149,68.5541720794806
Delta_Mean_delay_combined_minus_statistics,50,0.08670817046945516,2.414542020270373,0.34146780719860936,0.95,-0.5994970791536917,0.7729134200926019
Delta_Mean_delay_signature_minus_statistics,50,1.3679653783071117,4.5842899978462075,0.6483165088805433,0.95,0.06512457623869339,2.6708061803755303
BA_logistic_statistics,50,0.7811250961174254,0.02512976817273286,0.003553885896917056,0.95,0.773983295023398,0.7882668972114528
BA_logistic_signature,50,0.778077092898897,0.023032445534887612,0.0032572796850057696,0.95,0.7715313443035053,0.7846228414942887
BA_logistic_combined,50,0.7846522289581331,0.024396459633223292,0.0034501804087192123,0.95,0.7777188318451426,0.7915856260711237
Delta_logistic_combined_minus_statistics,50,0.003527132840707785,0.0036649674144303875,0.0005183046623142909,0.95,0.002485560626032354,0.004568705055383216
Delta_logistic_signature_minus_statistics,50,-0.00304800321852857,0.008101207375519635,0.0011456837342056815,0.95,-0.0053503408803700645,-0.0007456655566870753
Delta_logistic_combined_minus_signature,50,0.006575136059236355,0.00645353212247886,0.000912667265282003,0.95,0.00474106252318718,0.00840920959528553
BA_since_0_24_logistic_statistics,50,0.07768228852545274,0.03051940998133435,0.004316096351122785,0.95,0.06900876817717252,0.08635580887373295
BA_since_0_24_logistic_signature,50,0.08331041319325815,0.036023487578111246,0.005094490469694364,0.95,0.07307265129956944,0.09354817508694685
BA_since_0_24_logistic_combined,50,0.07796712043958694,0.030707745193529774,0.004342730972258703,0.95,0.06924007581622166,0.08669416506295222
Delta_BA_since_0_24_logistic_combined_minus_statistics,50,0.000284831914134195,0.009267001212763817,0.001310551879761851,0.95,-0.002348820690408397,0.002918484518676787
Delta_BA_since_0_24_logistic_signature_minus_statistics,50,0.005628124667805386,0.016628720881238866,0.002351656259516469,0.95,0.000902294482441118,0.010353954853169653
BA_since_25_49_logistic_statistics,50,0.15489240329979037,0.03910312364174756,0.005530016778531141,0.95,0.143779418520745,0.16600538807883575
BA_since_25_49_logistic_signature,50,0.20168087109729513,0.042761523122864076,0.0060473925948085075,0.95,0.18952818068956923,0.21383356150502103
BA_since_25_49_logistic_combined,50,0.1840519341790497,0.03764185775250028,0.005323362574650472,0.95,0.17335423657077156,0.19474963178732782
Delta_BA_since_25_49_logistic_combined_minus_statistics,50,0.029159530879259318,0.01539623877321985,0.0021773569682622014,0.95,0.024783968233448802,0.03353509352506983
Delta_BA_since_25_49_logistic_signature_minus_statistics,50,0.04678846779750473,0.031419020100228,0.004443320434221532,0.95,0.0378592810822628,0.055717654512746656
BA_since_50_99_logistic_statistics,50,0.4463581943565338,0.047999222689462405,0.006788115171080412,0.95,0.43271696620194927,0.4599994225111183
BA_since_50_99_logistic_signature,50,0.5044372654140169,0.049366182995583,0.006981432551494554,0.95,0.49040755143884546,0.5184669793891884
BA_since_50_99_logistic_combined,50,0.47909862531347974,0.047576449641791044,0.006728326033298147,0.95,0.4655775479296318,0.4926197026973277
Delta_BA_since_50_99_logistic_combined_minus_statistics,50,0.03274043095694599,0.01642193478042807,0.002322412288688781,0.95,0.028073368731192372,0.037407493182699605
Delta_BA_since_50_99_logistic_signature_minus_statistics,50,0.05807907105748316,0.02659560097124526,0.0037611859592998104,0.95,0.05052068489143608,0.06563745722353025
BA_since_100_plus_logistic_statistics,50,0.8969132824656603,0.016370680073138886,0.0023151637784703982,0.95,0.8922607866665476,0.9015657782647729
BA_since_100_plus_logistic_signature,50,0.8836085327327001,0.016270550488151812,0.0023010033167620474,0.95,0.8789844934467829,0.8882325720186174
BA_since_100_plus_logistic_combined,50,0.8960032327889335,0.016949615746231734,0.0023970376465333484,0.95,0.8911862052919934,0.9008202602858735
Delta_BA_since_100_plus_logistic_combined_minus_statistics,50,-0.0009100496767268251,0.004072654270115018,0.0005759602903653357,0.95,-0.00206748521381477,0.00024738586036111984
Delta_BA_since_100_plus_logistic_signature_minus_statistics,50,-0.013304749732960048,0.009302707510601277,0.0013156015128282378,0.95,-0.01594854995506944,-0.010660949510850656
Detector_BA_logistic_statistics,50,0.777023567284215,0.026586093403057048,0.003759841386112115,0.95,0.7694678831391504,0.7845792514292795
Detector_BA_logistic_signature,50,0.769335814636065,0.027213681479759604,0.003848595743077755,0.95,0.761601771933055,0.7770698573390751
Detector_BA_logistic_combined,50,0.782767204616083,0.026081167815694955,0.0036884341247484477,0.95,0.7753550187352061,0.7901793904969598
Delta_Detector_BA_logistic_combined_minus_statistics,50,0.005743637331867842,0.00851209955294134,0.0012037926632039603,0.95,0.0033245254052553046,0.008162749258480378
Delta_Detector_BA_logistic_signature_minus_statistics,50,-0.007687752648150037,0.019994046582501278,0.002827585184369274,0.95,-0.013369997815532044,-0.0020055074807680297
Boundary_F1_logistic_statistics,50,0.3127571239997328,0.052617479001318725,0.007441235242154647,0.95,0.29780340192344545,0.3277108460760202
Boundary_F1_logistic_signature,50,0.33123236832122166,0.05509161385393141,0.007791130748525129,0.95,0.3155755048997494,0.3468892317426939
Boundary_F1_logistic_combined,50,0.3354201392502842,0.054278677241733866,0.0076761641502931886,0.95,0.31999430985771576,0.3508459686428526
Delta_Boundary_F1_logistic_combined_minus_statistics,50,0.022663015250551397,0.03132048556204433,0.00442938554619538,0.95,0.013761831741218991,0.0315641987598838
Delta_Boundary_F1_logistic_signature_minus_statistics,50,0.018475244321488834,0.05088465662792713,0.0071961771519912544,0.95,0.0040139849148519945,0.03293650372812568
Detection_probability_logistic_statistics,50,0.5108083287065045,0.08400686636181648,0.0118803649741345,0.95,0.48693384144642626,0.5346828159665827
Detection_probability_logistic_signature,50,0.5558914125531325,0.08604848821963319,0.012169093906190675,0.95,0.5314367027809513,0.5803461223253136
Detection_probability_logistic_combined,50,0.565456006295454,0.08449767627533206,0.01194977597775859,0.95,0.5414420324013085,0.5894699801895995
Delta_Detection_probability_logistic_combined_minus_statistics,50,0.054647677588949485,0.06209294930344053,0.008781269103267063,0.95,0.03700105664845592,0.07229429852944305
Delta_Detection_probability_logistic_signature_minus_statistics,50,0.045083083846627854,0.09905779782428326,0.014008888114191344,0.95,0.016931169192634803,0.0732349985006209
False_switches_per_1000_logistic_statistics,50,3.283377095536256,0.7283632208741107,0.10300611452939175,0.95,3.076378558505092,3.49037563256742
False_switches_per_1000_logistic_signature,50,3.3730559482932745,0.7106924700883689,0.10050709298754064,0.95,3.171079383069667,3.575032513516882
False_switches_per_1000_logistic_combined,50,3.4005251464350637,0.8891098476319764,0.1257391204960617,0.95,3.1478429235477683,3.653207369322359
Delta_False_switches_per_1000_logistic_combined_minus_statistics,50,0.11714805089880836,0.662679901275778,0.09371709038962689,0.95,-0.07118349324398843,0.30547959504160516
Delta_False_switches_per_1000_logistic_signature_minus_statistics,50,0.08967885275701878,0.7144332482720294,0.10103611891165684,0.95,-0.11336082986349202,0.29271853537752957
Mean_delay_logistic_statistics,50,67.71463905288734,4.665358388971433,0.6597813107014494,0.95,66.38875886898103,69.04051923679364
Mean_delay_logistic_signature,50,66.28108700936743,5.084619256336459,0.719073751181442,0.95,64.83605420532356,67.72611981341129
Mean_delay_logistic_combined,50,66.21800225661401,4.285848974043407,0.6061105745375002,0.95,64.99997745506128,67.43602705816674
Delta_Mean_delay_logistic_combined_minus_statistics,50,-1.4966367962733345,4.4531012896793865,0.6297636238485709,0.95,-2.7621941800041956,-0.23107941254247355
Delta_Mean_delay_logistic_signature_minus_statistics,50,-1.4335520435199018,5.012844617104007,0.7089232843577452,0.95,-2.858186720789557,-0.008917366250246861
Delta_BA_logistic_minus_random_forest_statistics,50,-0.006240316412960844,0.007506710343245135,0.0010616091576223661,0.95,-0.008373699887628382,-0.0041069329382933065
Delta_BA_logistic_minus_random_forest_signature,50,-0.002769965854750478,0.010133586785357541,0.0014331055867337409,0.95,-0.005649899354042172,0.00010996764454121672
Delta_BA_logistic_minus_random_forest_combined,50,-0.004024333908129092,0.008000868637156619,0.001131493693743243,0.95,-0.006298155616043409,-0.001750512200214775
