design,replication,seed,learner,cell,n_features,selected_setting,validation_ba,test_ba,test_macro_f1,test_accuracy,test_recall_0,test_recall_1,test_recall_2
matched_marginal,1,144269559,logistic,statistics,11,C=10.0,0.4031825560447899,0.38350234406575034,0.36296045561328666,0.3633205413047869,0.46064516129032257,0.23009019382076376,0.45977167708616473
matched_marginal,1,144269559,logistic,statistics_logsig,25,C=10.0,0.42825517717693334,0.41820640970947287,0.3976828029743767,0.3973742678246819,0.5030824372759857,0.26050662061024754,0.4910301712421854
matched_marginal,1,144269559,logistic,statistics_rawsig,50,C=0.3,0.44982819833338167,0.4676832276510241,0.43722689737333464,0.4392647949909109,0.5833691756272401,0.25254269813855307,0.5671378091872792
matched_marginal,1,144269559,logistic,b3,40,C=10.0,0.40584510048656824,0.4007596669563133,0.3821082663539755,0.38056958190264595,0.4831541218637993,0.24793705622721166,0.4711878227779288
matched_marginal,1,144269559,logistic,b3_logsig,54,C=0.3,0.4242701414864976,0.4193798592486866,0.39910402088111496,0.39818218541708744,0.5000716845878136,0.25820379965457685,0.49986409350366945
matched_marginal,1,144269559,logistic,b3_rawsig,79,C=0.03,0.44811964730879367,0.45560332939678067,0.43026455953802506,0.4298121591597657,0.5710394265232975,0.2616580310880829,0.5341125305789617
matched_marginal,2,74865246,logistic,statistics,11,C=0.0001,0.39098187079756713,0.3872451281340285,0.38167589607221636,0.4108260957382347,0.5170844856811491,0.21119026417334522,0.4334606345475911
matched_marginal,2,74865246,logistic,statistics_logsig,25,C=0.0001,0.40547423279175837,0.4111699534236776,0.40247375757642806,0.4388204403150879,0.563297350343474,0.19723953695458593,0.47297297297297297
matched_marginal,2,74865246,logistic,statistics_rawsig,50,C=100.0,0.42376700557539865,0.44267950424489483,0.43413497568095244,0.4553423550797819,0.511107146043358,0.26669634906500445,0.550235017626322
matched_marginal,2,74865246,logistic,b3,40,C=0.0001,0.3919327145383231,0.3915320194405861,0.38782038675351665,0.40557463138759847,0.4683736283343742,0.25660433363015733,0.44961809635722677
matched_marginal,2,74865246,logistic,b3_logsig,54,C=0.1,0.4051134285905336,0.42393698466569846,0.4197006703909805,0.4340941223995152,0.4792577393166206,0.3100326506381716,0.48252056404230315
matched_marginal,2,74865246,logistic,b3_rawsig,79,C=10.0,0.4305732471742944,0.44290872847367363,0.43831870101484216,0.4541708745707938,0.5042376661611205,0.3159691303057287,0.5085193889541716
matched_marginal,3,1276543517,logistic,statistics,11,C=100.0,0.36746330162132734,0.41140973291910493,0.3992058742172591,0.3990708947687336,0.44091360476663355,0.31092599767531964,0.4823895963153617
matched_marginal,3,1276543517,logistic,statistics_logsig,25,C=10.0,0.3953416898296793,0.4382052682050161,0.42683092072360806,0.4259341547162189,0.50063838842389,0.3420185974428516,0.4719588187483067
matched_marginal,3,1276543517,logistic,statistics_rawsig,50,C=0.1,0.4239177274664041,0.45684981249170775,0.44642789743293637,0.4459301151282569,0.5159597105972479,0.3716582719876017,0.4829314548902736
matched_marginal,3,1276543517,logistic,b3,40,C=100.0,0.36739009299993924,0.4173710410571017,0.40736671389718887,0.40731165421127047,0.42928074904241736,0.3340759395583107,0.4887564345705771
matched_marginal,3,1276543517,logistic,b3_logsig,54,C=0.1,0.3863335230395391,0.4393467235542688,0.4299498091369279,0.4291658250858412,0.4783657256348418,0.35809763657497096,0.4815768084529938
matched_marginal,3,1276543517,logistic,b3_rawsig,79,C=100.0,0.4160069176962489,0.453013878994529,0.44484312216766003,0.444637446980408,0.4861682508157185,0.3862843858969392,0.4865890002709293
matched_marginal,4,2351855581,logistic,statistics,11,C=0.0001,0.37895056834753066,0.43204045902388005,0.41896797632079164,0.42609573823470004,0.553072625698324,0.3178896625602571,0.42515908881305914
matched_marginal,4,2351855581,logistic,statistics_logsig,25,C=0.03,0.40004362116914277,0.43018977567924493,0.41839071559433677,0.4259341547162189,0.547796399751707,0.3081146223888591,0.43465830489716867
matched_marginal,4,2351855581,logistic,statistics_rawsig,50,C=100.0,0.44160713306232213,0.4478857399858492,0.4404652587193361,0.450292870127247,0.5248292985723153,0.3299410819496518,0.48888683943558053
matched_marginal,4,2351855581,logistic,b3,40,C=0.0001,0.3880360220372328,0.428836176995343,0.415374573313984,0.42270248434659663,0.5564866542520174,0.30744509908944834,0.4225767776445633
matched_marginal,4,2351855581,logistic,b3_logsig,54,C=10.0,0.4052104421758465,0.41222100914755905,0.4039735938850917,0.41131084629367803,0.49844816883923027,0.30650776647027317,0.4317070921331735
matched_marginal,4,2351855581,logistic,b3_rawsig,79,C=0.3,0.43562156951779185,0.44307473786435697,0.4361446024505402,0.4452433851747122,0.5145872129112352,0.3339582217461168,0.4806787789357189
matched_marginal,5,181029087,logistic,statistics,11,C=100.0,0.39455487437715253,0.3616559626506029,0.34173537102456253,0.3548374065845284,0.41668209590816513,0.20534974553201563,0.4629360465116279
matched_marginal,5,181029087,logistic,statistics_logsig,25,C=100.0,0.4181918801715245,0.3801152319417658,0.36008397039018125,0.3741870329226419,0.4423254952786521,0.21836903775594746,0.4796511627906977
matched_marginal,5,181029087,logistic,statistics_rawsig,50,C=0.3,0.4322454833616547,0.4122777806749482,0.38851423243259947,0.3990708947687336,0.44315867431957046,0.2457095514262043,0.5479651162790697
matched_marginal,5,181029087,logistic,b3,40,C=0.01,0.39839908913822925,0.34476977357293137,0.3314823267279577,0.3468390224197132,0.43075356415478616,0.20748017516865902,0.3960755813953488
matched_marginal,5,181029087,logistic,b3_logsig,54,C=0.03,0.4099963088534658,0.3666541898277522,0.3518633257537183,0.3646940012118764,0.4328827994815775,0.23103325837377203,0.436046511627907
matched_marginal,5,181029087,logistic,b3_rawsig,79,C=0.1,0.42531167463194436,0.3950634455320245,0.3775746152291535,0.38872954958594225,0.4461210886872801,0.24997041069949105,0.4890988372093023
matched_marginal,6,723582294,logistic,statistics,11,C=10.0,0.40444291237874336,0.40333699630478304,0.38895776720141484,0.39555645324176936,0.45461615376069325,0.24330154405086285,0.512093291102793
matched_marginal,6,723582294,logistic,statistics_logsig,25,C=100.0,0.42658865324870177,0.4264981313081575,0.4139762214636636,0.41963239749545544,0.48139095656038217,0.2746366939146231,0.5234667434494673
matched_marginal,6,723582294,logistic,statistics_rawsig,50,C=0.3,0.4671737712011785,0.4475393175952596,0.43776936205749806,0.4419713189254696,0.5033885123875125,0.3118755676657584,0.5273538727325079
matched_marginal,6,723582294,logistic,b3,40,C=1.0,0.4034955561445364,0.40077027357530265,0.38769380672988496,0.3928903251868309,0.4473947339184535,0.24455040871934605,0.5103656780881083
matched_marginal,6,723582294,logistic,b3_logsig,54,C=0.3,0.4218256164850977,0.4181087529931797,0.4054874058432341,0.4107856998586144,0.4730585490501055,0.2601044504995459,0.5211632594298877
matched_marginal,6,723582294,logistic,b3_rawsig,79,C=0.3,0.45369395967268805,0.43971579871822125,0.42956885491912483,0.433043829529388,0.48361293189645593,0.3025658492279746,0.5329686150302332
matched_marginal,7,3503254173,logistic,statistics,11,C=10.0,0.40976751323795907,0.4199032360520971,0.4100829486125351,0.4274288022621693,0.4614125988546496,0.23388512666165037,0.5644119826399915
matched_marginal,7,3503254173,logistic,statistics_logsig,25,C=0.03,0.4327149540285871,0.44257890689880114,0.43306115867275047,0.4461724904059786,0.5279520043632397,0.2597190870328568,0.540065629300307
matched_marginal,7,3503254173,logistic,statistics_rawsig,50,C=1.0,0.454534243077876,0.46561319589476957,0.4538950643847696,0.47137951928903254,0.5496318516498501,0.24818159016804614,0.5990261458664126
matched_marginal,7,3503254173,logistic,b3,40,C=100.0,0.41617926915908665,0.41599474580862283,0.41034622494171097,0.4206826903655827,0.46345786746659395,0.2691246551291698,0.5154017148301048
matched_marginal,7,3503254173,logistic,b3_logsig,54,C=10.0,0.434011123591028,0.4316467407391835,0.4255672959657352,0.4355887699454656,0.4938641941641669,0.2761474793077502,0.5249285487456335
matched_marginal,7,3503254173,logistic,b3_rawsig,79,C=10.0,0.44743876279244016,0.4618226708602992,0.45256920315611165,0.4672187436881438,0.5359967275702209,0.2647353900175571,0.5847358949931195
matched_marginal,8,2754094657,logistic,statistics,11,C=0.001,0.38383488693802686,0.36708100518570635,0.3676941478233795,0.36683498283175114,0.38548468106479156,0.3465239355304306,0.3692343989618969
matched_marginal,8,2754094657,logistic,statistics_logsig,25,C=0.3,0.41207676360322454,0.41148177135512737,0.4109527220972873,0.4109068874974753,0.46471622300351584,0.33124849651190763,0.4384805945499587
matched_marginal,8,2754094657,logistic,statistics_rawsig,50,C=10.0,0.45069692596119754,0.43623561508651604,0.4338376988244172,0.4362754998990103,0.47363134103465593,0.31248496511907625,0.5225905391058158
matched_marginal,8,2754094657,logistic,b3,40,C=0.001,0.38846977532685095,0.35869010325765643,0.35830052207429075,0.3583518481114926,0.38862380713209443,0.3158527784459947,0.37159372419488024
matched_marginal,8,2754094657,logistic,b3_logsig,54,C=1.0,0.40963858782807705,0.3963377489220831,0.3952586956993848,0.3956372450010099,0.4504018081366148,0.33257156603319704,0.4060398725964374
matched_marginal,8,2754094657,logistic,b3_rawsig,79,C=0.1,0.44255400041174536,0.4271218191634553,0.4260150151072029,0.42690365582710565,0.46597187343043694,0.33798412316574455,0.4774094608941843
matched_marginal,9,3296097850,logistic,statistics,11,C=0.001,0.41595629416570873,0.4156420122718137,0.4045668887948543,0.4376085639264795,0.5759203804826493,0.2344155844155844,0.4365900719172075
matched_marginal,9,3296097850,logistic,statistics_logsig,25,C=0.001,0.4279517402019559,0.4226280652455306,0.4156326955872318,0.4476671379519289,0.586753567024837,0.26857142857142857,0.41255920014032627
matched_marginal,9,3296097850,logistic,statistics_rawsig,50,C=100.0,0.44659767794944316,0.4456979005257207,0.4378936710295011,0.4535649363764896,0.520785626211027,0.3307792207792208,0.4855288545869146
matched_marginal,9,3296097850,logistic,b3,40,C=0.0001,0.4121879885754685,0.4003271569238969,0.3957069551004216,0.42157139971722885,0.5354940989959486,0.2811688311688312,0.38431854060691106
matched_marginal,9,3296097850,logistic,b3_logsig,54,C=0.001,0.41606586363351394,0.4148157977648142,0.41100970013889215,0.432316703696223,0.5246609124537608,0.3209090909090909,0.39887738993159094
matched_marginal,9,3296097850,logistic,b3_rawsig,79,C=100.0,0.4360402208877195,0.4251712664220215,0.4193172549577336,0.43579074934356693,0.5096001409194998,0.31792207792207794,0.44799158042448695
matched_marginal,10,1583734078,logistic,statistics,11,C=1.0,0.3414847299272954,0.3991797420846348,0.3788235743222386,0.3823470006059382,0.5050079837421977,0.22118348058352166,0.47134776192818495
matched_marginal,10,1583734078,logistic,statistics_logsig,25,C=1.0,0.3746880304351777,0.4078965612381005,0.38864322727950146,0.3913956776408806,0.5141529975322978,0.23536059174029175,0.47417609444171177
matched_marginal,10,1583734078,logistic,statistics_rawsig,50,C=100.0,0.4132489774607695,0.4332646052006059,0.4157177353813822,0.41967279337507574,0.4826535055886195,0.26155742757345385,0.5555828824397442
matched_marginal,10,1583734078,logistic,b3,40,C=100.0,0.3600366428166488,0.3997149525493639,0.37984178158221044,0.38262977176328017,0.5167658586151836,0.22652558043969592,0.455853418593212
matched_marginal,10,1583734078,logistic,b3_logsig,54,C=100.0,0.37886870148655216,0.404337271370842,0.3847826439880003,0.387679256715815,0.5102337059079692,0.2290938976782412,0.47368421052631576
matched_marginal,10,1583734078,logistic,b3_rawsig,79,C=100.0,0.4112466898794696,0.42823171132693655,0.41203837424180817,0.4140981619874773,0.4999274205254754,0.26546126977604273,0.5193064436792917
matched_marginal,11,3586357180,logistic,statistics,11,C=0.3,0.41914948087941545,0.3899423779002133,0.36290489652131175,0.36913754797010706,0.43759459186762184,0.2337238920020377,0.4985086498309803
matched_marginal,11,3586357180,logistic,statistics_logsig,25,C=10.0,0.43274554748635796,0.41423657459961083,0.38080924866191107,0.3862250050494849,0.44566643123801836,0.23728986245542538,0.5597534301053887
matched_marginal,11,3586357180,logistic,statistics_rawsig,50,C=1.0,0.4561022659484175,0.43104207853839904,0.40059815961063827,0.4043627549989901,0.45394006659267483,0.2696892511462048,0.5694969178763174
matched_marginal,11,3586357180,logistic,b3,40,C=100.0,0.40553135666636103,0.37990780669158103,0.3640290362685333,0.3705514037568168,0.430128140450005,0.28028527763627104,0.4293100019884669
matched_marginal,11,3586357180,logistic,b3_logsig,54,C=100.0,0.41598789176332124,0.39993382495337104,0.3804438352614015,0.38553827509594024,0.4423367974977298,0.28222109016811003,0.47524358719427323
matched_marginal,11,3586357180,logistic,b3_rawsig,79,C=100.0,0.4432309004813118,0.4187619055327314,0.3966546264830155,0.400727125833165,0.44778528907274745,0.29587366276107996,0.5126267647643666
matched_marginal,12,1435443221,logistic,statistics,11,C=1.0,0.4111344312349656,0.40042539209325434,0.3537769824568559,0.35524136538073114,0.43894244814490213,0.263543849146962,0.4987898789878988
matched_marginal,12,1435443221,logistic,statistics_logsig,25,C=0.1,0.4304581288818736,0.42534396778272504,0.38564243233176715,0.3913956776408806,0.5075956763073327,0.30859024244238253,0.4598459845984598
matched_marginal,12,1435443221,logistic,statistics_rawsig,50,C=0.03,0.4524573422991199,0.4469481900953866,0.4040989197764569,0.4088870935164613,0.5430908559742915,0.31502544148458544,0.4827282728272827
matched_marginal,12,1435443221,logistic,b3,40,C=10.0,0.40790832294258444,0.40809949199539247,0.36340646237800356,0.36590587760048476,0.48583114227286006,0.26938042502244836,0.4690869086908691
matched_marginal,12,1435443221,logistic,b3_logsig,54,C=10.0,0.42680243228311204,0.43145499784806035,0.39152458624047504,0.3974954554635427,0.5241016652059597,0.3119574977551631,0.4583058305830583
matched_marginal,12,1435443221,logistic,b3_rawsig,79,C=0.3,0.43858021073290687,0.4441060515282252,0.40661860500719404,0.4143405372651989,0.5477651183172656,0.333507931756959,0.45104510451045104
matched_marginal,13,2834433515,logistic,statistics,11,C=0.001,0.42183052785424396,0.34859378645457606,0.3492638417727926,0.372611593617451,0.45787384208204673,0.23298210403077438,0.35492541325090715
matched_marginal,13,2834433515,logistic,statistics_logsig,25,C=0.001,0.443290164720252,0.377374718707807,0.3771311590309628,0.39745505958392247,0.47631230701367444,0.3008864358588393,0.35492541325090715
matched_marginal,13,2834433515,logistic,statistics_rawsig,50,C=0.3,0.45339834941719964,0.3978458971578924,0.3930597030162721,0.40715007069278936,0.41632112924569914,0.2895132965378826,0.4877032656900954
matched_marginal,13,2834433515,logistic,b3,40,C=0.0001,0.412093833442903,0.35829999624342806,0.3588884332461822,0.3832761058372046,0.48566387295985886,0.27462786419133633,0.31460825157908884
matched_marginal,13,2834433515,logistic,b3_logsig,54,C=0.001,0.4234514582173852,0.38950033128366174,0.3888068510885126,0.40880630175722077,0.4835465372739303,0.31309583542398395,0.37185862115307083
matched_marginal,13,2834433515,logistic,b3_rawsig,79,C=10.0,0.4386565150409824,0.41154305847699174,0.4072635820763543,0.41991516865279743,0.435465372739303,0.3335005853821709,0.4656632173095014
matched_marginal,14,619375084,logistic,statistics,11,C=0.03,0.41325289306762497,0.40106425381332667,0.3667196493667723,0.37216723894162795,0.5461757221972758,0.18420288452231148,0.4728141547203926
matched_marginal,14,619375084,logistic,statistics_logsig,25,C=0.1,0.4268902595217296,0.42925460800255366,0.39782607227128297,0.40157543930519085,0.5744649004640024,0.22408285741941728,0.48921606612424123
matched_marginal,14,619375084,logistic,statistics_rawsig,50,C=10.0,0.4608393056275899,0.4576505617732571,0.42106377611818263,0.42666128054938396,0.5940727436012573,0.21721033781821703,0.561668603900297
matched_marginal,14,619375084,logistic,b3,40,C=0.001,0.40336099353830646,0.3924690221944544,0.3742839199105554,0.3744698040799838,0.4943870678042209,0.2621237053528216,0.42089629342632057
matched_marginal,14,619375084,logistic,b3_logsig,54,C=100.0,0.41213348719246373,0.41143483192471964,0.3962580646904718,0.3956776408806302,0.5165394402035624,0.3038428032136289,0.41392225235696756
matched_marginal,14,619375084,logistic,b3_rawsig,79,C=100.0,0.4447121741688565,0.44201413273350876,0.4244770035669958,0.42347000605938195,0.5361472833408173,0.3032620269093021,0.48663308795040683
matched_marginal,15,1188669195,logistic,statistics,11,C=0.1,0.396850785279348,0.39712118510095534,0.3778588280756692,0.3825085841244193,0.4835585316274064,0.22274143302180685,0.4850635906536528
matched_marginal,15,1188669195,logistic,statistics_logsig,25,C=10.0,0.4218736933656633,0.4089414973422258,0.38784457996134186,0.39515249444556655,0.5395193112519431,0.21703011422637591,0.4702750665483585
matched_marginal,15,1188669195,logistic,statistics_rawsig,50,C=10.0,0.4545154741449993,0.437396672708509,0.42126913474697725,0.4248838618460917,0.5441827095539878,0.26978193146417445,0.4982253771073647
matched_marginal,15,1188669195,logistic,b3,40,C=0.0001,0.3958459418185418,0.3802771344196903,0.36486228927166725,0.3694607150070693,0.48630874088245846,0.2277258566978193,0.42679680567879325
matched_marginal,15,1188669195,logistic,b3_logsig,54,C=0.03,0.41384958178206127,0.3946490072069153,0.381975524659431,0.3847303575035346,0.48989597034556975,0.25586708203530634,0.43818396923986985
matched_marginal,15,1188669195,logistic,b3_rawsig,79,C=100.0,0.44748454122868636,0.4221494144695741,0.41021733167963365,0.41179559684912137,0.5057993542986966,0.2860851505711319,0.47456373853889383
matched_marginal,16,3952083430,logistic,statistics,11,C=1.0,0.402432802622083,0.3514794916667312,0.3348894209681048,0.3413451827913553,0.3074051955807704,0.233258820099135,0.5137744593202883
matched_marginal,16,3952083430,logistic,statistics_logsig,25,C=0.01,0.4288794719801712,0.3784127029745264,0.3595246442292386,0.36065441324984854,0.4520752463421917,0.23529983477500244,0.44786302780638515
matched_marginal,16,3952083430,logistic,statistics_rawsig,50,C=0.03,0.4550008419391918,0.4111374943440194,0.3792040458533475,0.38658856796606744,0.46954314720812185,0.19486830595781904,0.5690010298661174
matched_marginal,16,3952083430,logistic,b3,40,C=0.01,0.3921167989928342,0.37144689476693654,0.3629915462101782,0.36420925065643306,0.37085697223051656,0.3001263485275537,0.44335736354273947
matched_marginal,16,3952083430,logistic,b3_logsig,54,C=0.03,0.4165970394841261,0.3845367305514511,0.3728380463759018,0.3728135730155524,0.42848611525828606,0.2880746428224317,0.4370494335736354
matched_marginal,16,3952083430,logistic,b3_rawsig,79,C=10.0,0.4475723159677198,0.41505460644831577,0.39464562592212266,0.39664714199151685,0.46297402209614813,0.2546408786082224,0.5275489186405767
matched_marginal,17,1028844094,logistic,statistics,11,C=0.001,0.40884463746331007,0.36932413616504195,0.3551269315788897,0.3770147444960614,0.48166089965397924,0.16615752423960686,0.46015398460153983
matched_marginal,17,1028844094,logistic,statistics_logsig,25,C=0.1,0.4354301808222519,0.3866875322727786,0.3800369867438085,0.39495051504746514,0.4510726643598616,0.23163766768495153,0.47735226477352266
matched_marginal,17,1028844094,logistic,statistics_rawsig,50,C=100.0,0.45996621287200073,0.41762912042394884,0.4143754099924836,0.4274691981417895,0.45079584775086506,0.2818435383185018,0.5202479752024798
matched_marginal,17,1028844094,logistic,b3,40,C=100.0,0.40269947724094224,0.349191818475221,0.34637936797639984,0.3562108664916179,0.3847750865051903,0.23894275468189666,0.42385761423857615
matched_marginal,17,1028844094,logistic,b3_logsig,54,C=100.0,0.4222575420846187,0.3605995828653176,0.3585660262793011,0.36764290042415676,0.3851903114186851,0.26245185283570194,0.43415658434156584
matched_marginal,17,1028844094,logistic,b3_rawsig,79,C=100.0,0.4489603324024441,0.3909531919912436,0.3884746800721844,0.3986669359725308,0.42228373702422145,0.2785230442289813,0.47205279472052797
matched_marginal,18,2564267586,logistic,statistics,11,C=0.03,0.3958111944597207,0.4098415578632107,0.37990837671518213,0.39628357907493433,0.5883833842834023,0.21026490066225165,0.43087638864397815
matched_marginal,18,2564267586,logistic,statistics_logsig,25,C=100.0,0.40989867018418824,0.42900626172759243,0.4036279117536565,0.41510805897798425,0.589282503146916,0.2620988283239939,0.4356374537118674
matched_marginal,18,2564267586,logistic,statistics_rawsig,50,C=10.0,0.4369700696241224,0.4456008366254985,0.42331120296564223,0.43635629165825085,0.5876640891925913,0.27585328578706064,0.4732851348968436
matched_marginal,18,2564267586,logistic,b3,40,C=100.0,0.386063480549436,0.4037673025033884,0.3869161930409411,0.3978994142597455,0.5124977522028412,0.2652827305145186,0.4335214247928055
matched_marginal,18,2564267586,logistic,b3_logsig,54,C=10.0,0.4036317507202003,0.41664362796132465,0.40080330596981756,0.40973540698848715,0.5186117604747348,0.2967396841569027,0.43457943925233644
matched_marginal,18,2564267586,logistic,b3_rawsig,79,C=1.0,0.42953779741542975,0.4411114774358502,0.4230252807266249,0.4340133306402747,0.5599712281963676,0.2945746306673459,0.46878857344383706
matched_marginal,19,2488441197,logistic,statistics,11,C=0.001,0.38311084518724353,0.3659258027861893,0.34441660665398993,0.35451423954756617,0.4028175740210124,0.2820775829914211,0.4128822513461343
matched_marginal,19,2488441197,logistic,statistics_logsig,25,C=0.01,0.4071847128573149,0.3803556981901945,0.3631604672966818,0.3745505958392244,0.39851957975167146,0.3338306602014174,0.4087168546174947
matched_marginal,19,2488441197,logistic,statistics_rawsig,50,C=0.1,0.43344752047328505,0.4316372803372676,0.41518288841356554,0.4318723490203999,0.4192932187201528,0.35900783289817234,0.5166107893934776
matched_marginal,19,2488441197,logistic,b3,40,C=0.001,0.3878568544864101,0.37387138669876546,0.3616564036255627,0.37709553625530196,0.3538681948424069,0.3360686311077956,0.43167733414609366
matched_marginal,19,2488441197,logistic,b3_logsig,54,C=0.01,0.4057319579136376,0.37946033772455084,0.3673423743109771,0.38319531407796403,0.35816618911174786,0.34772472957851547,0.4324900944833892
matched_marginal,19,2488441197,logistic,b3_rawsig,79,C=0.03,0.43299865623319217,0.41338903762284535,0.4001313371855721,0.41870329226418906,0.38156638013371535,0.3584483401715778,0.500152392563243
matched_marginal,20,3516199087,logistic,statistics,11,C=0.03,0.3958614854020532,0.39283104118432016,0.38661440999380847,0.4800242375277722,0.6084978300433991,0.14336440301819794,0.42663089049136343
matched_marginal,20,3516199087,logistic,statistics_logsig,25,C=0.1,0.4256481050002297,0.39299125161592263,0.3898666370992452,0.4802666128054938,0.6121377572448551,0.16200621393697293,0.40482978366593997
matched_marginal,20,3516199087,logistic,statistics_rawsig,50,C=100.0,0.4535855212864586,0.4412907010322162,0.4347376182297895,0.5020803878004444,0.5920481590368193,0.26964047936085217,0.46218346469897703
matched_marginal,20,3516199087,logistic,b3,40,C=0.1,0.4126824798847491,0.37750647499689166,0.37530650761848383,0.438699252676227,0.5311493770124598,0.21549045716822016,0.38587959080999495
matched_marginal,20,3516199087,logistic,b3_logsig,54,C=0.03,0.4316979798679991,0.3849876602918241,0.38278247680310057,0.44758634619268833,0.5426291474170517,0.22192632046160674,0.3904075129968137
matched_marginal,20,3516199087,logistic,b3_rawsig,79,C=10.0,0.4668274835796636,0.4299132512450363,0.42238264323119074,0.4795798828519491,0.5543189136217276,0.2967154904571682,0.43870534965621333
matched_marginal,21,477080894,logistic,statistics,11,C=0.01,0.4207721032738978,0.4215438201870207,0.411287133106296,0.41704706119975765,0.5324032974001268,0.26034820707944195,0.47187995608149325
matched_marginal,21,477080894,logistic,statistics_logsig,25,C=0.01,0.4334888339793886,0.4539928839016916,0.445809537887184,0.44980811957180367,0.562714013950539,0.30762135362619625,0.49164328412833963
matched_marginal,21,477080894,logistic,statistics_rawsig,50,C=0.01,0.45767396035699504,0.48301215728291497,0.47158996919053964,0.4787315693799232,0.5452124286620165,0.3011645336100542,0.6026595095766744
matched_marginal,21,477080894,logistic,b3,40,C=0.001,0.4189046472690922,0.4036629022938038,0.40094986358057527,0.40121187638860834,0.46708941027266965,0.31776778508013376,0.426131511528608
matched_marginal,21,477080894,logistic,b3_logsig,54,C=10.0,0.4267227913263656,0.43432292806126077,0.43155432416548845,0.43183195314077966,0.48826886493341787,0.3401360544217687,0.4745638648285958
matched_marginal,21,477080894,logistic,b3_rawsig,79,C=1.0,0.4537806975654293,0.4578011829835474,0.453878372252948,0.4550595839224399,0.49968294229549776,0.34267266228525306,0.5310479443698914
matched_marginal,22,2790236236,logistic,statistics,11,C=0.1,0.4059383244751407,0.3958495220230674,0.38514496376727575,0.407392445970511,0.4765535097813579,0.20666396870362877,0.5043310875842156
matched_marginal,22,2790236236,logistic,statistics_logsig,25,C=100.0,0.4199517166394826,0.4135777970650043,0.4062985715450363,0.4252474247626742,0.4755466052934407,0.24497504384189936,0.5202117420596728
matched_marginal,22,2790236236,logistic,statistics_rawsig,50,C=1.0,0.4478147304510796,0.4342811427042809,0.43105394447699935,0.4494041607756009,0.4574223245109321,0.28180223930932147,0.563618864292589
matched_marginal,22,2790236236,logistic,b3,40,C=1.0,0.3936722440122073,0.3928567659433577,0.3897834112196869,0.39846495657442943,0.4318181818181818,0.3012275731822474,0.4455245428296439
matched_marginal,22,2790236236,logistic,b3_logsig,54,C=0.3,0.40259562976515656,0.4077378444231173,0.4055509624380351,0.4138153908301353,0.43354430379746833,0.3273978146499393,0.46227141482194417
matched_marginal,22,2790236236,logistic,b3_rawsig,79,C=100.0,0.4324364618540262,0.4419387183088091,0.4409344685311147,0.45001009896990507,0.4574223245109321,0.35694050991501414,0.5114533205004812
matched_marginal,23,3947746016,logistic,statistics,11,C=100.0,0.3728134004832333,0.39048770929698967,0.3908943381040311,0.4062209654615229,0.37639090469279146,0.29492433795712486,0.5001478852410529
matched_marginal,23,3947746016,logistic,statistics_logsig,25,C=10.0,0.3991437404891751,0.42286221148468583,0.42270457086713914,0.43958796202787315,0.46540880503144655,0.292875157629256,0.510302671793355
matched_marginal,23,3947746016,logistic,statistics_rawsig,50,C=0.3,0.4103741594901469,0.46054934760164024,0.4588031811158842,0.4814784891941022,0.5373730043541364,0.2862547288776797,0.5580203095731046
matched_marginal,23,3947746016,logistic,b3,40,C=10.0,0.3708134928324423,0.3875603256399221,0.3874360155201389,0.39551605736214906,0.41400580551523947,0.32266708701134933,0.42600808439317756
matched_marginal,23,3947746016,logistic,b3_logsig,54,C=0.3,0.3872565582067815,0.41282131202267686,0.41292705234011556,0.4229852555039386,0.4488388969521045,0.32881462799495587,0.46081041112097015
matched_marginal,23,3947746016,logistic,b3_rawsig,79,C=100.0,0.4048835768091279,0.44723152593705295,0.44701479139442685,0.4621288628559887,0.5058055152394775,0.3212484237074401,0.5146406388642414
matched_marginal,24,3343472307,logistic,statistics,11,C=0.1,0.413497980546337,0.4202961522061079,0.4140758103881115,0.42985255503938596,0.5080958549222798,0.23199783432593396,0.5207947673701099
matched_marginal,24,3343472307,logistic,statistics_logsig,25,C=0.01,0.43181363702579684,0.43120861768029384,0.42650593300712564,0.4423348818420521,0.5563471502590673,0.2491878722252301,0.488090830556584
matched_marginal,24,3343472307,logistic,statistics_rawsig,50,C=0.03,0.4654617829103031,0.4664829111216933,0.4629808065186527,0.4771157341951121,0.5853842832469776,0.2914185165132648,0.5226459336048377
matched_marginal,24,3343472307,logistic,b3,40,C=10.0,0.4073397973329695,0.40342745708044353,0.40180357507758924,0.41038174106241165,0.4724740932642487,0.2747698971304819,0.46303838084660004
matched_marginal,24,3343472307,logistic,b3_logsig,54,C=100.0,0.42438160313423684,0.41845404045273477,0.41696675095604285,0.4269844475863462,0.5172711571675302,0.2835679480238224,0.45452301616685176
matched_marginal,24,3343472307,logistic,b3_rawsig,79,C=1.0,0.45065772660640285,0.44710883995427997,0.44534663648894574,0.455221167440921,0.531951640759931,0.3040064970221982,0.5053683820807109
matched_marginal,25,3930994991,logistic,statistics,11,C=10.0,0.3798993551537735,0.38614288803339286,0.36213797023839706,0.3697838820440315,0.410259004451639,0.21052631578947367,0.537643343859066
matched_marginal,25,3930994991,logistic,statistics_logsig,25,C=10.0,0.40709659491310296,0.3917635256576692,0.3695674553297377,0.3744698040799838,0.39670174018615945,0.23413146600406595,0.5444573707827821
matched_marginal,25,3930994991,logistic,statistics_rawsig,50,C=100.0,0.4311636597477923,0.4121179612810664,0.38930234690602417,0.3926883457887296,0.39983812221772563,0.2593178224531285,0.5771979391723451
matched_marginal,25,3930994991,logistic,b3,40,C=0.1,0.3822040764215715,0.373265563142793,0.3627029609382588,0.3650575641284589,0.38476325374342374,0.28597244183419923,0.4490609938507562
matched_marginal,25,3930994991,logistic,b3_logsig,54,C=0.1,0.39770927572976117,0.3842807764007783,0.3722553122444971,0.374348616441123,0.3908336705787131,0.28868308109329116,0.4733255775303307
matched_marginal,25,3930994991,logistic,b3_rawsig,79,C=1.0,0.4256109131752515,0.40775654769499664,0.3934560045569751,0.3956776408806302,0.41066369890732496,0.2983962051050373,0.5142097390726276
matched_marginal,26,3385255092,logistic,statistics,11,C=0.03,0.4093325753692499,0.4004261646920759,0.3944812300008098,0.41167440921026055,0.4644988066825776,0.23458387235877534,0.5021958150348748
matched_marginal,26,3385255092,logistic,statistics_logsig,25,C=0.01,0.4280005387778565,0.43021287625644716,0.42659573158682895,0.44492021813774996,0.5315234685759745,0.2650567773465574,0.4940583828468096
matched_marginal,26,3385255092,logistic,statistics_rawsig,50,C=0.1,0.4375555478147783,0.4380683206327423,0.43193789517900005,0.45005049484952536,0.5051710421638823,0.2580135115710795,0.5510204081632653
matched_marginal,26,3385255092,logistic,b3,40,C=0.3,0.40790618702176856,0.4182811027853417,0.41627418283111767,0.42613613411432033,0.46579156722354814,0.3106223947103637,0.47842934642211316
matched_marginal,26,3385255092,logistic,b3_logsig,54,C=0.01,0.423577597416197,0.4290382626042897,0.42776488507728677,0.4374469804079984,0.48408910103420844,0.3261463274399885,0.4768793593386722
matched_marginal,26,3385255092,logistic,b3_rawsig,79,C=0.03,0.4374878379225519,0.4429458698934456,0.4404054905242183,0.45142395475661484,0.4908512330946698,0.31680321977864023,0.5211831568070266
matched_marginal,27,689021210,logistic,statistics,11,C=0.01,0.4178926971273971,0.41523219159924984,0.4022236430996742,0.41619874772773174,0.5193936691930451,0.2156982421875,0.5106046634172046
matched_marginal,27,689021210,logistic,statistics_logsig,25,C=0.3,0.43199625700674443,0.4307280628760828,0.4242943415326858,0.43162997374267825,0.5123718234507356,0.2802734375,0.49953892767751285
matched_marginal,27,689021210,logistic,statistics_rawsig,50,C=100.0,0.4586189016756035,0.45939400548797,0.45325651249946547,0.46160371642092507,0.5688809629959876,0.298828125,0.5104729284679226
matched_marginal,27,689021210,logistic,b3,40,C=100.0,0.41141537376658466,0.3958914329677254,0.3934031532397202,0.39511209856594626,0.41640659830584037,0.316650390625,0.4546173099723357
matched_marginal,27,689021210,logistic,b3_logsig,54,C=10.0,0.4268800681702398,0.40605917456455703,0.404497339694815,0.40638254898000403,0.4468345965225145,0.32568359375,0.44565933342115666
matched_marginal,27,689021210,logistic,b3_rawsig,79,C=0.1,0.4502401081634044,0.442142384783828,0.4391051200890786,0.44318319531407796,0.5160499331252787,0.315185546875,0.49519167435120537
matched_marginal,28,2556523997,logistic,statistics,11,C=0.001,0.3969610809633863,0.3574490964498119,0.34182640084447985,0.35217127852958996,0.43070185820807194,0.29994916115912557,0.341696269982238
matched_marginal,28,2556523997,logistic,statistics_logsig,25,C=0.01,0.4134493925009073,0.3712585595652209,0.3547081617510391,0.3650575641284589,0.4335424310569298,0.31655651584477207,0.36367673179396093
matched_marginal,28,2556523997,logistic,statistics_rawsig,50,C=10.0,0.44969041974321056,0.4258765128904401,0.3955143365492735,0.3997980206018986,0.48703988637708606,0.30435519403490935,0.48623445825932504
matched_marginal,28,2556523997,logistic,b3,40,C=0.01,0.3961100351418095,0.36659101761584506,0.35023247533135304,0.3598060997778227,0.40466327376020833,0.32299610235553294,0.37211367673179396
matched_marginal,28,2556523997,logistic,b3_logsig,54,C=0.001,0.4039448191921273,0.3679185452645222,0.35296657868669595,0.36420925065643306,0.4224168540655699,0.32587697000508387,0.35546181172291297
matched_marginal,28,2556523997,logistic,b3_rawsig,79,C=0.3,0.43609867931735297,0.4131488225354671,0.3912915263059731,0.3992324782872147,0.46893123446561724,0.3357905439755974,0.43472468916518653
matched_marginal,29,1164312638,logistic,statistics,11,C=1.0,0.4082177808354525,0.3827146605821012,0.36907586718985064,0.397535851343163,0.4972862957937585,0.15464922048997773,0.4962084654625672
matched_marginal,29,1164312638,logistic,statistics_logsig,25,C=0.01,0.4220693265743299,0.4158653489090131,0.4073740190216528,0.432316703696223,0.5440007753440589,0.205456570155902,0.49813870122707843
matched_marginal,29,1164312638,logistic,statistics_rawsig,50,C=100.0,0.4473536211815415,0.4615645840048579,0.45339438176944596,0.47606544132498485,0.5738515216127157,0.24693763919821826,0.5639045912036399
matched_marginal,29,1164312638,logistic,b3,40,C=1.0,0.4002996251649,0.3909976713303074,0.38552349210124076,0.3961623914360735,0.42963752665245203,0.2544543429844098,0.4889011443540604
matched_marginal,29,1164312638,logistic,b3_logsig,54,C=100.0,0.42046951750386086,0.41039406914708126,0.4056238985219025,0.41995556453241767,0.48410544679201395,0.25431514476614697,0.49276161588308287
matched_marginal,29,1164312638,logistic,b3_rawsig,79,C=100.0,0.44310687739711124,0.45127954436646284,0.44575856746099723,0.4619672793375076,0.5336305485559217,0.2749164810690423,0.5452916034744244
matched_marginal,30,3560492814,logistic,statistics,11,C=0.001,0.3933231476454078,0.4367101687913976,0.40229045379355793,0.4064633407392446,0.599112426035503,0.22873764890571613,0.48228043143297383
matched_marginal,30,3560492814,logistic,statistics_logsig,25,C=0.03,0.4186316272764447,0.4588999201398269,0.42332381052671025,0.4270248434659665,0.6182087143625605,0.2423123095392003,0.5161787365177196
matched_marginal,30,3560492814,logistic,statistics_rawsig,50,C=0.3,0.4472763286243954,0.4754782087158584,0.4475850329652187,0.44633407392445973,0.549757934373319,0.29300951149690646,0.5836671802773498
matched_marginal,30,3560492814,logistic,b3,40,C=0.0001,0.3996321062596036,0.4191516684718399,0.3943314882750892,0.3945061603716421,0.5158687466379774,0.25745682888540034,0.48412942989214175
matched_marginal,30,3560492814,logistic,b3_logsig,54,C=0.03,0.41045274378175883,0.4305551669706458,0.4141125763957785,0.4124015350434256,0.5173480365788058,0.3080616862129467,0.4662557781201849
matched_marginal,30,3560492814,logistic,b3_rawsig,79,C=1.0,0.43410629505452913,0.44707217521083614,0.4309358189139356,0.4286406786507776,0.49731038192576654,0.33096315449256625,0.5129429892141757
matched_marginal,31,523232252,logistic,statistics,11,C=0.1,0.4072169884051915,0.38771581420975787,0.374181516645117,0.4077156130074732,0.4957572403615569,0.15734836126353255,0.5100418410041841
matched_marginal,31,523232252,logistic,statistics_logsig,25,C=0.03,0.42922021401117755,0.4171595690062924,0.4063937499901469,0.4408402342961018,0.5494373731783804,0.18181818181818182,0.5202231520223152
matched_marginal,31,523232252,logistic,statistics_rawsig,50,C=1.0,0.4542389694335796,0.4367970166046846,0.4277900551952296,0.4590991718844678,0.5601365061796717,0.20450837905976568,0.5457461645746164
matched_marginal,31,523232252,logistic,b3,40,C=100.0,0.4249112731094607,0.3960846512956209,0.3931202877975839,0.4124823268026661,0.48985427042981,0.2518166987987543,0.4465829846582985
matched_marginal,31,523232252,logistic,b3_logsig,54,C=1.0,0.4385356649646514,0.4180428746267057,0.41630661647990297,0.43280145425166633,0.5029514849658735,0.29259973305650305,0.4585774058577406
matched_marginal,31,523232252,logistic,b3_rawsig,79,C=100.0,0.4579236679209493,0.4487735432287299,0.4459369956372448,0.466814784891941,0.5522043903338867,0.29230312917099216,0.501813110181311
matched_marginal,32,848187189,logistic,statistics,11,C=10.0,0.41252137308375475,0.4181021629879313,0.41006788477966166,0.4107856998586144,0.4499314128943759,0.3202939269505079,0.4840811491189101
matched_marginal,32,848187189,logistic,statistics_logsig,25,C=10.0,0.4352014802993624,0.4334611152669734,0.4257935933768164,0.4279135528176126,0.5029721079103795,0.32310352280095095,0.4743077150895898
matched_marginal,32,848187189,logistic,statistics_rawsig,50,C=0.3,0.4647134350386907,0.4538262849744386,0.4468918226893382,0.4477075338315492,0.5062871513488797,0.35141560406310784,0.5037760995113283
matched_marginal,32,848187189,logistic,b3,40,C=1.0,0.40366000586443174,0.39269503460760374,0.3902933820415165,0.3896586548172086,0.39769090077732056,0.3586557164469419,0.4217384865985488
matched_marginal,32,848187189,logistic,b3_logsig,54,C=100.0,0.4229448914107272,0.4035020132271851,0.40069534450864325,0.39991920824075944,0.41838134430727025,0.3561703047330884,0.4359543906411965
matched_marginal,32,848187189,logistic,b3_rawsig,79,C=1.0,0.4456201560820034,0.42353049350220556,0.42070209743228654,0.41999596041203796,0.44501600365797894,0.3714069591527988,0.4541685176958389
matched_marginal,33,1462329290,logistic,statistics,11,C=10.0,0.3934782820228897,0.4084954549145035,0.3933558254693689,0.39551605736214906,0.48779851233198485,0.2595915841584158,0.4780962682531098
matched_marginal,33,1462329290,logistic,statistics_logsig,25,C=1.0,0.4035569955442229,0.4161188781546101,0.4030473794441319,0.4039587962027873,0.48779851233198485,0.27691831683168316,0.48363980530016226
matched_marginal,33,1462329290,logistic,statistics_rawsig,50,C=0.1,0.43857321308620945,0.44246778684286686,0.4273588752121395,0.42835790749343566,0.5230327547957719,0.28125,0.5231206057328286
matched_marginal,33,1462329290,logistic,b3,40,C=100.0,0.38176650473905177,0.38733002107090525,0.37823390345935093,0.37749949505150476,0.43677410935664884,0.27578382838283827,0.44943212547322875
matched_marginal,33,1462329290,logistic,b3_logsig,54,C=100.0,0.39571773898247325,0.3997716314108865,0.39003819177400817,0.3889719248636639,0.46209056505285134,0.27629950495049505,0.46092482422931313
matched_marginal,33,1462329290,logistic,b3_rawsig,79,C=0.03,0.42752778242057854,0.4122591255175984,0.40022665283438474,0.3998384164815189,0.5073730914785333,0.26753300330033003,0.46187128177393183
matched_marginal,34,3713455433,logistic,statistics,11,C=0.1,0.41281771012722146,0.4131510153126801,0.398206797384624,0.42116744092102604,0.572509765625,0.18626802487101468,0.4806752554420258
matched_marginal,34,3713455433,logistic,statistics_logsig,25,C=100.0,0.41230080814270603,0.4318794763112257,0.42366933208805807,0.4375681680468592,0.5794677734375,0.2514882921021299,0.4646823633940471
matched_marginal,34,3713455433,logistic,statistics_rawsig,50,C=10.0,0.44259076604866304,0.46688033274777657,0.4608971288983404,0.4719854574833367,0.6112060546875,0.29831988358248446,0.4911150599733452
matched_marginal,34,3713455433,logistic,b3,40,C=10.0,0.3933060659553563,0.39013992592092067,0.3851032021517888,0.3941829933346799,0.5089111328125,0.25413414472813867,0.4073745002221235
matched_marginal,34,3713455433,logistic,b3_logsig,54,C=100.0,0.4019763778084471,0.4155185083251644,0.4105716548321385,0.4192284386992527,0.543701171875,0.27993120783172376,0.42292314526876945
matched_marginal,34,3713455433,logistic,b3_rawsig,79,C=0.1,0.42900417047909906,0.44169269114082704,0.4376466347142496,0.4448394263785094,0.576416015625,0.3120783172377299,0.43658374055975124
matched_marginal,35,4116307193,logistic,statistics,11,C=0.3,0.4044612135613887,0.439785673451341,0.425634075908696,0.4424964653605332,0.48393413440142413,0.2684451854939558,0.566977700458643
matched_marginal,35,4116307193,logistic,statistics_logsig,25,C=0.03,0.4244039773445356,0.44536765347741564,0.43666621333829997,0.452029892950919,0.503871829105474,0.30526608309017644,0.5269650482365965
matched_marginal,35,4116307193,logistic,statistics_rawsig,50,C=0.1,0.44886003266679575,0.46513145782843207,0.44658374731727174,0.46289638456877397,0.4869603916332888,0.2791440878143671,0.6292898940376404
matched_marginal,35,4116307193,logistic,b3,40,C=1.0,0.3903037952161841,0.42052746153316595,0.41115234952026264,0.42330842254090084,0.4574988874054295,0.291510351535362,0.5125731456587063
matched_marginal,35,4116307193,logistic,b3_logsig,54,C=1.0,0.4106177018107687,0.4282948348127902,0.42083576283082075,0.43183195314077966,0.46568758344459277,0.31832708072808114,0.5008698402656967
matched_marginal,35,4116307193,logistic,b3_rawsig,79,C=0.1,0.43922108873887344,0.4418634842615157,0.42770370401931096,0.4388608361947081,0.4526924788607032,0.29595664860358484,0.5769413253202593
matched_marginal,36,1259335069,logistic,statistics,11,C=0.03,0.3931988821409053,0.43484925127313323,0.43419107686536745,0.47622702484346596,0.5745198574780568,0.24657269743193666,0.48345519890940636
matched_marginal,36,1259335069,logistic,statistics_logsig,25,C=0.03,0.4105904790303631,0.45780532708026844,0.4575788207677951,0.5051908705312058,0.6298774658903277,0.25661324580034756,0.4869252695501301
matched_marginal,36,1259335069,logistic,statistics_rawsig,50,C=0.1,0.43545448613361165,0.45883806110196845,0.4585745254836213,0.5036154312260149,0.6122360302424611,0.2577717706120873,0.506506382451357
matched_marginal,36,1259335069,logistic,b3,40,C=0.3,0.3902518538029118,0.4148164136583403,0.4140404760036294,0.44451625934154715,0.5162944294777092,0.2811353543155049,0.4470194571818069
matched_marginal,36,1259335069,logistic,b3_logsig,54,C=10.0,0.4028026393606076,0.42894020183865056,0.428808331595021,0.4642294485962432,0.5563570000869036,0.27823904228615565,0.45222456314289255
matched_marginal,36,1259335069,logistic,b3_rawsig,79,C=0.1,0.43017967034375565,0.44449134766634685,0.4447780012893791,0.48236719854574833,0.582167376379595,0.28383857887623093,0.4674680877432148
matched_marginal,37,3143487523,logistic,statistics,11,C=0.0001,0.380666078410455,0.3772414944467739,0.3379791544326514,0.34542516663300343,0.5308098591549296,0.16681695220919748,0.43409767197619464
matched_marginal,37,3143487523,logistic,statistics_logsig,25,C=100.0,0.4037945987654033,0.4211423558189906,0.393565209521441,0.39216319935366595,0.47308853118712274,0.2660955816050496,0.5242429546647995
matched_marginal,37,3143487523,logistic,statistics_rawsig,50,C=0.3,0.4367818866531296,0.4435075800583094,0.41323193346001225,0.41074530397899417,0.46554325955734405,0.2834986474301172,0.5814808331874671
matched_marginal,37,3143487523,logistic,b3,40,C=0.001,0.38256066285460716,0.3915978812929984,0.36584746767197157,0.36780448394263787,0.4881790744466801,0.24183949504057708,0.44477507439173813
matched_marginal,37,3143487523,logistic,b3_logsig,54,C=0.1,0.4029311210395756,0.41091839855695894,0.3895592271192201,0.3890123207432842,0.4474346076458752,0.29486023444544635,0.4904603535795554
matched_marginal,37,3143487523,logistic,b3_rawsig,79,C=1.0,0.43017101369984934,0.43059395211334045,0.4086054860207268,0.40698848717430824,0.45724346076458755,0.3108205590622182,0.5237178365132155
matched_marginal,38,1836839349,logistic,statistics,11,C=0.001,0.40827538857997475,0.3771890945433383,0.3713147436161859,0.3826701676429004,0.4916159483294001,0.22850983562382107,0.4114414996767938
matched_marginal,38,1836839349,logistic,statistics_logsig,25,C=0.01,0.4158246700222474,0.41349319907717647,0.40154412555393554,0.4222581296707736,0.5603030679418706,0.19967663702506064,0.48049989226459816
matched_marginal,38,1836839349,logistic,statistics_rawsig,50,C=0.1,0.4429082684965601,0.43216438805296203,0.4175401666875595,0.44455665522116744,0.5625388150540306,0.18094853139315548,0.5530058177117001
matched_marginal,38,1836839349,logistic,b3,40,C=0.0001,0.3937467787373006,0.37834170985049703,0.37332002658939306,0.38166027065239344,0.4919885728480934,0.25895984909727837,0.3840767076061194
matched_marginal,38,1836839349,logistic,b3_logsig,54,C=1.0,0.40168466978918577,0.4182244144744694,0.41364366513047607,0.4237527772167239,0.5242826978015154,0.27445432497978983,0.455936220642103
matched_marginal,38,1836839349,logistic,b3_rawsig,79,C=0.1,0.4319284769899315,0.433984301544409,0.4282112796587945,0.4414057766107857,0.546143336231524,0.26098086769064943,0.49482870071105367
matched_marginal,39,2191034984,logistic,statistics,11,C=0.01,0.382473226730715,0.40044478325974703,0.38510764069291087,0.39874772773177136,0.42748028227480284,0.2978266702441642,0.476027397260274
matched_marginal,39,2191034984,logistic,statistics_logsig,25,C=100.0,0.41096554528020385,0.4254812045434713,0.40925744881285525,0.435507978186225,0.5172270651722707,0.25503085591628655,0.504185692541857
matched_marginal,39,2191034984,logistic,statistics_rawsig,50,C=1.0,0.43095141099506423,0.43766341127755976,0.4215008701701346,0.4467784286002828,0.5240348692403487,0.2735444056882211,0.5154109589041096
matched_marginal,39,2191034984,logistic,b3,40,C=0.3,0.39144810605613056,0.37609538246026514,0.3624127662343006,0.37564128458897195,0.4103777501037775,0.2650925677488597,0.4528158295281583
matched_marginal,39,2191034984,logistic,b3_logsig,54,C=0.3,0.4104311664925442,0.39637809591121415,0.3843980767727948,0.40557463138759847,0.4738065587380656,0.26079957070029514,0.4545281582952816
matched_marginal,39,2191034984,logistic,b3_rawsig,79,C=1.0,0.4270011394261033,0.4158565901921496,0.4010229131286738,0.4227428802262169,0.48908260689082605,0.2672390662731419,0.491248097412481
matched_marginal,40,954646438,logistic,statistics,11,C=10.0,0.390453673602706,0.37384486854680876,0.34087338380912513,0.3415067663098364,0.42463841664552143,0.20990734141126158,0.48698884758364314
matched_marginal,40,954646438,logistic,statistics_logsig,25,C=100.0,0.4180085493065165,0.398121585840083,0.36525385821652273,0.3648151888507372,0.4325044404973357,0.2364575908766928,0.5254027261462205
matched_marginal,40,954646438,logistic,statistics_rawsig,50,C=0.3,0.44811381401417516,0.44070059912317266,0.40648474936542073,0.4053322561098768,0.46777467647805127,0.27280826799714897,0.5815188528943176
matched_marginal,40,954646438,logistic,b3,40,C=0.01,0.37447100266554,0.39449670543675935,0.36869700730789723,0.3705514037568168,0.4849023090586146,0.25196008553100496,0.4466277217206585
matched_marginal,40,954646438,logistic,b3_logsig,54,C=0.3,0.40198902036145906,0.40912490073713803,0.38491466506933847,0.3860230256513836,0.4866785079928952,0.27548111190306485,0.46521508231545405
matched_marginal,40,954646438,logistic,b3_rawsig,79,C=100.0,0.43523762392632187,0.4380103898408894,0.41131228809709675,0.4108260957382347,0.4823648820096422,0.2995367070563079,0.532129580456718
matched_marginal,41,1086479476,logistic,statistics,11,C=0.03,0.4089562707149583,0.4126055185781394,0.3856511165637045,0.39422338921430017,0.4592739930382894,0.23267434281990007,0.5458682198762286
matched_marginal,41,1086479476,logistic,statistics_logsig,25,C=0.03,0.4124009149784038,0.42461943144690134,0.39932899610624184,0.40977580286810744,0.4956737941322725,0.23832283293504236,0.5398616672733891
matched_marginal,41,1086479476,logistic,statistics_rawsig,50,C=0.03,0.4387863569583173,0.44968906600807185,0.42067047466136237,0.4305392849929307,0.5084037792143212,0.24983706278514012,0.5908263560247543
matched_marginal,41,1086479476,logistic,b3,40,C=0.001,0.4001049815672908,0.4054854492303246,0.39032680084845156,0.4011714805089881,0.495574341123819,0.26602215946122093,0.45485984710593375
matched_marginal,41,1086479476,logistic,b3_logsig,54,C=0.1,0.40769705351422575,0.4180884280291905,0.40031489629564465,0.40537265198949707,0.4555942317255097,0.28720399739300456,0.5114670549690572
matched_marginal,41,1086479476,logistic,b3_rawsig,79,C=10.0,0.43067380690124407,0.44488999816469604,0.4243348064056331,0.42985255503938596,0.48294380905022377,0.29784922876384967,0.5538769566800146
matched_marginal,42,1373004360,logistic,statistics,11,C=0.01,0.41083450776701813,0.3918124958249112,0.3588778573795779,0.36558271056352254,0.4661857529305681,0.20112818517798095,0.5081235493661846
matched_marginal,42,1373004360,logistic,statistics_logsig,25,C=0.03,0.434867160216952,0.4095317665788287,0.3769947533811937,0.3842456069480913,0.5006762849413886,0.21211826492900213,0.5158007498660954
matched_marginal,42,1373004360,logistic,statistics_rawsig,50,C=10.0,0.45793261382259937,0.44097736627558687,0.41083547254361813,0.41510805897798425,0.5092425608656447,0.2564676133048045,0.5572219246563114
matched_marginal,42,1373004360,logistic,b3,40,C=0.1,0.40717821548861544,0.369773830042014,0.35912570383553094,0.3614219349626338,0.39021641118124434,0.3113207547169811,0.40778432422781646
matched_marginal,42,1373004360,logistic,b3_logsig,54,C=0.1,0.42186195032795126,0.39167294500462496,0.3782450704655053,0.3808927489396082,0.43913435527502254,0.30149776308111265,0.4343867166577397
matched_marginal,42,1373004360,logistic,b3_rawsig,79,C=100.0,0.44990899146523144,0.42599891053711425,0.4078787050970642,0.409856594627348,0.473512173128945,0.3074304609998055,0.4970540974825924
matched_marginal,43,1584559146,logistic,statistics,11,C=100.0,0.39264254997032805,0.39597571580684193,0.3750033808416557,0.38210462532821654,0.4306969459671104,0.23535410764872522,0.5218760938046902
matched_marginal,43,1584559146,logistic,statistics_logsig,25,C=0.03,0.4187455209162707,0.40482065868160017,0.3895820738118673,0.39648555847303574,0.44978465152701647,0.27342776203966007,0.4912495624781239
matched_marginal,43,1584559146,logistic,statistics_rawsig,50,C=0.03,0.4343565048796522,0.4201310101257827,0.40344483110762686,0.4094122399515249,0.45262333594361787,0.2878186968838527,0.5199509975498775
matched_marginal,43,1584559146,logistic,b3,40,C=0.3,0.3941268654271226,0.3923025607374348,0.37888373695280997,0.3813371036154312,0.3918363351605325,0.30572237960339943,0.4793489674483724
matched_marginal,43,1584559146,logistic,b3_logsig,54,C=10.0,0.41019178686090757,0.40479669861924084,0.39446523703604813,0.3981417895374672,0.41513312451057166,0.3368838526912181,0.4623731186559328
matched_marginal,43,1584559146,logistic,b3_rawsig,79,C=0.1,0.4292387624514955,0.4197435117462769,0.4084796365057241,0.41320945263583114,0.44498825371965545,0.33121813031161473,0.48302415120756037
matched_marginal,44,3323231533,logistic,statistics,11,C=0.01,0.41465099819594875,0.4213024458743273,0.3684166440390193,0.3929307210664512,0.5769171185127808,0.11117942412132391,0.5758107949888772
matched_marginal,44,3323231533,logistic,statistics_logsig,25,C=0.01,0.42779669455647157,0.4289952247174728,0.38830333055622696,0.403191274490002,0.5798605731990705,0.16292652935751614,0.5441985715958318
matched_marginal,44,3323231533,logistic,statistics_rawsig,50,C=10.0,0.44494634111294484,0.4332151378425522,0.4054860984678817,0.414784891941022,0.524864446165763,0.21559586023158112,0.5591851071303127
matched_marginal,44,3323231533,logistic,b3,40,C=0.01,0.41279774463177316,0.4398984754872975,0.41670616106074193,0.4212886285598869,0.5493415956622772,0.24910339174095705,0.5212504390586582
matched_marginal,44,3323231533,logistic,b3_logsig,54,C=0.001,0.42278780109159175,0.4393069201905509,0.4132087811494009,0.4186628963845688,0.5673121611154144,0.23895890972435702,0.5116496897318815
matched_marginal,44,3323231533,logistic,b3_rawsig,79,C=1.0,0.4482592180576143,0.437792118637746,0.4183179884037092,0.42213694203191277,0.5247095274980635,0.26847013013628446,0.52019669827889
matched_marginal,45,320324471,logistic,statistics,11,C=0.01,0.406886539091123,0.41586046544256033,0.41540598913323495,0.44835386790547366,0.5503373346184176,0.26809794180269697,0.4291461199065663
matched_marginal,45,320324471,logistic,statistics_logsig,25,C=0.1,0.43403049572482116,0.4177257604051227,0.41769624956217943,0.45291860230256514,0.5668097783229651,0.26383960255500355,0.42252790033739945
matched_marginal,45,320324471,logistic,statistics_rawsig,50,C=1.0,0.45345326625241283,0.4397429776458079,0.4395875340105532,0.47323772975156536,0.5708402698676948,0.2739531582682754,0.4744355048014534
matched_marginal,45,320324471,logistic,b3,40,C=100.0,0.41192471281220094,0.3988619117277176,0.39802338296933754,0.4210058574025449,0.4922456847454657,0.301277501774308,0.4030625486633792
matched_marginal,45,320324471,logistic,b3_logsig,54,C=0.1,0.42882671097453073,0.41535864811721596,0.41511909574753814,0.44172894364774795,0.5298343993691405,0.30500354861603973,0.4112379963664677
matched_marginal,45,320324471,logistic,b3_rawsig,79,C=1.0,0.4482802586702102,0.4498988581939069,0.4487907287154145,0.4723086245202989,0.5404363445194077,0.34403832505322923,0.46522190500908384
matched_marginal,46,1965164083,logistic,statistics,11,C=0.0001,0.41460013165971077,0.4070362014534636,0.38084726978148725,0.41304786911735003,0.580285855101035,0.15067340067340068,0.4901493485859549
matched_marginal,46,1965164083,logistic,statistics_logsig,25,C=0.03,0.42037671333622656,0.4229365081093898,0.40894681620013573,0.42860028277115736,0.5603745687530803,0.2305194805194805,0.4779154750556085
matched_marginal,46,1965164083,logistic,statistics_rawsig,50,C=0.03,0.45589250549701577,0.4575053997950205,0.4431362329053891,0.45825085841244195,0.5607688516510596,0.26996151996151996,0.5417858277724817
matched_marginal,46,1965164083,logistic,b3,40,C=0.0001,0.3766920878755507,0.39374735032429165,0.38744014131810306,0.399272874166835,0.4941350418925579,0.2702020202020202,0.4169049888782968
matched_marginal,46,1965164083,logistic,b3_logsig,54,C=0.01,0.3941915265913026,0.3997042218639904,0.3910779016732145,0.4045647343970915,0.5089206505667817,0.2512025012025012,0.43898951382268825
matched_marginal,46,1965164083,logistic,b3_rawsig,79,C=0.1,0.4324315110130015,0.42292831286922056,0.413951821854096,0.4242779236517875,0.5081320847708231,0.2771765271765272,0.48347632666031143
matched_marginal,47,3754333007,logistic,statistics,11,C=10.0,0.41795418478023033,0.4253192936986607,0.4165206770999143,0.41514845485760454,0.4734542565867867,0.3318742538798249,0.4706293706293706
matched_marginal,47,3754333007,logistic,statistics_logsig,25,C=1.0,0.426933754387185,0.4305777050080168,0.4181224072701995,0.41793577055140374,0.5352839931153184,0.3081973736569837,0.44825174825174824
matched_marginal,47,3754333007,logistic,statistics_rawsig,50,C=100.0,0.46090373832916764,0.4694174646599388,0.45451662635431944,0.4536457281357302,0.5469349927181253,0.32411460405889375,0.5372027972027972
matched_marginal,47,3754333007,logistic,b3,40,C=0.001,0.39320974120251684,0.4052973257571036,0.39616146561416965,0.3961219955564532,0.47213027935919505,0.3177477118981297,0.426013986013986
matched_marginal,47,3754333007,logistic,b3_logsig,54,C=0.001,0.40382404106325015,0.4127648189422865,0.40182546813737563,0.40193900222177337,0.4986098239110287,0.3084958217270195,0.4311888111888112
matched_marginal,47,3754333007,logistic,b3_rawsig,79,C=100.0,0.43941518632254456,0.4532041596689044,0.4398121458647754,0.4388204403150879,0.5329008341056534,0.31943891762833265,0.5072727272727273
matched_marginal,48,3015000268,logistic,statistics,11,C=100.0,0.43484428433732036,0.35354903569618795,0.3506142060474114,0.3597253080185821,0.3792091836734694,0.23398982652928133,0.44744809688581316
matched_marginal,48,3015000268,logistic,statistics_logsig,25,C=100.0,0.44919031943265225,0.3723312009687141,0.37221774755228393,0.37677236921833973,0.3895408163265306,0.28746576235815835,0.4399870242214533
matched_marginal,48,3015000268,logistic,statistics_rawsig,50,C=1.0,0.47410405297127606,0.4058346068961039,0.40393958308848665,0.4144213290244395,0.394515306122449,0.2814660232163819,0.5415224913494809
matched_marginal,48,3015000268,logistic,b3,40,C=100.0,0.418045008387174,0.3722275290056025,0.37215047745521046,0.3747929711169461,0.3957908163265306,0.3110734315899309,0.40981833910034604
matched_marginal,48,3015000268,logistic,b3_logsig,54,C=10.0,0.437512868381902,0.3847076968259588,0.38492401890779077,0.3878812361139164,0.40676020408163266,0.3153775922785966,0.4319852941176471
matched_marginal,48,3015000268,logistic,b3_rawsig,79,C=0.3,0.4532012841078667,0.41427165394656623,0.4141021468470356,0.41999596041203796,0.42818877551020407,0.3122472935959306,0.5023788927335641
matched_marginal,49,3650631629,logistic,statistics,11,C=0.3,0.38762458186836374,0.38861802437765713,0.38463131356764174,0.39078973944657647,0.4117528474952122,0.2864247311827957,0.4676764944549635
matched_marginal,49,3650631629,logistic,statistics_logsig,25,C=100.0,0.40671456220303254,0.4039797149259876,0.3994322110396979,0.40484750555443344,0.41437355105332124,0.3,0.4975655937246416
matched_marginal,49,3650631629,logistic,statistics_rawsig,50,C=10.0,0.44141049023151213,0.42700352880698317,0.42142199184476087,0.4296505756412846,0.4554984376574942,0.2861559139784946,0.5393562347849608
matched_marginal,49,3650631629,logistic,b3,40,C=100.0,0.387283653222001,0.3789823312845469,0.3733250984278338,0.3806503736618865,0.39764136679770185,0.25161290322580643,0.4876927238301325
matched_marginal,49,3650631629,logistic,b3_logsig,54,C=0.03,0.4017164859624747,0.3938448449583169,0.38959650516073513,0.39571803676025047,0.41427275476262476,0.27970430107526884,0.4875574790370571
matched_marginal,49,3650631629,logistic,b3_rawsig,79,C=100.0,0.4330806889984693,0.41812171837873224,0.4127169591953112,0.42173298323570996,0.45620401169236974,0.26948924731182794,0.5286718961319989
matched_marginal,50,185234551,logistic,statistics,11,C=0.3,0.39197522696066817,0.3655751738822892,0.3561093718491075,0.3680064633407392,0.3739186571981924,0.21088845968131337,0.511918404767362
matched_marginal,50,185234551,logistic,statistics_logsig,25,C=0.3,0.42038176946648104,0.4015892347672764,0.39248386625494464,0.4029085033326601,0.4420916720464816,0.23780782230806374,0.524868209947284
matched_marginal,50,185234551,logistic,statistics_rawsig,50,C=0.3,0.4625153139784584,0.44655796547103027,0.4274298223629291,0.4489598060997778,0.49632020658489345,0.20159343312409464,0.6417602567041026
matched_marginal,50,185234551,logistic,b3,40,C=100.0,0.38228548638883364,0.37762368074421787,0.37489701316293395,0.3775802868107453,0.42001291155584247,0.28597295992274263,0.4268851707540683
matched_marginal,50,185234551,logistic,b3_logsig,54,C=100.0,0.4036421517088116,0.3992193247546334,0.39483598346586285,0.3991920824075944,0.45435765009683665,0.2783679381941091,0.4649323859729544
matched_marginal,50,185234551,logistic,b3_rawsig,79,C=100.0,0.4403284394985924,0.4342018834521702,0.4243748812303036,0.43542718642698447,0.486765655261459,0.24891356832448092,0.5669264267705707
