design,replication,seed,n_train_windows,n_validation_windows,n_test_windows,train_n0,train_n1,train_n2,validation_n0,validation_n1,validation_n2,test_n0,test_n1,test_n2,logistic_statistics_n_features,logistic_statistics_selected_value,logistic_statistics_validation_ba,logistic_statistics_test_accuracy,logistic_statistics_test_ba,logistic_statistics_test_macro_f1,logistic_statistics_test_recall_0,logistic_statistics_test_recall_1,logistic_statistics_test_recall_2,logistic_statistics_test_cm_0_0,logistic_statistics_test_cm_0_1,logistic_statistics_test_cm_0_2,logistic_statistics_test_cm_1_0,logistic_statistics_test_cm_1_1,logistic_statistics_test_cm_1_2,logistic_statistics_test_cm_2_0,logistic_statistics_test_cm_2_1,logistic_statistics_test_cm_2_2,logistic_statistics_selected_setting,logistic_statistics_logsig_n_features,logistic_statistics_logsig_selected_value,logistic_statistics_logsig_validation_ba,logistic_statistics_logsig_test_accuracy,logistic_statistics_logsig_test_ba,logistic_statistics_logsig_test_macro_f1,logistic_statistics_logsig_test_recall_0,logistic_statistics_logsig_test_recall_1,logistic_statistics_logsig_test_recall_2,logistic_statistics_logsig_test_cm_0_0,logistic_statistics_logsig_test_cm_0_1,logistic_statistics_logsig_test_cm_0_2,logistic_statistics_logsig_test_cm_1_0,logistic_statistics_logsig_test_cm_1_1,logistic_statistics_logsig_test_cm_1_2,logistic_statistics_logsig_test_cm_2_0,logistic_statistics_logsig_test_cm_2_1,logistic_statistics_logsig_test_cm_2_2,logistic_statistics_logsig_selected_setting,logistic_statistics_rawsig_n_features,logistic_statistics_rawsig_selected_value,logistic_statistics_rawsig_validation_ba,logistic_statistics_rawsig_test_accuracy,logistic_statistics_rawsig_test_ba,logistic_statistics_rawsig_test_macro_f1,logistic_statistics_rawsig_test_recall_0,logistic_statistics_rawsig_test_recall_1,logistic_statistics_rawsig_test_recall_2,logistic_statistics_rawsig_test_cm_0_0,logistic_statistics_rawsig_test_cm_0_1,logistic_statistics_rawsig_test_cm_0_2,logistic_statistics_rawsig_test_cm_1_0,logistic_statistics_rawsig_test_cm_1_1,logistic_statistics_rawsig_test_cm_1_2,logistic_statistics_rawsig_test_cm_2_0,logistic_statistics_rawsig_test_cm_2_1,logistic_statistics_rawsig_test_cm_2_2,logistic_statistics_rawsig_selected_setting,logistic_b3_n_features,logistic_b3_selected_value,logistic_b3_validation_ba,logistic_b3_test_accuracy,logistic_b3_test_ba,logistic_b3_test_macro_f1,logistic_b3_test_recall_0,logistic_b3_test_recall_1,logistic_b3_test_recall_2,logistic_b3_test_cm_0_0,logistic_b3_test_cm_0_1,logistic_b3_test_cm_0_2,logistic_b3_test_cm_1_0,logistic_b3_test_cm_1_1,logistic_b3_test_cm_1_2,logistic_b3_test_cm_2_0,logistic_b3_test_cm_2_1,logistic_b3_test_cm_2_2,logistic_b3_selected_setting,logistic_b3_logsig_n_features,logistic_b3_logsig_selected_value,logistic_b3_logsig_validation_ba,logistic_b3_logsig_test_accuracy,logistic_b3_logsig_test_ba,logistic_b3_logsig_test_macro_f1,logistic_b3_logsig_test_recall_0,logistic_b3_logsig_test_recall_1,logistic_b3_logsig_test_recall_2,logistic_b3_logsig_test_cm_0_0,logistic_b3_logsig_test_cm_0_1,logistic_b3_logsig_test_cm_0_2,logistic_b3_logsig_test_cm_1_0,logistic_b3_logsig_test_cm_1_1,logistic_b3_logsig_test_cm_1_2,logistic_b3_logsig_test_cm_2_0,logistic_b3_logsig_test_cm_2_1,logistic_b3_logsig_test_cm_2_2,logistic_b3_logsig_selected_setting,logistic_b3_rawsig_n_features,logistic_b3_rawsig_selected_value,logistic_b3_rawsig_validation_ba,logistic_b3_rawsig_test_accuracy,logistic_b3_rawsig_test_ba,logistic_b3_rawsig_test_macro_f1,logistic_b3_rawsig_test_recall_0,logistic_b3_rawsig_test_recall_1,logistic_b3_rawsig_test_recall_2,logistic_b3_rawsig_test_cm_0_0,logistic_b3_rawsig_test_cm_0_1,logistic_b3_rawsig_test_cm_0_2,logistic_b3_rawsig_test_cm_1_0,logistic_b3_rawsig_test_cm_1_1,logistic_b3_rawsig_test_cm_1_2,logistic_b3_rawsig_test_cm_2_0,logistic_b3_rawsig_test_cm_2_1,logistic_b3_rawsig_test_cm_2_2,logistic_b3_rawsig_selected_setting,logistic_statistics_logsig_minus_statistics_ba,logistic_statistics_rawsig_minus_statistics_ba,logistic_b3_logsig_minus_b3_ba,logistic_b3_rawsig_minus_b3_ba,logistic_statistics_rawsig_minus_statistics_logsig_ba,logistic_b3_rawsig_minus_b3_logsig_ba,logistic_b3_minus_statistics_ba,elapsed_seconds
matched_marginal,1,144269559,49510,49510,24755,14293,15401,19816,15148,15655,18707,6975,10422,7358,11,10.0,0.4031825560447899,0.3633205413047869,0.38350234406575034,0.36296045561328666,0.46064516129032257,0.23009019382076376,0.45977167708616473,3213,1968,1794,3854,2398,4170,2413,1562,3383,C=10.0,25,10.0,0.42825517717693334,0.3973742678246819,0.41820640970947287,0.3976828029743767,0.5030824372759857,0.26050662061024754,0.4910301712421854,3509,1950,1516,3848,2715,3859,2201,1544,3613,C=10.0,50,0.3,0.44982819833338167,0.4392647949909109,0.4676832276510241,0.43722689737333464,0.5833691756272401,0.25254269813855307,0.5671378091872792,4069,1542,1364,3775,2632,4015,1911,1274,4173,C=0.3,40,10.0,0.40584510048656824,0.38056958190264595,0.4007596669563133,0.3821082663539755,0.4831541218637993,0.24793705622721166,0.4711878227779288,3370,1948,1657,3368,2584,4470,1838,2053,3467,C=10.0,54,0.3,0.4242701414864976,0.39818218541708744,0.4193798592486866,0.39910402088111496,0.5000716845878136,0.25820379965457685,0.49986409350366945,3488,1976,1511,3556,2691,4175,1883,1797,3678,C=0.3,79,0.03,0.44811964730879367,0.4298121591597657,0.45560332939678067,0.43026455953802506,0.5710394265232975,0.2616580310880829,0.5341125305789617,3983,1678,1314,3507,2727,4188,1661,1767,3930,C=0.03,0.034704065643722526,0.08418088358527376,0.018620192292373272,0.054843662440467345,0.04947681794155123,0.03622347014809407,0.017257322890562976,582.802222667
matched_marginal,2,74865246,49510,49510,24755,16734,15204,17572,15155,18134,16221,11209,6738,6808,11,0.0001,0.39098187079756713,0.4108260957382347,0.3872451281340285,0.38167589607221636,0.5170844856811491,0.21119026417334522,0.4334606345475911,5796,2397,3016,2788,1423,2527,2367,1490,2951,C=0.0001,25,0.0001,0.40547423279175837,0.4388204403150879,0.4111699534236776,0.40247375757642806,0.563297350343474,0.19723953695458593,0.47297297297297297,6314,2082,2813,2851,1329,2558,2331,1257,3220,C=0.0001,50,100.0,0.42376700557539865,0.4553423550797819,0.44267950424489483,0.43413497568095244,0.511107146043358,0.26669634906500445,0.550235017626322,5729,2636,2844,1950,1797,2991,1329,1733,3746,C=100.0,40,0.0001,0.3919327145383231,0.40557463138759847,0.3915320194405861,0.38782038675351665,0.4683736283343742,0.25660433363015733,0.44961809635722677,5250,3265,2694,2563,1729,2446,2101,1646,3061,C=0.0001,54,0.1,0.4051134285905336,0.4340941223995152,0.42393698466569846,0.4197006703909805,0.4792577393166206,0.3100326506381716,0.48252056404230315,5372,3148,2689,2324,2089,2325,1706,1817,3285,C=0.1,79,10.0,0.4305732471742944,0.4541708745707938,0.44290872847367363,0.43831870101484216,0.5042376661611205,0.3159691303057287,0.5085193889541716,5652,3020,2537,1977,2129,2632,1379,1967,3462,C=10.0,0.02392482528964912,0.055434376110866324,0.03240496522511238,0.05137670903308755,0.0315095508212172,0.018971743807975172,0.004286891306557572,577.050839625
matched_marginal,3,1276543517,49510,49510,24755,16586,14410,18514,18696,15564,15250,7049,10324,7382,11,100.0,0.36746330162132734,0.3990708947687336,0.41140973291910493,0.3992058742172591,0.44091360476663355,0.31092599767531964,0.4823895963153617,3108,1886,2055,3389,3210,3725,2127,1694,3561,C=100.0,25,10.0,0.3953416898296793,0.4259341547162189,0.4382052682050161,0.42683092072360806,0.50063838842389,0.3420185974428516,0.4719588187483067,3529,1850,1670,3642,3531,3151,2005,1893,3484,C=10.0,50,0.1,0.4239177274664041,0.4459301151282569,0.45684981249170775,0.44642789743293637,0.5159597105972479,0.3716582719876017,0.4829314548902736,3637,1748,1664,3243,3837,3244,1998,1819,3565,C=0.1,40,100.0,0.36739009299993924,0.40731165421127047,0.4173710410571017,0.40736671389718887,0.42928074904241736,0.3340759395583107,0.4887564345705771,3026,2020,2003,3577,3449,3298,2081,1693,3608,C=100.0,54,0.1,0.3863335230395391,0.4291658250858412,0.4393467235542688,0.4299498091369279,0.4783657256348418,0.35809763657497096,0.4815768084529938,3372,1991,1686,3636,3697,2991,2000,1827,3555,C=0.1,79,100.0,0.4160069176962489,0.444637446980408,0.453013878994529,0.44484312216766003,0.4861682508157185,0.3862843858969392,0.4865890002709293,3427,2000,1622,3230,3988,3106,2000,1790,3592,C=100.0,0.026795535285911165,0.04544007957260282,0.02197568249716708,0.035642837937427285,0.018644544286691656,0.013667155440260204,0.005961308137996779,592.123858292
matched_marginal,4,2351855581,49510,49510,24755,20105,14271,15134,19603,13932,15975,6444,7468,10843,11,0.0001,0.37895056834753066,0.42609573823470004,0.43204045902388005,0.41896797632079164,0.553072625698324,0.3178896625602571,0.42515908881305914,3564,1477,1403,2951,2374,2143,3282,2951,4610,C=0.0001,25,0.03,0.40004362116914277,0.4259341547162189,0.43018977567924493,0.41839071559433677,0.547796399751707,0.3081146223888591,0.43465830489716867,3530,1606,1308,2994,2301,2173,2898,3232,4713,C=0.03,50,100.0,0.44160713306232213,0.450292870127247,0.4478857399858492,0.4404652587193361,0.5248292985723153,0.3299410819496518,0.48888683943558053,3382,1613,1449,2542,2464,2462,2503,3039,5301,C=100.0,40,0.0001,0.3880360220372328,0.42270248434659663,0.428836176995343,0.415374573313984,0.5564866542520174,0.30744509908944834,0.4225767776445633,3586,1613,1245,3146,2296,2026,3209,3052,4582,C=0.0001,54,10.0,0.4052104421758465,0.41131084629367803,0.41222100914755905,0.4039735938850917,0.49844816883923027,0.30650776647027317,0.4317070921331735,3212,1640,1592,2920,2289,2259,2686,3476,4681,C=10.0,79,0.3,0.43562156951779185,0.4452433851747122,0.44307473786435697,0.4361446024505402,0.5145872129112352,0.3339582217461168,0.4806787789357189,3316,1541,1587,2529,2494,2445,2472,3159,5212,C=0.3,-0.0018506833446351179,0.015845280961969133,-0.01661516784778394,0.014238560869013983,0.01769596430660425,0.030853728716797924,-0.0032042820285370643,581.570583833
matched_marginal,5,181029087,49510,49510,24755,15486,17764,16260,18240,15293,15977,10802,8449,5504,11,100.0,0.39455487437715253,0.3548374065845284,0.3616559626506029,0.34173537102456253,0.41668209590816513,0.20534974553201563,0.4629360465116279,4501,1683,4618,3077,1735,3637,1712,1244,2548,C=100.0,25,100.0,0.4181918801715245,0.3741870329226419,0.3801152319417658,0.36008397039018125,0.4423254952786521,0.21836903775594746,0.4796511627906977,4778,1908,4116,2985,1845,3619,1659,1205,2640,C=100.0,50,0.3,0.4322454833616547,0.3990708947687336,0.4122777806749482,0.38851423243259947,0.44315867431957046,0.2457095514262043,0.5479651162790697,4787,1988,4027,2457,2076,3916,1016,1472,3016,C=0.3,40,0.01,0.39839908913822925,0.3468390224197132,0.34476977357293137,0.3314823267279577,0.43075356415478616,0.20748017516865902,0.3960755813953488,4653,2290,3859,3289,1753,3407,1878,1446,2180,C=0.01,54,0.03,0.4099963088534658,0.3646940012118764,0.3666541898277522,0.3518633257537183,0.4328827994815775,0.23103325837377203,0.436046511627907,4676,2361,3765,3012,1952,3485,1685,1419,2400,C=0.03,79,0.1,0.42531167463194436,0.38872954958594225,0.3950634455320245,0.3775746152291535,0.4461210886872801,0.24997041069949105,0.4890988372093023,4819,2377,3606,2673,2112,3664,1221,1591,2692,C=0.1,0.018459269291162872,0.05062181802434529,0.02188441625482085,0.05029367195909312,0.03216254873318242,0.028409255704272274,-0.016886189077671532,588.9329274999999
matched_marginal,6,723582294,49510,49510,24755,19317,17685,12508,17495,16078,15937,9001,8808,6946,11,10.0,0.40444291237874336,0.39555645324176936,0.40333699630478304,0.38895776720141484,0.45461615376069325,0.24330154405086285,0.512093291102793,4092,1681,3228,3427,2143,3238,1975,1414,3557,C=10.0,25,100.0,0.42658865324870177,0.41963239749545544,0.4264981313081575,0.4139762214636636,0.48139095656038217,0.2746366939146231,0.5234667434494673,4333,1646,3022,3173,2419,3216,1868,1442,3636,C=100.0,50,0.3,0.4671737712011785,0.4419713189254696,0.4475393175952596,0.43776936205749806,0.5033885123875125,0.3118755676657584,0.5273538727325079,4531,1737,2733,3036,2747,3025,1589,1694,3663,C=0.3,40,1.0,0.4034955561445364,0.3928903251868309,0.40077027357530265,0.38769380672988496,0.4473947339184535,0.24455040871934605,0.5103656780881083,4027,2111,2863,3359,2154,3295,1632,1769,3545,C=1.0,54,0.3,0.4218256164850977,0.4107856998586144,0.4181087529931797,0.4054874058432341,0.4730585490501055,0.2601044504995459,0.5211632594298877,4258,2070,2673,3201,2291,3316,1605,1721,3620,C=0.3,79,0.3,0.45369395967268805,0.433043829529388,0.43971579871822125,0.42956885491912483,0.48361293189645593,0.3025658492279746,0.5329686150302332,4353,2068,2580,2929,2665,3214,1475,1769,3702,C=0.3,0.023161135003374467,0.044202321290476576,0.01733847941787703,0.0389455251429186,0.02104118628710211,0.021607045725041574,-0.0025667227294803863,595.4968058750001
matched_marginal,7,3503254173,49510,49510,24755,16258,16332,16920,18949,18516,12045,7334,7974,9447,11,10.0,0.40976751323795907,0.4274288022621693,0.4199032360520971,0.4100829486125351,0.4614125988546496,0.23388512666165037,0.5644119826399915,3384,1303,2647,2416,1865,3693,2498,1617,5332,C=10.0,25,0.03,0.4327149540285871,0.4461724904059786,0.44257890689880114,0.43306115867275047,0.5279520043632397,0.2597190870328568,0.540065629300307,3872,1235,2227,2429,2071,3474,2545,1800,5102,C=0.03,50,1.0,0.454534243077876,0.47137951928903254,0.46561319589476957,0.4538950643847696,0.5496318516498501,0.24818159016804614,0.5990261458664126,4031,1291,2012,2527,1979,3468,1902,1886,5659,C=1.0,40,100.0,0.41617926915908665,0.4206826903655827,0.41599474580862283,0.41034622494171097,0.46345786746659395,0.2691246551291698,0.5154017148301048,3399,1676,2259,2464,2146,3364,2460,2118,4869,C=100.0,54,10.0,0.434011123591028,0.4355887699454656,0.4316467407391835,0.4255672959657352,0.4938641941641669,0.2761474793077502,0.5249285487456335,3622,1598,2114,2379,2202,3393,2316,2172,4959,C=10.0,79,10.0,0.44743876279244016,0.4672187436881438,0.4618226708602992,0.45256920315611165,0.5359967275702209,0.2647353900175571,0.5847358949931195,3931,1485,1918,2508,2111,3355,1929,1994,5524,C=10.0,0.02267567084670402,0.045709959842672454,0.015651994930560686,0.04582792505167638,0.023034288995968433,0.03017593012111569,-0.003908490243474283,588.5302066249999
matched_marginal,8,2754094657,49510,49510,24755,18145,19160,12205,18932,18032,12546,7964,8314,8477,11,0.001,0.38383488693802686,0.36683498283175114,0.36708100518570635,0.3676941478233795,0.38548468106479156,0.3465239355304306,0.3692343989618969,3070,2923,1971,3076,2881,2357,2189,3158,3130,C=0.001,25,0.3,0.41207676360322454,0.4109068874974753,0.41148177135512737,0.4109527220972873,0.46471622300351584,0.33124849651190763,0.4384805945499587,3701,2570,1693,2801,2754,2759,1883,2877,3717,C=0.3,50,10.0,0.45069692596119754,0.4362754998990103,0.43623561508651604,0.4338376988244172,0.47363134103465593,0.31248496511907625,0.5225905391058158,3772,2339,1853,2602,2598,3114,1437,2610,4430,C=10.0,40,0.001,0.38846977532685095,0.3583518481114926,0.35869010325765643,0.35830052207429075,0.38862380713209443,0.3158527784459947,0.37159372419488024,3095,2616,2253,2831,2626,2857,2433,2894,3150,C=0.001,54,1.0,0.40963858782807705,0.3956372450010099,0.3963377489220831,0.3952586956993848,0.4504018081366148,0.33257156603319704,0.4060398725964374,3587,2369,2008,2674,2765,2875,2259,2776,3442,C=1.0,79,0.1,0.44255400041174536,0.42690365582710565,0.4271218191634553,0.4260150151072029,0.46597187343043694,0.33798412316574455,0.4774094608941843,3711,2261,1992,2575,2810,2929,1700,2730,4047,C=0.1,0.04440076616942101,0.06915460990080968,0.03764764566442669,0.06843171590579888,0.02475384373138867,0.030784070241372197,-0.00839090192804992,589.3542313750002
matched_marginal,9,3296097850,49510,49510,24755,15336,16637,17537,15955,21767,11788,11354,7700,5701,11,0.001,0.41595629416570873,0.4376085639264795,0.4156420122718137,0.4045668887948543,0.5759203804826493,0.2344155844155844,0.4365900719172075,6539,1989,2826,3347,1805,2548,2098,1114,2489,C=0.001,25,0.001,0.4279517402019559,0.4476671379519289,0.4226280652455306,0.4156326955872318,0.586753567024837,0.26857142857142857,0.41255920014032627,6662,2220,2472,3130,2068,2502,1978,1371,2352,C=0.001,50,100.0,0.44659767794944316,0.4535649363764896,0.4456979005257207,0.4378936710295011,0.520785626211027,0.3307792207792208,0.4855288545869146,5913,3068,2373,2605,2547,2548,1087,1846,2768,C=100.0,40,0.0001,0.4121879885754685,0.42157139971722885,0.4003271569238969,0.3957069551004216,0.5354940989959486,0.2811688311688312,0.38431854060691106,6080,2497,2777,3323,2165,2212,1733,1777,2191,C=0.0001,54,0.001,0.41606586363351394,0.432316703696223,0.4148157977648142,0.41100970013889215,0.5246609124537608,0.3209090909090909,0.39887738993159094,5957,2724,2673,2922,2471,2307,1386,2041,2274,C=0.001,79,100.0,0.4360402208877195,0.43579074934356693,0.4251712664220215,0.4193172549577336,0.5096001409194998,0.31792207792207794,0.44799158042448695,5786,3081,2487,2608,2448,2644,968,2179,2554,C=100.0,0.006986052973716905,0.030055888253907037,0.014488640840917277,0.0248441094981246,0.023069835280190132,0.010355468657207323,-0.015314855347916767,599.4175518330001
matched_marginal,10,1583734078,49510,49510,24755,19673,15832,14005,16916,12306,20288,6889,9734,8132,11,1.0,0.3414847299272954,0.3823470006059382,0.3991797420846348,0.3788235743222386,0.5050079837421977,0.22118348058352166,0.47134776192818495,3479,1256,2154,4005,2153,3576,2075,2224,3833,C=1.0,25,1.0,0.3746880304351777,0.3913956776408806,0.4078965612381005,0.38864322727950146,0.5141529975322978,0.23536059174029175,0.47417609444171177,3542,1392,1955,4166,2291,3277,2106,2170,3856,C=1.0,50,100.0,0.4132489774607695,0.41967279337507574,0.4332646052006059,0.4157177353813822,0.4826535055886195,0.26155742757345385,0.5555828824397442,3325,1508,2056,3657,2546,3531,1655,1959,4518,C=100.0,40,100.0,0.3600366428166488,0.38262977176328017,0.3997149525493639,0.37984178158221044,0.5167658586151836,0.22652558043969592,0.455853418593212,3560,1360,1969,4103,2205,3426,2168,2257,3707,C=100.0,54,100.0,0.37886870148655216,0.387679256715815,0.404337271370842,0.3847826439880003,0.5102337059079692,0.2290938976782412,0.47368421052631576,3515,1461,1913,4067,2230,3437,2119,2161,3852,C=100.0,79,100.0,0.4112466898794696,0.4140981619874773,0.42823171132693655,0.41203837424180817,0.4999274205254754,0.26546126977604273,0.5193064436792917,3444,1618,1827,3795,2584,3355,1805,2104,4223,C=100.0,0.008716819153465671,0.03408486311597109,0.004622318821478122,0.02851675877757265,0.025368043962505415,0.023894439956094526,0.0005352104647290967,581.903623833
matched_marginal,11,3586357180,49510,49510,24755,16986,18196,14328,13782,15887,19841,9911,9815,5029,11,0.3,0.41914948087941545,0.36913754797010706,0.3899423779002133,0.36290489652131175,0.43759459186762184,0.2337238920020377,0.4985086498309803,4337,2515,3059,4159,2294,3362,1355,1167,2507,C=0.3,25,10.0,0.43274554748635796,0.3862250050494849,0.41423657459961083,0.38080924866191107,0.44566643123801836,0.23728986245542538,0.5597534301053887,4417,2401,3093,4015,2329,3471,1134,1080,2815,C=10.0,50,1.0,0.4561022659484175,0.4043627549989901,0.43104207853839904,0.40059815961063827,0.45394006659267483,0.2696892511462048,0.5694969178763174,4499,2643,2769,3696,2647,3472,959,1206,2864,C=1.0,40,100.0,0.40553135666636103,0.3705514037568168,0.37990780669158103,0.3640290362685333,0.430128140450005,0.28028527763627104,0.4293100019884669,4263,2778,2870,3957,2751,3107,1294,1576,2159,C=100.0,54,100.0,0.41598789176332124,0.38553827509594024,0.39993382495337104,0.3804438352614015,0.4423367974977298,0.28222109016811003,0.47524358719427323,4384,2804,2723,3913,2770,3132,1137,1502,2390,C=100.0,79,100.0,0.4432309004813118,0.400727125833165,0.4187619055327314,0.3966546264830155,0.44778528907274745,0.29587366276107996,0.5126267647643666,4438,2788,2685,3641,2904,3270,1026,1425,2578,C=100.0,0.02429419669939753,0.04109970063818574,0.020026018261790013,0.038854098841150375,0.016805503938788213,0.018828080579360362,-0.01003457120863227,581.1329968330001
matched_marginal,12,1435443221,49510,49510,24755,19004,13055,17451,14888,18106,16516,6846,13364,4545,11,1.0,0.4111344312349656,0.35524136538073114,0.40042539209325434,0.3537769824568559,0.43894244814490213,0.263543849146962,0.4987898789878988,3005,1713,2128,4481,3522,5361,1298,980,2267,C=1.0,25,0.1,0.4304581288818736,0.3913956776408806,0.42534396778272504,0.38564243233176715,0.5075956763073327,0.30859024244238253,0.4598459845984598,3475,1647,1724,4475,4124,4765,1280,1175,2090,C=0.1,50,0.03,0.4524573422991199,0.4088870935164613,0.4469481900953866,0.4040989197764569,0.5430908559742915,0.31502544148458544,0.4827282728272827,3718,1564,1564,4281,4210,4873,1106,1245,2194,C=0.03,40,10.0,0.40790832294258444,0.36590587760048476,0.40809949199539247,0.36340646237800356,0.48583114227286006,0.26938042502244836,0.4690869086908691,3326,1693,1827,4765,3600,4999,1219,1194,2132,C=10.0,54,10.0,0.42680243228311204,0.3974954554635427,0.43145499784806035,0.39152458624047504,0.5241016652059597,0.3119574977551631,0.4583058305830583,3588,1586,1672,4562,4169,4633,1163,1299,2083,C=10.0,79,0.3,0.43858021073290687,0.4143405372651989,0.4441060515282252,0.40661860500719404,0.5477651183172656,0.333507931756959,0.45104510451045104,3750,1520,1576,4316,4457,4591,1064,1431,2050,C=0.3,0.0249185756894707,0.04652279800213227,0.02335550585266788,0.036006559532832716,0.02160422231266157,0.012651053680164837,0.007674099902138132,594.0559387500002
matched_marginal,13,2834433515,49510,49510,24755,13117,15948,20445,15286,16254,17970,11335,5979,7441,11,0.001,0.42183052785424396,0.372611593617451,0.34859378645457606,0.3492638417727926,0.45787384208204673,0.23298210403077438,0.35492541325090715,5190,3259,2886,2384,1393,2202,2621,2179,2641,C=0.001,25,0.001,0.443290164720252,0.39745505958392247,0.377374718707807,0.3771311590309628,0.47631230701367444,0.3008864358588393,0.35492541325090715,5399,3157,2779,2333,1799,1847,2608,2192,2641,C=0.001,50,0.3,0.45339834941719964,0.40715007069278936,0.3978458971578924,0.3930597030162721,0.41632112924569914,0.2895132965378826,0.4877032656900954,4719,3392,3224,1810,1731,2438,1515,2297,3629,C=0.3,40,0.0001,0.412093833442903,0.3832761058372046,0.35829999624342806,0.3588884332461822,0.48566387295985886,0.27462786419133633,0.31460825157908884,5505,3175,2655,2224,1642,2113,2670,2430,2341,C=0.0001,54,0.001,0.4234514582173852,0.40880630175722077,0.38950033128366174,0.3888068510885126,0.4835465372739303,0.31309583542398395,0.37185862115307083,5481,2838,3016,1960,1872,2147,2445,2229,2767,C=0.001,79,10.0,0.4386565150409824,0.41991516865279743,0.41154305847699174,0.4072635820763543,0.435465372739303,0.3335005853821709,0.4656632173095014,4936,3301,3098,1621,1994,2364,1650,2326,3465,C=10.0,0.028780932253230918,0.049252110703316365,0.031200335040233673,0.053243062233563676,0.020471178450085448,0.022042727193330003,0.009706209788852005,578.227212584
matched_marginal,14,619375084,49510,49510,24755,14267,15102,20141,19492,18152,11866,6681,10331,7743,11,0.03,0.41325289306762497,0.37216723894162795,0.40106425381332667,0.3667196493667723,0.5461757221972758,0.18420288452231148,0.4728141547203926,3649,1048,1984,4262,1903,4166,2499,1583,3661,C=0.03,25,0.1,0.4268902595217296,0.40157543930519085,0.42925460800255366,0.39782607227128297,0.5744649004640024,0.22408285741941728,0.48921606612424123,3838,1149,1694,4196,2315,3820,2585,1370,3788,C=0.1,50,10.0,0.4608393056275899,0.42666128054938396,0.4576505617732571,0.42106377611818263,0.5940727436012573,0.21721033781821703,0.561668603900297,3969,979,1733,3849,2244,4238,1968,1426,4349,C=10.0,40,0.001,0.40336099353830646,0.3744698040799838,0.3924690221944544,0.3742839199105554,0.4943870678042209,0.2621237053528216,0.42089629342632057,3303,1325,2053,3934,2708,3689,2519,1965,3259,C=0.001,54,100.0,0.41213348719246373,0.3956776408806302,0.41143483192471964,0.3962580646904718,0.5165394402035624,0.3038428032136289,0.41392225235696756,3451,1563,1667,3721,3139,3471,2397,2141,3205,C=100.0,79,100.0,0.4447121741688565,0.42347000605938195,0.44201413273350876,0.4244770035669958,0.5361472833408173,0.3032620269093021,0.48663308795040683,3582,1464,1635,3474,3133,3724,1893,2082,3768,C=100.0,0.028190354189226996,0.056586307959930415,0.018965809730265237,0.04954511053905436,0.02839595377070342,0.030579300808789123,-0.008595231618872268,581.6984112499999
matched_marginal,15,1188669195,49510,49510,24755,21395,15345,12770,18572,13975,16963,8363,9630,6762,11,0.1,0.396850785279348,0.3825085841244193,0.39712118510095534,0.3778588280756692,0.4835585316274064,0.22274143302180685,0.4850635906536528,4044,2005,2314,3797,2145,3688,2121,1361,3280,C=0.1,25,10.0,0.4218736933656633,0.39515249444556655,0.4089414973422258,0.38784457996134186,0.5395193112519431,0.21703011422637591,0.4702750665483585,4512,1861,1990,4088,2090,3452,2225,1357,3180,C=10.0,50,10.0,0.4545154741449993,0.4248838618460917,0.437396672708509,0.42126913474697725,0.5441827095539878,0.26978193146417445,0.4982253771073647,4551,1965,1847,3745,2598,3287,1773,1620,3369,C=10.0,40,0.0001,0.3958459418185418,0.3694607150070693,0.3802771344196903,0.36486228927166725,0.48630874088245846,0.2277258566978193,0.42679680567879325,4067,2022,2274,3808,2193,3629,2257,1619,2886,C=0.0001,54,0.03,0.41384958178206127,0.3847303575035346,0.3946490072069153,0.381975524659431,0.48989597034556975,0.25586708203530634,0.43818396923986985,4097,2132,2134,3960,2464,3206,1960,1839,2963,C=0.03,79,100.0,0.44748454122868636,0.41179559684912137,0.4221494144695741,0.41021733167963365,0.5057993542986966,0.2860851505711319,0.47456373853889383,4230,2097,2036,3703,2755,3172,1627,1926,3209,C=100.0,0.011820312241270448,0.04027548760755367,0.014371872787225015,0.0418722800498838,0.028455175366283225,0.027500407262658788,-0.016844050681265044,599.2742347499998
matched_marginal,16,3952083430,49510,49510,24755,19626,12140,17744,21301,16789,11420,6698,10289,7768,11,1.0,0.402432802622083,0.3413451827913553,0.3514794916667312,0.3348894209681048,0.3074051955807704,0.233258820099135,0.5137744593202883,2059,1875,2764,3624,2400,4265,2179,1598,3991,C=1.0,25,0.01,0.4288794719801712,0.36065441324984854,0.3784127029745264,0.3595246442292386,0.4520752463421917,0.23529983477500244,0.44786302780638515,3028,1683,1987,4089,2421,3779,2722,1567,3479,C=0.01,50,0.03,0.4550008419391918,0.38658856796606744,0.4111374943440194,0.3792040458533475,0.46954314720812185,0.19486830595781904,0.5690010298661174,3145,1318,2235,4000,2005,4284,2001,1347,4420,C=0.03,40,0.01,0.3921167989928342,0.36420925065643306,0.37144689476693654,0.3629915462101782,0.37085697223051656,0.3001263485275537,0.44335736354273947,2484,2067,2147,3592,3088,3609,2370,1954,3444,C=0.01,54,0.03,0.4165970394841261,0.3728135730155524,0.3845367305514511,0.3728380463759018,0.42848611525828606,0.2880746428224317,0.4370494335736354,2870,1909,1919,3657,2964,3668,2456,1917,3395,C=0.03,79,10.0,0.4475723159677198,0.39664714199151685,0.41505460644831577,0.39464562592212266,0.46297402209614813,0.2546408786082224,0.5275489186405767,3101,1625,1972,3720,2620,3949,1977,1693,4098,C=10.0,0.02693321130779519,0.05965800267728821,0.013089835784514559,0.043607711681379224,0.03272479136949302,0.030517875896864666,0.01996740310020534,581.3379015
matched_marginal,17,1028844094,49510,49510,24755,18009,16763,14738,17157,15210,17143,7225,7529,10001,11,0.001,0.40884463746331007,0.3770147444960614,0.36932413616504195,0.3551269315788897,0.48166089965397924,0.16615752423960686,0.46015398460153983,3480,1400,2345,3411,1251,2867,3802,1597,4602,C=0.001,25,0.1,0.4354301808222519,0.39495051504746514,0.3866875322727786,0.3800369867438085,0.4510726643598616,0.23163766768495153,0.47735226477352266,3259,1503,2463,2849,1744,2936,3145,2082,4774,C=0.1,50,100.0,0.45996621287200073,0.4274691981417895,0.41762912042394884,0.4143754099924836,0.45079584775086506,0.2818435383185018,0.5202479752024798,3257,1497,2471,2398,2122,3009,2317,2481,5203,C=100.0,40,100.0,0.40269947724094224,0.3562108664916179,0.349191818475221,0.34637936797639984,0.3847750865051903,0.23894275468189666,0.42385761423857615,2780,2227,2218,2997,1799,2733,3478,2284,4239,C=100.0,54,100.0,0.4222575420846187,0.36764290042415676,0.3605995828653176,0.3585660262793011,0.3851903114186851,0.26245185283570194,0.43415658434156584,2783,2112,2330,2944,1976,2609,3225,2434,4342,C=100.0,79,100.0,0.4489603324024441,0.3986669359725308,0.3909531919912436,0.3884746800721844,0.42228373702422145,0.2785230442289813,0.47205279472052797,3051,1794,2380,2621,2097,2811,2586,2694,4721,C=100.0,0.01736339610773663,0.04830498425890689,0.011407764390096609,0.041761373516022604,0.030941588151170263,0.030353609125925995,-0.020132317689820933,578.2490702499999
matched_marginal,18,2564267586,49510,49510,24755,18638,15221,15651,20299,13848,15363,5561,7852,11342,11,0.03,0.3958111944597207,0.39628357907493433,0.4098415578632107,0.37990837671518213,0.5883833842834023,0.21026490066225165,0.43087638864397815,3272,969,1320,3012,1651,3189,4003,2452,4887,C=0.03,25,100.0,0.40989867018418824,0.41510805897798425,0.42900626172759243,0.4036279117536565,0.589282503146916,0.2620988283239939,0.4356374537118674,3277,1310,974,2823,2058,2971,3697,2704,4941,C=100.0,50,10.0,0.4369700696241224,0.43635629165825085,0.4456008366254985,0.42331120296564223,0.5876640891925913,0.27585328578706064,0.4732851348968436,3268,1193,1100,2732,2166,2954,3158,2816,5368,C=10.0,40,100.0,0.386063480549436,0.3978994142597455,0.4037673025033884,0.3869161930409411,0.5124977522028412,0.2652827305145186,0.4335214247928055,2850,1435,1276,2456,2083,3313,3385,3040,4917,C=100.0,54,10.0,0.4036317507202003,0.40973540698848715,0.41664362796132465,0.40080330596981756,0.5186117604747348,0.2967396841569027,0.43457943925233644,2884,1578,1099,2408,2330,3114,3263,3150,4929,C=10.0,79,1.0,0.42953779741542975,0.4340133306402747,0.4411114774358502,0.4230252807266249,0.5599712281963676,0.2945746306673459,0.46878857344383706,3114,1365,1082,2560,2313,2979,2944,3081,5317,C=1.0,0.019164703864381738,0.035759278762287794,0.012876325457936266,0.03734417493246184,0.016594574897906056,0.02446784947452557,-0.0060742553598223115,584.9865405
matched_marginal,19,2488441197,49510,49510,24755,17465,12109,19936,14862,14201,20447,4188,10724,9843,11,0.001,0.38311084518724353,0.35451423954756617,0.3659258027861893,0.34441660665398993,0.4028175740210124,0.2820775829914211,0.4128822513461343,1687,1297,1204,3945,3025,3754,3355,2424,4064,C=0.001,25,0.01,0.4071847128573149,0.3745505958392244,0.3803556981901945,0.3631604672966818,0.39851957975167146,0.3338306602014174,0.4087168546174947,1669,1629,890,3602,3580,3542,2970,2850,4023,C=0.01,50,0.1,0.43344752047328505,0.4318723490203999,0.4316372803372676,0.41518288841356554,0.4192932187201528,0.35900783289817234,0.5166107893934776,1756,1695,737,3117,3850,3757,2039,2719,5085,C=0.1,40,0.001,0.3878568544864101,0.37709553625530196,0.37387138669876546,0.3616564036255627,0.3538681948424069,0.3360686311077956,0.43167733414609366,1482,1692,1014,3608,3604,3512,2747,2847,4249,C=0.001,54,0.01,0.4057319579136376,0.38319531407796403,0.37946033772455084,0.3673423743109771,0.35816618911174786,0.34772472957851547,0.4324900944833892,1500,1706,982,3377,3729,3618,2600,2986,4257,C=0.01,79,0.03,0.43299865623319217,0.41870329226418906,0.41338903762284535,0.4001313371855721,0.38156638013371535,0.3584483401715778,0.500152392563243,1598,1669,921,3075,3844,3805,2053,2867,4923,C=0.03,0.014429895404005189,0.06571147755107831,0.0055889510257853825,0.03951765092407988,0.051281582147073124,0.0339286998982945,0.00794558391257616,585.7692837919999
matched_marginal,20,3516199087,49510,49510,24755,15127,17984,16399,15010,14731,19769,14286,4506,5963,11,0.03,0.3958614854020532,0.4800242375277722,0.39283104118432016,0.38661440999380847,0.6084978300433991,0.14336440301819794,0.42663089049136343,8693,1971,3622,2336,646,1524,2109,1310,2544,C=0.03,25,0.1,0.4256481050002297,0.4802666128054938,0.39299125161592263,0.3898666370992452,0.6121377572448551,0.16200621393697293,0.40482978366593997,8745,2356,3185,2397,730,1379,2163,1386,2414,C=0.1,50,100.0,0.4535855212864586,0.5020803878004444,0.4412907010322162,0.4347376182297895,0.5920481590368193,0.26964047936085217,0.46218346469897703,8458,2988,2840,1727,1215,1564,1730,1477,2756,C=100.0,40,0.1,0.4126824798847491,0.438699252676227,0.37750647499689166,0.37530650761848383,0.5311493770124598,0.21549045716822016,0.38587959080999495,7588,3742,2956,2178,971,1357,2179,1483,2301,C=0.1,54,0.03,0.4316979798679991,0.44758634619268833,0.3849876602918241,0.38278247680310057,0.5426291474170517,0.22192632046160674,0.3904075129968137,7752,3654,2880,2099,1000,1407,2051,1584,2328,C=0.03,79,10.0,0.4668274835796636,0.4795798828519491,0.4299132512450363,0.42238264323119074,0.5543189136217276,0.2967154904571682,0.43870534965621333,7919,3615,2752,1589,1337,1580,1749,1598,2616,C=10.0,0.00016021043160246995,0.04845965984789602,0.007481185294932413,0.05240677624814466,0.04829944941629355,0.04492559095321225,-0.015324566187428501,585.4191890420002
matched_marginal,21,477080894,49510,49510,24755,15544,19174,14792,19594,18213,11703,7885,8673,8197,11,0.01,0.4207721032738978,0.41704706119975765,0.4215438201870207,0.411287133106296,0.5324032974001268,0.26034820707944195,0.47187995608149325,4198,1915,1772,3158,2258,3257,2446,1883,3868,C=0.01,25,0.01,0.4334888339793886,0.44980811957180367,0.4539928839016916,0.445809537887184,0.562714013950539,0.30762135362619625,0.49164328412833963,4437,1916,1532,3120,2668,2885,2263,1904,4030,C=0.01,50,0.01,0.45767396035699504,0.4787315693799232,0.48301215728291497,0.47158996919053964,0.5452124286620165,0.3011645336100542,0.6026595095766744,4299,1658,1928,2825,2612,3236,1690,1567,4940,C=0.01,40,0.001,0.4189046472690922,0.40121187638860834,0.4036629022938038,0.40094986358057527,0.46708941027266965,0.31776778508013376,0.426131511528608,3683,2562,1640,3149,2756,2768,2337,2367,3493,C=0.001,54,10.0,0.4267227913263656,0.43183195314077966,0.43432292806126077,0.43155432416548845,0.48826886493341787,0.3401360544217687,0.4745638648285958,3850,2432,1603,2931,2950,2792,1996,2311,3890,C=10.0,79,1.0,0.4537806975654293,0.4550595839224399,0.4578011829835474,0.453878372252948,0.49968294229549776,0.34267266228525306,0.5310479443698914,3940,2246,1699,2806,2972,2895,1609,2235,4353,C=1.0,0.032449063714670934,0.061468337095894277,0.030660025767456967,0.05413828068974358,0.029019273381223343,0.023478254922286612,-0.017880917893216886,604.429328917
matched_marginal,22,2790236236,49510,49510,24755,17328,19164,13018,19887,13387,16236,6952,7413,10390,11,0.1,0.4059383244751407,0.407392445970511,0.3958495220230674,0.38514496376727575,0.4765535097813579,0.20666396870362877,0.5043310875842156,3313,1115,2524,2884,1532,2997,3349,1801,5240,C=0.1,25,100.0,0.4199517166394826,0.4252474247626742,0.4135777970650043,0.4062985715450363,0.4755466052934407,0.24497504384189936,0.5202117420596728,3306,1329,2317,2882,1816,2715,2791,2194,5405,C=100.0,50,1.0,0.4478147304510796,0.4494041607756009,0.4342811427042809,0.43105394447699935,0.4574223245109321,0.28180223930932147,0.563618864292589,3180,1671,2101,2418,2089,2906,1979,2555,5856,C=1.0,40,1.0,0.3936722440122073,0.39846495657442943,0.3928567659433577,0.3897834112196869,0.4318181818181818,0.3012275731822474,0.4455245428296439,3002,1798,2152,2456,2233,2724,3002,2759,4629,C=1.0,54,0.3,0.40259562976515656,0.4138153908301353,0.4077378444231173,0.4055509624380351,0.43354430379746833,0.3273978146499393,0.46227141482194417,3014,1925,2013,2477,2427,2509,2686,2901,4803,C=0.3,79,100.0,0.4324364618540262,0.45001009896990507,0.4419387183088091,0.4409344685311147,0.4574223245109321,0.35694050991501414,0.5114533205004812,3180,1760,2012,2157,2646,2610,2065,3011,5314,C=100.0,0.017728275041936914,0.03843162068121353,0.014881078479759557,0.049081952365451376,0.020703345639276616,0.03420087388569182,-0.0029927560797096686,601.8742430000002
matched_marginal,23,3947746016,49510,49510,24755,16019,20417,13074,13772,15948,19790,8268,6344,10143,11,100.0,0.3728134004832333,0.4062209654615229,0.39048770929698967,0.3908943381040311,0.37639090469279146,0.29492433795712486,0.5001478852410529,3112,2421,2735,2148,1871,2325,2317,2753,5073,C=100.0,25,10.0,0.3991437404891751,0.43958796202787315,0.42286221148468583,0.42270457086713914,0.46540880503144655,0.292875157629256,0.510302671793355,3848,2048,2372,2276,1858,2210,2468,2499,5176,C=10.0,50,0.3,0.4103741594901469,0.4814784891941022,0.46054934760164024,0.4588031811158842,0.5373730043541364,0.2862547288776797,0.5580203095731046,4443,1797,2028,2226,1816,2302,2413,2070,5660,C=0.3,40,10.0,0.3708134928324423,0.39551605736214906,0.3875603256399221,0.3874360155201389,0.41400580551523947,0.32266708701134933,0.42600808439317756,3423,2609,2236,2287,2047,2010,2692,3130,4321,C=10.0,54,0.3,0.3872565582067815,0.4229852555039386,0.41282131202267686,0.41292705234011556,0.4488388969521045,0.32881462799495587,0.46081041112097015,3711,2522,2035,2222,2086,2036,2547,2922,4674,C=0.3,79,100.0,0.4048835768091279,0.4621288628559887,0.44723152593705295,0.44701479139442685,0.5058055152394775,0.3212484237074401,0.5146406388642414,4182,2193,1893,2139,2038,2167,2395,2528,5220,C=100.0,0.032374502187696164,0.07006163830465056,0.025260986382754758,0.059671200297130855,0.0376871361169544,0.0344102139143761,-0.0029273836570675726,602.9805065840001
matched_marginal,24,3343472307,49510,49510,24755,18752,16343,14415,13299,16069,20142,9264,7388,8103,11,0.1,0.413497980546337,0.42985255503938596,0.4202961522061079,0.4140758103881115,0.5080958549222798,0.23199783432593396,0.5207947673701099,4707,2210,2347,3061,1714,2613,2091,1792,4220,C=0.1,25,0.01,0.43181363702579684,0.4423348818420521,0.43120861768029384,0.42650593300712564,0.5563471502590673,0.2491878722252301,0.488090830556584,5154,2126,1984,3081,1841,2466,2149,1999,3955,C=0.01,50,0.03,0.4654617829103031,0.4771157341951121,0.4664829111216933,0.4629808065186527,0.5853842832469776,0.2914185165132648,0.5226459336048377,5423,2035,1806,2876,2153,2359,1806,2062,4235,C=0.03,40,10.0,0.4073397973329695,0.41038174106241165,0.40342745708044353,0.40180357507758924,0.4724740932642487,0.2747698971304819,0.46303838084660004,4377,2653,2234,2912,2030,2446,2358,1993,3752,C=10.0,54,100.0,0.42438160313423684,0.4269844475863462,0.41845404045273477,0.41696675095604285,0.5172711571675302,0.2835679480238224,0.45452301616685176,4792,2509,1963,2887,2095,2406,2304,2116,3683,C=100.0,79,1.0,0.45065772660640285,0.455221167440921,0.44710883995427997,0.44534663648894574,0.531951640759931,0.3040064970221982,0.5053683820807109,4928,2461,1875,2758,2246,2384,2051,1957,4095,C=1.0,0.01091246547418595,0.046186758915585435,0.015026583372291236,0.04368138287383644,0.035274293441399485,0.028654799501545203,-0.016868695125664357,617.3420581660002
matched_marginal,25,3930994991,49510,49510,24755,19020,16572,13918,20624,13415,15471,9884,8854,6017,11,10.0,0.3798993551537735,0.3697838820440315,0.38614288803339286,0.36213797023839706,0.410259004451639,0.21052631578947367,0.537643343859066,4055,2294,3535,3726,1864,3264,1694,1088,3235,C=10.0,25,10.0,0.40709659491310296,0.3744698040799838,0.3917635256576692,0.3695674553297377,0.39670174018615945,0.23413146600406595,0.5444573707827821,3921,2615,3348,3396,2073,3385,1479,1262,3276,C=10.0,50,100.0,0.4311636597477923,0.3926883457887296,0.4121179612810664,0.38930234690602417,0.39983812221772563,0.2593178224531285,0.5771979391723451,3952,2790,3142,3092,2296,3466,1207,1337,3473,C=100.0,40,0.1,0.3822040764215715,0.3650575641284589,0.373265563142793,0.3627029609382588,0.38476325374342374,0.28597244183419923,0.4490609938507562,3803,2908,3173,3380,2532,2942,1585,1730,2702,C=0.1,54,0.1,0.39770927572976117,0.374348616441123,0.3842807764007783,0.3722553122444971,0.3908336705787131,0.28868308109329116,0.4733255775303307,3863,2958,3063,3220,2556,3078,1481,1688,2848,C=0.1,79,1.0,0.4256109131752515,0.3956776408806302,0.40775654769499664,0.3934560045569751,0.41066369890732496,0.2983962051050373,0.5142097390726276,4059,2767,3058,3071,2642,3141,1214,1709,3094,C=1.0,0.005620637624276337,0.025975073247673564,0.011015213257985268,0.03449098455220362,0.020354435623397227,0.02347577129421835,-0.01287732489059984,603.297977833
matched_marginal,26,3385255092,49510,49510,24755,17243,17677,14590,17152,17935,14423,10056,6957,7742,11,0.03,0.4093325753692499,0.41167440921026055,0.4004261646920759,0.3944812300008098,0.4644988066825776,0.23458387235877534,0.5021958150348748,4671,2195,3190,2155,1632,3170,2400,1454,3888,C=0.03,25,0.01,0.4280005387778565,0.44492021813774996,0.43021287625644716,0.42659573158682895,0.5315234685759745,0.2650567773465574,0.4940583828468096,5345,2251,2460,2265,1844,2848,2316,1601,3825,C=0.01,50,0.1,0.4375555478147783,0.45005049484952536,0.4380683206327423,0.43193789517900005,0.5051710421638823,0.2580135115710795,0.5510204081632653,5080,2216,2760,1978,1795,3184,1898,1578,4266,C=0.1,40,0.3,0.40790618702176856,0.42613613411432033,0.4182811027853417,0.41627418283111767,0.46579156722354814,0.3106223947103637,0.47842934642211316,4684,2616,2756,2076,2161,2720,2216,1822,3704,C=0.3,54,0.01,0.423577597416197,0.4374469804079984,0.4290382626042897,0.42776488507728677,0.48408910103420844,0.3261463274399885,0.4768793593386722,4868,2747,2441,2110,2269,2578,2192,1858,3692,C=0.01,79,0.03,0.4374878379225519,0.45142395475661484,0.4429458698934456,0.4404054905242183,0.4908512330946698,0.31680321977864023,0.5211831568070266,4936,2690,2430,1925,2204,2828,1874,1833,4035,C=0.03,0.029786711564371238,0.03764215594066639,0.010757159818947981,0.02466476710810389,0.007855444376295151,0.01390760728915591,0.01785493809326577,594.6328068749999
matched_marginal,27,689021210,49510,49510,24755,17049,12315,20146,20034,12029,17447,8972,8192,7591,11,0.01,0.4178926971273971,0.41619874772773174,0.41523219159924984,0.4022236430996742,0.5193936691930451,0.2156982421875,0.5106046634172046,4660,1700,2612,3043,1767,3382,2089,1626,3876,C=0.01,25,0.3,0.43199625700674443,0.43162997374267825,0.4307280628760828,0.4242943415326858,0.5123718234507356,0.2802734375,0.49953892767751285,4597,1958,2417,2567,2296,3329,1858,1941,3792,C=0.3,50,100.0,0.4586189016756035,0.46160371642092507,0.45939400548797,0.45325651249946547,0.5688809629959876,0.298828125,0.5104729284679226,5104,1861,2007,2648,2448,3096,1601,2115,3875,C=100.0,40,100.0,0.41141537376658466,0.39511209856594626,0.3958914329677254,0.3934031532397202,0.41640659830584037,0.316650390625,0.4546173099723357,3736,2779,2457,2585,2594,3013,2056,2084,3451,C=100.0,54,10.0,0.4268800681702398,0.40638254898000403,0.40605917456455703,0.404497339694815,0.4468345965225145,0.32568359375,0.44565933342115666,4009,2665,2298,2605,2668,2919,1890,2318,3383,C=10.0,79,0.1,0.4502401081634044,0.44318319531407796,0.442142384783828,0.4391051200890786,0.5160499331252787,0.315185546875,0.49519167435120537,4630,2475,1867,2627,2582,2983,1562,2270,3759,C=0.1,0.01549587127683294,0.04416181388872015,0.010167741596831648,0.046250951816102615,0.028665942611887207,0.03608321021927097,-0.019340758631524457,612.3705272920006
matched_marginal,28,2556523997,49510,49510,24755,14298,15409,19803,14492,17630,17388,8449,11802,4504,11,0.001,0.3969610809633863,0.35217127852958996,0.3574490964498119,0.34182640084447985,0.43070185820807194,0.29994916115912557,0.341696269982238,3639,3035,1775,4554,3540,3708,1398,1567,1539,C=0.001,25,0.01,0.4134493925009073,0.3650575641284589,0.3712585595652209,0.3547081617510391,0.4335424310569298,0.31655651584477207,0.36367673179396093,3663,2955,1831,4438,3736,3628,1619,1247,1638,C=0.01,50,10.0,0.44969041974321056,0.3997980206018986,0.4258765128904401,0.3955143365492735,0.48703988637708606,0.30435519403490935,0.48623445825932504,4115,2639,1695,4066,3592,4144,1156,1158,2190,C=10.0,40,0.01,0.3961100351418095,0.3598060997778227,0.36659101761584506,0.35023247533135304,0.40466327376020833,0.32299610235553294,0.37211367673179396,3419,2858,2172,4304,3812,3686,1404,1424,1676,C=0.01,54,0.001,0.4039448191921273,0.36420925065643306,0.3679185452645222,0.35296657868669595,0.4224168540655699,0.32587697000508387,0.35546181172291297,3569,2857,2023,4279,3846,3677,1438,1465,1601,C=0.001,79,0.3,0.43609867931735297,0.3992324782872147,0.4131488225354671,0.3912915263059731,0.46893123446561724,0.3357905439755974,0.43472468916518653,3962,2636,1851,3955,3963,3884,1139,1407,1958,C=0.3,0.013809463115409037,0.06842741644062822,0.0013275276486771626,0.046557804919622026,0.05461795332521918,0.04523027727094486,0.009141921166033184,584.6952591670006
matched_marginal,29,1164312638,49510,49510,24755,15255,18904,15351,16356,18043,15111,10318,7184,7253,11,1.0,0.4082177808354525,0.397535851343163,0.3827146605821012,0.36907586718985064,0.4972862957937585,0.15464922048997773,0.4962084654625672,5131,2030,3157,3488,1111,2585,2302,1352,3599,C=1.0,25,0.01,0.4220693265743299,0.432316703696223,0.4158653489090131,0.4073740190216528,0.5440007753440589,0.205456570155902,0.49813870122707843,5613,2211,2494,3280,1476,2428,2135,1505,3613,C=0.01,50,100.0,0.4473536211815415,0.47606544132498485,0.4615645840048579,0.45339438176944596,0.5738515216127157,0.24693763919821826,0.5639045912036399,5921,2221,2176,2909,1774,2501,1537,1626,4090,C=100.0,40,1.0,0.4002996251649,0.3961623914360735,0.3909976713303074,0.38552349210124076,0.42963752665245203,0.2544543429844098,0.4889011443540604,4433,2953,2932,2963,1828,2393,2142,1565,3546,C=1.0,54,100.0,0.42046951750386086,0.41995556453241767,0.41039406914708126,0.4056238985219025,0.48410544679201395,0.25431514476614697,0.49276161588308287,4995,2726,2597,2915,1827,2442,1972,1707,3574,C=100.0,79,100.0,0.44310687739711124,0.4619672793375076,0.45127954436646284,0.44575856746099723,0.5336305485559217,0.2749164810690423,0.5452916034744244,5506,2559,2253,2707,1975,2502,1542,1756,3955,C=100.0,0.033150688326911926,0.07884992342275671,0.01939639781677388,0.06028187303615545,0.04569923509584478,0.04088547521938157,0.008283010748206199,582.0754250830005
matched_marginal,30,3560492814,49510,49510,24755,18899,14133,16478,12790,15500,21220,7436,10829,6490,11,0.001,0.3933231476454078,0.4064633407392446,0.4367101687913976,0.40229045379355793,0.599112426035503,0.22873764890571613,0.48228043143297383,4455,1125,1856,4842,2477,3510,2038,1322,3130,C=0.001,25,0.03,0.4186316272764447,0.4270248434659665,0.4588999201398269,0.42332381052671025,0.6182087143625605,0.2423123095392003,0.5161787365177196,4597,1088,1751,4392,2624,3813,1787,1353,3350,C=0.03,50,0.3,0.4472763286243954,0.44633407392445973,0.4754782087158584,0.4475850329652187,0.549757934373319,0.29300951149690646,0.5836671802773498,4088,1701,1647,3863,3173,3793,1327,1375,3788,C=0.3,40,0.0001,0.3996321062596036,0.3945061603716421,0.4191516684718399,0.3943314882750892,0.5158687466379774,0.25745682888540034,0.48412942989214175,3836,1519,2081,4384,2788,3657,1720,1628,3142,C=0.0001,54,0.03,0.41045274378175883,0.4124015350434256,0.4305551669706458,0.4141125763957785,0.5173480365788058,0.3080616862129467,0.4662557781201849,3847,2036,1553,3931,3336,3562,1362,2102,3026,C=0.03,79,1.0,0.43410629505452913,0.4286406786507776,0.44707217521083614,0.4309358189139356,0.49731038192576654,0.33096315449256625,0.5129429892141757,3698,2104,1634,3689,3584,3556,1239,1922,3329,C=1.0,0.022189751348429265,0.03876803992446076,0.011403498498805897,0.027920506738996265,0.016578288576031497,0.016517008240190367,-0.017558500319557746,605.063725084
matched_marginal,31,523232252,49510,49510,24755,20562,12591,16357,17246,17941,14323,10842,6743,7170,11,0.1,0.4072169884051915,0.4077156130074732,0.38771581420975787,0.374181516645117,0.4957572403615569,0.15734836126353255,0.5100418410041841,5375,1874,3593,2376,1061,3306,2219,1294,3657,C=0.1,25,0.03,0.42922021401117755,0.4408402342961018,0.4171595690062924,0.4063937499901469,0.5494373731783804,0.18181818181818182,0.5202231520223152,5957,2171,2714,2669,1226,2848,2095,1345,3730,C=0.03,50,1.0,0.4542389694335796,0.4590991718844678,0.4367970166046846,0.4277900551952296,0.5601365061796717,0.20450837905976568,0.5457461645746164,6073,2278,2491,2600,1379,2764,1554,1703,3913,C=1.0,40,100.0,0.4249112731094607,0.4124823268026661,0.3960846512956209,0.3931202877975839,0.48985427042981,0.2518166987987543,0.4465829846582985,5311,2769,2762,2439,1698,2606,2210,1758,3202,C=100.0,54,1.0,0.4385356649646514,0.43280145425166633,0.4180428746267057,0.41630661647990297,0.5029514849658735,0.29259973305650305,0.4585774058577406,5453,2995,2394,2350,1973,2420,2057,1825,3288,C=1.0,79,100.0,0.4579236679209493,0.466814784891941,0.4487735432287299,0.4459369956372448,0.5522043903338867,0.29230312917099216,0.501813110181311,5987,2557,2298,2425,1971,2347,1807,1765,3598,C=100.0,0.02944375479653455,0.04908120239492675,0.02195822333108477,0.052688891933108994,0.0196374475983922,0.030730668602024225,0.008368837085863057,594.0195385830002
matched_marginal,32,848187189,49510,49510,24755,22756,14200,12554,17857,18474,13179,8748,9254,6753,11,10.0,0.41252137308375475,0.4107856998586144,0.4181021629879313,0.41006788477966166,0.4499314128943759,0.3202939269505079,0.4840811491189101,3936,2340,2472,3073,2964,3217,1603,1881,3269,C=10.0,25,10.0,0.4352014802993624,0.4279135528176126,0.4334611152669734,0.4257935933768164,0.5029721079103795,0.32310352280095095,0.4743077150895898,4400,2245,2103,3158,2990,3106,1651,1899,3203,C=10.0,50,0.3,0.4647134350386907,0.4477075338315492,0.4538262849744386,0.4468918226893382,0.5062871513488797,0.35141560406310784,0.5037760995113283,4429,2350,1969,2928,3252,3074,1404,1947,3402,C=0.3,40,1.0,0.40366000586443174,0.3896586548172086,0.39269503460760374,0.3902933820415165,0.39769090077732056,0.3586557164469419,0.4217384865985488,3479,3241,2028,3084,3319,2851,1675,2230,2848,C=1.0,54,100.0,0.4229448914107272,0.39991920824075944,0.4035020132271851,0.40069534450864325,0.41838134430727025,0.3561703047330884,0.4359543906411965,3660,3117,1971,3114,3296,2844,1584,2225,2944,C=100.0,79,1.0,0.4456201560820034,0.41999596041203796,0.42353049350220556,0.42070209743228654,0.44501600365797894,0.3714069591527988,0.4541685176958389,3893,2924,1931,2954,3437,2863,1358,2328,3067,C=1.0,0.015358952279042104,0.03572412198650732,0.010806978619581353,0.03083545889460182,0.020365169707465214,0.020028480275020466,-0.02540712838032755,594.1280106249997
matched_marginal,33,1462329290,49510,49510,24755,18326,13587,17597,14855,16014,18641,7663,9696,7396,11,10.0,0.3934782820228897,0.39551605736214906,0.4084954549145035,0.3933558254693689,0.48779851233198485,0.2595915841584158,0.4780962682531098,3738,1858,2067,3594,2517,3585,2475,1385,3536,C=10.0,25,1.0,0.4035569955442229,0.4039587962027873,0.4161188781546101,0.4030473794441319,0.48779851233198485,0.27691831683168316,0.48363980530016226,3738,2012,1913,3684,2685,3327,2199,1620,3577,C=1.0,50,0.1,0.43857321308620945,0.42835790749343566,0.44246778684286686,0.4273588752121395,0.5230327547957719,0.28125,0.5231206057328286,4008,2038,1617,3544,2727,3425,1871,1656,3869,C=0.1,40,100.0,0.38176650473905177,0.37749949505150476,0.38733002107090525,0.37823390345935093,0.43677410935664884,0.27578382838283827,0.44943212547322875,3347,2355,1961,3590,2674,3432,1915,2157,3324,C=100.0,54,100.0,0.39571773898247325,0.3889719248636639,0.3997716314108865,0.39003819177400817,0.46209056505285134,0.27629950495049505,0.46092482422931313,3541,2433,1689,3608,2679,3409,1828,2159,3409,C=100.0,79,0.03,0.42752778242057854,0.3998384164815189,0.4122591255175984,0.40022665283438474,0.5073730914785333,0.26753300330033003,0.46187128177393183,3888,2272,1503,3560,2594,3542,1785,2195,3416,C=0.03,0.007623423240106564,0.03397233192836335,0.012441610339981257,0.024929104446693162,0.02634890868825679,0.012487494106711905,-0.021165433843598258,610.031299583
matched_marginal,34,3713455433,49510,49510,24755,16518,10324,22668,17036,20430,12044,8192,7559,9004,11,0.1,0.41281771012722146,0.42116744092102604,0.4131510153126801,0.398206797384624,0.572509765625,0.18626802487101468,0.4806752554420258,4690,1010,2492,3346,1408,2805,2902,1774,4328,C=0.1,25,100.0,0.41230080814270603,0.4375681680468592,0.4318794763112257,0.42366933208805807,0.5794677734375,0.2514882921021299,0.4646823633940471,4747,1531,1914,3072,1901,2586,2600,2220,4184,C=100.0,50,10.0,0.44259076604866304,0.4719854574833367,0.46688033274777657,0.4608971288983404,0.6112060546875,0.29831988358248446,0.4911150599733452,5007,1618,1567,2706,2255,2598,2151,2431,4422,C=10.0,40,10.0,0.3933060659553563,0.3941829933346799,0.39013992592092067,0.3851032021517888,0.5089111328125,0.25413414472813867,0.4073745002221235,4169,1911,2112,3142,1921,2496,2938,2398,3668,C=10.0,54,100.0,0.4019763778084471,0.4192284386992527,0.4155185083251644,0.4105716548321385,0.543701171875,0.27993120783172376,0.42292314526876945,4454,1971,1767,3150,2116,2293,2822,2374,3808,C=100.0,79,0.1,0.42900417047909906,0.4448394263785094,0.44169269114082704,0.4376466347142496,0.576416015625,0.3120783172377299,0.43658374055975124,4722,1918,1552,2808,2359,2392,2275,2798,3931,C=0.1,0.018728460998545582,0.05372931743509646,0.025378582404243732,0.05155276521990637,0.035000856436550876,0.02617418281566264,-0.023011089391759443,606.3325018330006
matched_marginal,35,4116307193,49510,49510,24755,15421,16524,17565,16023,16206,17281,11235,7197,6323,11,0.3,0.4044612135613887,0.4424964653605332,0.439785673451341,0.425634075908696,0.48393413440142413,0.2684451854939558,0.566977700458643,5437,2782,3016,2592,1932,2673,1647,1091,3585,C=0.3,25,0.03,0.4244039773445356,0.452029892950919,0.44536765347741564,0.43666621333829997,0.503871829105474,0.30526608309017644,0.5269650482365965,5661,2856,2718,2629,2197,2371,1631,1360,3332,C=0.03,50,0.1,0.44886003266679575,0.46289638456877397,0.46513145782843207,0.44658374731727174,0.4869603916332888,0.2791440878143671,0.6292898940376404,5471,2656,3108,2472,2009,2716,1074,1270,3979,C=0.1,40,1.0,0.3903037952161841,0.42330842254090084,0.42052746153316595,0.41115234952026264,0.4574988874054295,0.291510351535362,0.5125731456587063,5140,3245,2850,2480,2098,2619,1471,1611,3241,C=1.0,54,1.0,0.4106177018107687,0.43183195314077966,0.4282948348127902,0.42083576283082075,0.46568758344459277,0.31832708072808114,0.5008698402656967,5232,3307,2696,2446,2291,2460,1399,1757,3167,C=1.0,79,0.1,0.43922108873887344,0.4388608361947081,0.4418634842615157,0.42770370401931096,0.4526924788607032,0.29595664860358484,0.5769413253202593,5086,3124,3025,2381,2130,2686,1000,1675,3648,C=0.1,0.005581980026074629,0.025345784377091063,0.0077673732796242345,0.02133602272834978,0.019763804351016434,0.013568649448725545,-0.01925821191817506,611.4030241669998
matched_marginal,36,1259335069,49510,49510,24755,16489,17660,15361,12563,19768,17179,11507,5179,8069,11,0.03,0.3931988821409053,0.47622702484346596,0.43484925127313323,0.43419107686536745,0.5745198574780568,0.24657269743193666,0.48345519890940636,6611,1940,2956,2081,1277,1821,2210,1958,3901,C=0.03,25,0.03,0.4105904790303631,0.5051908705312058,0.45780532708026844,0.4575788207677951,0.6298774658903277,0.25661324580034756,0.4869252695501301,7248,1859,2400,1974,1329,1876,2298,1842,3929,C=0.03,50,0.1,0.43545448613361165,0.5036154312260149,0.45883806110196845,0.4585745254836213,0.6122360302424611,0.2577717706120873,0.506506382451357,7045,2040,2422,1760,1335,2084,1948,2034,4087,C=0.1,40,0.3,0.3902518538029118,0.44451625934154715,0.4148164136583403,0.4140404760036294,0.5162944294777092,0.2811353543155049,0.4470194571818069,5941,2634,2932,1946,1456,1777,2609,1853,3607,C=0.3,54,10.0,0.4028026393606076,0.4642294485962432,0.42894020183865056,0.428808331595021,0.5563570000869036,0.27823904228615565,0.45222456314289255,6402,2520,2585,1816,1441,1922,2527,1893,3649,C=10.0,79,0.1,0.43017967034375565,0.48236719854574833,0.44449134766634685,0.4447780012893791,0.582167376379595,0.28383857887623093,0.4674680877432148,6699,2458,2350,1787,1470,1922,2192,2105,3772,C=0.1,0.022956075807135212,0.023988809828835223,0.014123788180310237,0.029674934008006526,0.0010327340217000103,0.015551145827696289,-0.02003283761479291,626.236743042
matched_marginal,37,3143487523,49510,49510,24755,19351,19384,10775,10889,18099,20522,7952,11090,5713,11,0.0001,0.380666078410455,0.34542516663300343,0.3772414944467739,0.3379791544326514,0.5308098591549296,0.16681695220919748,0.43409767197619464,4221,1453,2278,4870,1850,4370,2046,1187,2480,C=0.0001,25,100.0,0.4037945987654033,0.39216319935366595,0.4211423558189906,0.393565209521441,0.47308853118712274,0.2660955816050496,0.5242429546647995,3762,2201,1989,4065,2951,4074,1239,1479,2995,C=100.0,50,0.3,0.4367818866531296,0.41074530397899417,0.4435075800583094,0.41323193346001225,0.46554325955734405,0.2834986474301172,0.5814808331874671,3702,2322,1928,3888,3144,4058,1078,1313,3322,C=0.3,40,0.001,0.38256066285460716,0.36780448394263787,0.3915978812929984,0.36584746767197157,0.4881790744466801,0.24183949504057708,0.44477507439173813,3882,1879,2191,4610,2682,3798,1786,1386,2541,C=0.001,54,0.1,0.4029311210395756,0.3890123207432842,0.41091839855695894,0.3895592271192201,0.4474346076458752,0.29486023444544635,0.4904603535795554,3558,2231,2163,4043,3270,3777,1409,1502,2802,C=0.1,79,1.0,0.43017101369984934,0.40698848717430824,0.43059395211334045,0.4086054860207268,0.45724346076458755,0.3108205590622182,0.5237178365132155,3636,2425,1891,3859,3447,3784,1224,1497,2992,C=1.0,0.043900861372216715,0.06626608561153552,0.019320517263960557,0.038996070820342066,0.022365224239318804,0.01967555355638151,0.014356386846224478,602.6957702089994
matched_marginal,38,1836839349,49510,49510,24755,16145,15343,18022,17917,17183,14410,8051,7422,9282,11,0.001,0.40827538857997475,0.3826701676429004,0.3771890945433383,0.3713147436161859,0.4916159483294001,0.22850983562382107,0.4114414996767938,3958,2027,2066,3143,1696,2583,3365,2098,3819,C=0.001,25,0.01,0.4158246700222474,0.4222581296707736,0.41349319907717647,0.40154412555393554,0.5603030679418706,0.19967663702506064,0.48049989226459816,4511,1471,2069,3042,1482,2898,3017,1805,4460,C=0.01,50,0.1,0.4429082684965601,0.44455665522116744,0.43216438805296203,0.4175401666875595,0.5625388150540306,0.18094853139315548,0.5530058177117001,4529,1313,2209,2746,1343,3333,2389,1760,5133,C=0.1,40,0.0001,0.3937467787373006,0.38166027065239344,0.37834170985049703,0.37332002658939306,0.4919885728480934,0.25895984909727837,0.3840767076061194,3961,1915,2175,2903,1922,2597,3580,2137,3565,C=0.0001,54,1.0,0.40168466978918577,0.4237527772167239,0.4182244144744694,0.41364366513047607,0.5242826978015154,0.27445432497978983,0.455936220642103,4221,1915,1915,2500,2037,2885,2938,2112,4232,C=1.0,79,0.1,0.4319284769899315,0.4414057766107857,0.433984301544409,0.4282112796587945,0.546143336231524,0.26098086769064943,0.49482870071105367,4397,1716,1938,2443,1937,3042,2542,2147,4593,C=0.1,0.036304104533838144,0.05497529350962371,0.039882704623972365,0.05564259169391195,0.01867118897578557,0.015759887069939582,0.0011526153071587109,584.556749333
matched_marginal,39,2191034984,49510,49510,24755,11861,15470,22179,17617,15490,16403,12045,7454,5256,11,0.01,0.382473226730715,0.39874772773177136,0.40044478325974703,0.38510764069291087,0.42748028227480284,0.2978266702441642,0.476027397260274,5149,3569,3327,2708,2220,2526,1360,1394,2502,C=0.01,25,100.0,0.41096554528020385,0.435507978186225,0.4254812045434713,0.40925744881285525,0.5172270651722707,0.25503085591628655,0.504185692541857,6230,2852,2963,2970,1901,2583,1372,1234,2650,C=100.0,50,1.0,0.43095141099506423,0.4467784286002828,0.43766341127755976,0.4215008701701346,0.5240348692403487,0.2735444056882211,0.5154109589041096,6312,2903,2830,2684,2039,2731,1308,1239,2709,C=1.0,40,0.3,0.39144810605613056,0.37564128458897195,0.37609538246026514,0.3624127662343006,0.4103777501037775,0.2650925677488597,0.4528158295281583,4943,3941,3161,2979,1976,2499,1304,1572,2380,C=0.3,54,0.3,0.4104311664925442,0.40557463138759847,0.39637809591121415,0.3843980767727948,0.4738065587380656,0.26079957070029514,0.4545281582952816,5707,3376,2962,3056,1944,2454,1305,1562,2389,C=0.3,79,1.0,0.4270011394261033,0.4227428802262169,0.4158565901921496,0.4010229131286738,0.48908260689082605,0.2672390662731419,0.491248097412481,5891,3196,2958,2796,1992,2666,1193,1481,2582,C=1.0,0.025036421283724297,0.03721862801781273,0.020282713450949008,0.03976120773188446,0.01218220673408843,0.019478494280935454,-0.02434940079948189,609.7866882910002
matched_marginal,40,954646438,49510,49510,24755,18739,11838,18933,19983,15698,13829,7882,11224,5649,11,10.0,0.390453673602706,0.3415067663098364,0.37384486854680876,0.34087338380912513,0.42463841664552143,0.20990734141126158,0.48698884758364314,3347,1918,2617,4238,2356,4630,1921,977,2751,C=10.0,25,100.0,0.4180085493065165,0.3648151888507372,0.398121585840083,0.36525385821652273,0.4325044404973357,0.2364575908766928,0.5254027261462205,3409,2071,2402,3986,2654,4584,1663,1018,2968,C=100.0,50,0.3,0.44811381401417516,0.4053322561098768,0.44070059912317266,0.40648474936542073,0.46777467647805127,0.27280826799714897,0.5815188528943176,3687,1897,2298,3500,3062,4662,1226,1138,3285,C=0.3,40,0.01,0.37447100266554,0.3705514037568168,0.39449670543675935,0.36869700730789723,0.4849023090586146,0.25196008553100496,0.4466277217206585,3822,1976,2084,4317,2828,4079,1956,1170,2523,C=0.01,54,0.3,0.40198902036145906,0.3860230256513836,0.40912490073713803,0.38491466506933847,0.4866785079928952,0.27548111190306485,0.46521508231545405,3836,2090,1956,3849,3092,4283,1786,1235,2628,C=0.3,79,100.0,0.43523762392632187,0.4108260957382347,0.4380103898408894,0.41131228809709675,0.4823648820096422,0.2995367070563079,0.532129580456718,3802,1961,2119,3383,3362,4479,1393,1250,3006,C=100.0,0.02427671729327424,0.0668557305763639,0.014628195300378677,0.04351368440413006,0.04257901328308966,0.028885489103751383,0.020651836889950592,572.4737112909997
matched_marginal,41,1086479476,49510,49510,24755,20372,15041,14097,13915,17560,18035,10055,9206,5494,11,0.03,0.4089562707149583,0.39422338921430017,0.4126055185781394,0.3856511165637045,0.4592739930382894,0.23267434281990007,0.5458682198762286,4618,2274,3163,3808,2142,3256,1741,754,2999,C=0.03,25,0.03,0.4124009149784038,0.40977580286810744,0.42461943144690134,0.39932899610624184,0.4956737941322725,0.23832283293504236,0.5398616672733891,4984,2386,2685,3609,2194,3403,1673,855,2966,C=0.03,50,0.03,0.4387863569583173,0.4305392849929307,0.44968906600807185,0.42067047466136237,0.5084037792143212,0.24983706278514012,0.5908263560247543,5112,2341,2602,3319,2300,3587,1402,846,3246,C=0.03,40,0.001,0.4001049815672908,0.4011714805089881,0.4054854492303246,0.39032680084845156,0.495574341123819,0.26602215946122093,0.45485984710593375,4983,2382,2690,3805,2449,2952,1764,1231,2499,C=0.001,54,0.1,0.40769705351422575,0.40537265198949707,0.4180884280291905,0.40031489629564465,0.4555942317255097,0.28720399739300456,0.5114670549690572,4581,2866,2608,3389,2644,3173,1464,1220,2810,C=0.1,79,10.0,0.43067380690124407,0.42985255503938596,0.44488999816469604,0.4243348064056331,0.48294380905022377,0.29784922876384967,0.5538769566800146,4856,2735,2464,3128,2742,3336,1308,1143,3043,C=10.0,0.012013912868761967,0.03708354742993247,0.012602978798865905,0.03940454893437145,0.025069634561170506,0.026801570135505548,-0.007120069347814784,589.8354565829995
matched_marginal,42,1373004360,49510,49510,24755,19698,13411,16401,12567,21361,15582,8872,10282,5601,11,0.01,0.41083450776701813,0.36558271056352254,0.3918124958249112,0.3588778573795779,0.4661857529305681,0.20112818517798095,0.5081235493661846,4136,1429,3307,4009,2068,4205,1884,871,2846,C=0.01,25,0.03,0.434867160216952,0.3842456069480913,0.4095317665788287,0.3769947533811937,0.5006762849413886,0.21211826492900213,0.5158007498660954,4442,1517,2913,4171,2181,3930,1674,1038,2889,C=0.03,50,10.0,0.45793261382259937,0.41510805897798425,0.44097736627558687,0.41083547254361813,0.5092425608656447,0.2564676133048045,0.5572219246563114,4518,1583,2771,3445,2637,4200,1271,1209,3121,C=10.0,40,0.1,0.40717821548861544,0.3614219349626338,0.369773830042014,0.35912570383553094,0.39021641118124434,0.3113207547169811,0.40778432422781646,3462,2777,2633,3694,3201,3387,1618,1699,2284,C=0.1,54,0.1,0.42186195032795126,0.3808927489396082,0.39167294500462496,0.3782450704655053,0.43913435527502254,0.30149776308111265,0.4343867166577397,3896,2511,2465,3690,3100,3492,1504,1664,2433,C=0.1,79,100.0,0.44990899146523144,0.409856594627348,0.42599891053711425,0.4078787050970642,0.473512173128945,0.3074304609998055,0.4970540974825924,4201,2281,2390,3494,3161,3627,1283,1534,2784,C=100.0,0.01771927075391755,0.04916487045067569,0.021899114962610988,0.05622508049510028,0.03144559969675814,0.03432596553248929,-0.022038665782897204,599.1527907089994
matched_marginal,43,1584559146,49510,49510,24755,16065,17285,16160,16640,16307,16563,10216,8825,5714,11,100.0,0.39264254997032805,0.38210462532821654,0.39597571580684193,0.3750033808416557,0.4306969459671104,0.23535410764872522,0.5218760938046902,4400,2852,2964,3015,2077,3733,1433,1299,2982,C=100.0,25,0.03,0.4187455209162707,0.39648555847303574,0.40482065868160017,0.3895820738118673,0.44978465152701647,0.27342776203966007,0.4912495624781239,4595,2857,2764,2998,2413,3414,1603,1304,2807,C=0.03,50,0.03,0.4343565048796522,0.4094122399515249,0.4201310101257827,0.40344483110762686,0.45262333594361787,0.2878186968838527,0.5199509975498775,4624,2873,2719,2784,2540,3501,1512,1231,2971,C=0.03,40,0.3,0.3941268654271226,0.3813371036154312,0.3923025607374348,0.37888373695280997,0.3918363351605325,0.30572237960339943,0.4793489674483724,4003,3322,2891,2809,2698,3318,1411,1564,2739,C=0.3,54,10.0,0.41019178686090757,0.3981417895374672,0.40479669861924084,0.39446523703604813,0.41513312451057166,0.3368838526912181,0.4623731186559328,4241,3174,2801,2766,2973,3086,1510,1562,2642,C=10.0,79,0.1,0.4292387624514955,0.41320945263583114,0.4197435117462769,0.4084796365057241,0.44498825371965545,0.33121813031161473,0.48302415120756037,4546,3047,2623,2791,2923,3111,1516,1438,2760,C=0.1,0.008844942874758233,0.024155294318940757,0.012494137881806033,0.027440951008842085,0.015310351444182524,0.014946813127036052,-0.00367315506940713,565.9789546249995
matched_marginal,44,3323231533,49510,49510,24755,18588,13804,17118,14137,16723,18650,6455,9759,8541,11,0.01,0.41465099819594875,0.3929307210664512,0.4213024458743273,0.3684166440390193,0.5769171185127808,0.11117942412132391,0.5758107949888772,3724,901,1830,4480,1085,4194,2696,927,4918,C=0.01,25,0.01,0.42779669455647157,0.403191274490002,0.4289952247174728,0.38830333055622696,0.5798605731990705,0.16292652935751614,0.5441985715958318,3743,1032,1680,4425,1590,3744,2828,1065,4648,C=0.01,50,10.0,0.44494634111294484,0.414784891941022,0.4332151378425522,0.4054860984678817,0.524864446165763,0.21559586023158112,0.5591851071303127,3388,1310,1757,4003,2104,3652,2430,1335,4776,C=10.0,40,0.01,0.41279774463177316,0.4212886285598869,0.4398984754872975,0.41670616106074193,0.5493415956622772,0.24910339174095705,0.5212504390586582,3546,1210,1699,3359,2431,3969,2300,1789,4452,C=0.01,54,0.001,0.42278780109159175,0.4186628963845688,0.4393069201905509,0.4132087811494009,0.5673121611154144,0.23895890972435702,0.5116496897318815,3662,1136,1657,3740,2332,3687,2495,1676,4370,C=0.001,79,1.0,0.4482592180576143,0.42213694203191277,0.437792118637746,0.4183179884037092,0.5247095274980635,0.26847013013628446,0.52019669827889,3387,1290,1778,3564,2620,3575,2252,1846,4443,C=1.0,0.007692778843145509,0.01191269196822492,-0.0005915552967465931,-0.002106356849551516,0.004219913125079411,-0.001514801552804923,0.01859602961297019,584.4511225419992
matched_marginal,45,320324471,49510,49510,24755,19554,15102,14854,13245,21893,14372,11413,5636,7706,11,0.01,0.406886539091123,0.44835386790547366,0.41586046544256033,0.41540598913323495,0.5503373346184176,0.26809794180269697,0.4291461199065663,6281,2055,3077,2218,1511,1907,2697,1702,3307,C=0.01,25,0.1,0.43403049572482116,0.45291860230256514,0.4177257604051227,0.41769624956217943,0.5668097783229651,0.26383960255500355,0.42252790033739945,6469,2345,2599,2237,1487,1912,2611,1839,3256,C=0.1,50,1.0,0.45345326625241283,0.47323772975156536,0.4397429776458079,0.4395875340105532,0.5708402698676948,0.2739531582682754,0.4744355048014534,6515,2434,2464,2108,1544,1984,1949,2101,3656,C=1.0,40,100.0,0.41192471281220094,0.4210058574025449,0.3988619117277176,0.39802338296933754,0.4922456847454657,0.301277501774308,0.4030625486633792,5618,2685,3110,2017,1698,1921,2311,2289,3106,C=100.0,54,0.1,0.42882671097453073,0.44172894364774795,0.41535864811721596,0.41511909574753814,0.5298343993691405,0.30500354861603973,0.4112379963664677,6047,2570,2796,2054,1719,1863,2199,2338,3169,C=0.1,79,1.0,0.4482802586702102,0.4723086245202989,0.4498988581939069,0.4487907287154145,0.5404363445194077,0.34403832505322923,0.46522190500908384,6168,2676,2569,1905,1939,1792,1705,2416,3585,C=1.0,0.0018652949625623805,0.023882512203247552,0.016496736389498334,0.05103694646618928,0.022017217240685172,0.03454021007669095,-0.016998553714842712,602.5675129589999
matched_marginal,46,1965164083,49510,49510,24755,18954,16977,13579,16809,13543,19158,10145,8316,6294,11,0.0001,0.41460013165971077,0.41304786911735003,0.4070362014534636,0.38084726978148725,0.580285855101035,0.15067340067340068,0.4901493485859549,5887,1518,2740,3910,1253,3153,2258,951,3085,C=0.0001,25,0.03,0.42037671333622656,0.42860028277115736,0.4229365081093898,0.40894681620013573,0.5603745687530803,0.2305194805194805,0.4779154750556085,5685,2080,2380,3195,1917,3204,2003,1283,3008,C=0.03,50,0.03,0.45589250549701577,0.45825085841244195,0.4575053997950205,0.4431362329053891,0.5607688516510596,0.26996151996151996,0.5417858277724817,5689,2075,2381,2759,2245,3312,1511,1373,3410,C=0.03,40,0.0001,0.3766920878755507,0.399272874166835,0.39374735032429165,0.38744014131810306,0.4941350418925579,0.2702020202020202,0.4169049888782968,5013,2676,2456,3351,2247,2718,2113,1557,2624,C=0.0001,54,0.01,0.3941915265913026,0.4045647343970915,0.3997042218639904,0.3910779016732145,0.5089206505667817,0.2512025012025012,0.43898951382268825,5163,2511,2471,3144,2089,3083,1817,1714,2763,C=0.01,79,0.1,0.4324315110130015,0.4242779236517875,0.42292831286922056,0.413951821854096,0.5081320847708231,0.2771765271765272,0.48347632666031143,5155,2575,2415,2902,2305,3109,1402,1849,3043,C=0.1,0.015900306655926233,0.05046919834155689,0.00595687153969876,0.029180962544928912,0.034568891685630654,0.023224091005230152,-0.013288851129171941,573.4269429580017
matched_marginal,47,3754333007,49510,49510,24755,11315,16346,21849,16613,15559,17338,7553,10052,7150,11,10.0,0.41795418478023033,0.41514845485760454,0.4253192936986607,0.4165206770999143,0.4734542565867867,0.3318742538798249,0.4706293706293706,3576,1383,2594,2687,3336,4029,1684,2101,3365,C=10.0,25,1.0,0.426933754387185,0.41793577055140374,0.4305777050080168,0.4181224072701995,0.5352839931153184,0.3081973736569837,0.44825174825174824,4043,1486,2024,3059,3098,3895,1818,2127,3205,C=1.0,50,100.0,0.46090373832916764,0.4536457281357302,0.4694174646599388,0.45451662635431944,0.5469349927181253,0.32411460405889375,0.5372027972027972,4131,1470,1952,2785,3258,4009,1475,1834,3841,C=100.0,40,0.001,0.39320974120251684,0.3961219955564532,0.4052973257571036,0.39616146561416965,0.47213027935919505,0.3177477118981297,0.426013986013986,3566,1753,2234,3573,3194,3285,1985,2119,3046,C=0.001,54,0.001,0.40382404106325015,0.40193900222177337,0.4127648189422865,0.40182546813737563,0.4986098239110287,0.3084958217270195,0.4311888111888112,3766,1743,2044,3593,3101,3358,1975,2092,3083,C=0.001,79,100.0,0.43941518632254456,0.4388204403150879,0.4532041596689044,0.4398121458647754,0.5329008341056534,0.31943891762833265,0.5072727272727273,4025,1763,1765,2950,3211,3891,1603,1920,3627,C=100.0,0.005258411309356059,0.04409817096127805,0.007467493185182916,0.04790683391180084,0.03883975965192199,0.04043934072661792,-0.02002196794155714,585.4561262080006
matched_marginal,48,3015000268,49510,49510,24755,16758,16454,16298,15267,15870,18373,7840,7667,9248,11,100.0,0.43484428433732036,0.3597253080185821,0.35354903569618795,0.3506142060474114,0.3792091836734694,0.23398982652928133,0.44744809688581316,2973,2279,2588,3007,1794,2866,3002,2108,4138,C=100.0,25,100.0,0.44919031943265225,0.37677236921833973,0.3723312009687141,0.37221774755228393,0.3895408163265306,0.28746576235815835,0.4399870242214533,3054,2616,2170,2888,2204,2575,2425,2754,4069,C=100.0,50,1.0,0.47410405297127606,0.4144213290244395,0.4058346068961039,0.40393958308848665,0.394515306122449,0.2814660232163819,0.5415224913494809,3093,2452,2295,2509,2158,3000,1742,2498,5008,C=1.0,40,100.0,0.418045008387174,0.3747929711169461,0.3722275290056025,0.37215047745521046,0.3957908163265306,0.3110734315899309,0.40981833910034604,3103,2516,2221,2927,2385,2355,2570,2888,3790,C=100.0,54,10.0,0.437512868381902,0.3878812361139164,0.3847076968259588,0.38492401890779077,0.40676020408163266,0.3153775922785966,0.4319852941176471,3189,2536,2115,2936,2418,2313,2307,2946,3995,C=10.0,79,0.3,0.4532012841078667,0.41999596041203796,0.41427165394656623,0.4141021468470356,0.42818877551020407,0.3122472935959306,0.5023788927335641,3357,2354,2129,2753,2394,2520,1759,2843,4646,C=0.3,0.01878216527252613,0.05228557119991595,0.01248016782035627,0.04204412494096371,0.03350340592738982,0.029563957120607443,0.018678493309414568,603.1997358330009
matched_marginal,49,3650631629,49510,49510,24755,17101,13792,18617,18144,14409,16957,9921,7440,7394,11,0.3,0.38762458186836374,0.39078973944657647,0.38861802437765713,0.38463131356764174,0.4117528474952122,0.2864247311827957,0.4676764944549635,4085,2788,3048,2622,2131,2687,1928,2008,3458,C=0.3,25,100.0,0.40671456220303254,0.40484750555443344,0.4039797149259876,0.3994322110396979,0.41437355105332124,0.3,0.4975655937246416,4111,2953,2857,2616,2232,2592,1723,1992,3679,C=100.0,50,10.0,0.44141049023151213,0.4296505756412846,0.42700352880698317,0.42142199184476087,0.4554984376574942,0.2861559139784946,0.5393562347849608,4519,2900,2502,2489,2129,2822,1467,1939,3988,C=10.0,40,100.0,0.387283653222001,0.3806503736618865,0.3789823312845469,0.3733250984278338,0.39764136679770185,0.25161290322580643,0.4876927238301325,3945,2926,3050,2716,1872,2852,1634,2154,3606,C=100.0,54,0.03,0.4017164859624747,0.39571803676025047,0.3938448449583169,0.38959650516073513,0.41427275476262476,0.27970430107526884,0.4875574790370571,4110,2957,2854,2729,2081,2630,1622,2167,3605,C=0.03,79,100.0,0.4330806889984693,0.42173298323570996,0.41812171837873224,0.4127169591953112,0.45620401169236974,0.26948924731182794,0.5286718961319989,4526,2834,2561,2632,2005,2803,1392,2093,3909,C=100.0,0.015361690548330476,0.038385504429326034,0.014862513673770006,0.03913938709418535,0.02302381388099556,0.024276873420415346,-0.009635693093110242,558.5674815840011
matched_marginal,50,185234551,49510,49510,24755,16109,13367,20034,21431,13956,14123,7745,8284,8726,11,0.3,0.39197522696066817,0.3680064633407392,0.3655751738822892,0.3561093718491075,0.3739186571981924,0.21088845968131337,0.511918404767362,2896,1787,3062,3316,1747,3221,2385,1874,4467,C=0.3,25,0.3,0.42038176946648104,0.4029085033326601,0.4015892347672764,0.39248386625494464,0.4420916720464816,0.23780782230806374,0.524868209947284,3424,1694,2627,3188,1970,3126,2278,1868,4580,C=0.3,50,0.3,0.4625153139784584,0.4489598060997778,0.44655796547103027,0.4274298223629291,0.49632020658489345,0.20159343312409464,0.6417602567041026,3844,1327,2574,2606,1670,4008,1691,1435,5600,C=0.3,40,100.0,0.38228548638883364,0.3775802868107453,0.37762368074421787,0.37489701316293395,0.42001291155584247,0.28597295992274263,0.4268851707540683,3253,2291,2201,3133,2369,2782,2690,2311,3725,C=100.0,54,100.0,0.4036421517088116,0.3991920824075944,0.3992193247546334,0.39483598346586285,0.45435765009683665,0.2783679381941091,0.4649323859729544,3519,2158,2068,3014,2306,2964,2413,2256,4057,C=100.0,79,100.0,0.4403284394985924,0.43542718642698447,0.4342018834521702,0.4243748812303036,0.486765655261459,0.24891356832448092,0.5669264267705707,3770,1863,2112,2668,2062,3554,1904,1875,4947,C=100.0,0.03601406088498721,0.08098279158874105,0.021595644010415527,0.05657820270795233,0.044968730703753845,0.0349825586975368,0.012048506861928654,554.7013727920003
