learner,representation,regime,bin,bin_low,bin_high,count,probability_sum,positive_count,mean_predicted_probability,observed_frequency
logistic,combined,0,0,0.0,0.1,34166,2176.8265739982266,3206,0.06371324047293293,0.0938359772873617
logistic,combined,0,1,0.1,0.2,129107,20624.03575206356,23800,0.15974374551390366,0.18434321919028404
logistic,combined,0,2,0.2,0.3,321299,82093.788862474,91728,0.25550589594886386,0.28549108462833683
logistic,combined,0,3,0.3,0.4,418231,145677.97109766435,156138,0.34831940027799074,0.37332957145692214
logistic,combined,0,4,0.4,0.5,227098,100269.61320024602,103743,0.44152574307235654,0.456820403526231
logistic,combined,0,5,0.5,0.6,72774,39333.60333934822,38892,0.5404897812315967,0.5344216341000907
logistic,combined,0,6,0.6,0.7,22715,14558.065867900832,13305,0.6409009847193851,0.5857362976007043
logistic,combined,0,7,0.7,0.8,7721,5726.604894548633,4550,0.7416921246663168,0.5893019038984587
logistic,combined,0,8,0.8,0.9,3021,2544.5094156714276,1648,0.8422738880077549,0.5455147302217809
logistic,combined,0,9,0.9,1.0,1618,1532.1540045128443,921,0.9469431424677653,0.569221260815822
logistic,combined,1,0,0.0,0.1,4110,256.79429411229466,1214,0.06248036353097194,0.2953771289537713
logistic,combined,1,1,0.1,0.2,27022,4503.72992195285,8575,0.16666900754765934,0.3173340241284879
logistic,combined,1,2,0.2,0.3,306148,82197.1577029911,100278,0.26848830533921864,0.3275474607052798
logistic,combined,1,3,0.3,0.4,741871,255263.30953371976,256996,0.34408045271175147,0.3464160211141829
logistic,combined,1,4,0.4,0.5,139525,60280.54190552255,52995,0.43204115323793263,0.37982440422863284
logistic,combined,1,5,0.5,0.6,15148,8107.04003346047,6158,0.5351888060113856,0.406522313176657
logistic,combined,1,6,0.6,0.7,2797,1783.1531639040463,1145,0.6375234765477463,0.40936717912048626
logistic,combined,1,7,0.7,0.8,747,554.3328292605909,357,0.7420787540302421,0.4779116465863454
logistic,combined,1,8,0.8,0.9,272,228.52325177423182,101,0.8401590138758523,0.3713235294117647
logistic,combined,1,9,0.9,1.0,110,103.06138614974084,52,0.9369216922703713,0.4727272727272727
logistic,combined,2,0,0.0,0.1,28741,1766.8236667304545,3057,0.06147398026270674,0.10636373125500156
logistic,combined,2,1,0.1,0.2,130035,21010.224832617117,20364,0.1615736135088024,0.15660399123312954
logistic,combined,2,2,0.2,0.3,367461,93802.95283073574,88506,0.25527322037096656,0.24085821352470058
logistic,combined,2,3,0.3,0.4,398270,138067.11618101088,124396,0.3466671257714889,0.3123408742812665
logistic,combined,2,4,0.4,0.5,200827,88848.48083495471,77930,0.4424130263109777,0.38804543213810894
logistic,combined,2,5,0.5,0.6,73579,39836.90916051283,34892,0.5414168330707515,0.4742113918373449
logistic,combined,2,6,0.6,0.7,26082,16745.245651529018,14621,0.6420230676914738,0.5605781765202055
logistic,combined,2,7,0.7,0.8,9196,6814.186702552952,5617,0.7409946392510822,0.6108090474119182
logistic,combined,2,8,0.8,0.9,2961,2486.662495158116,2073,0.8398049629037879,0.7001013171225937
logistic,combined,2,9,0.9,1.0,598,556.5806129224279,492,0.9307368109070701,0.822742474916388
logistic,signature,0,0,0.0,0.1,20657,1255.762784579159,2807,0.06079114995300184,0.13588614029142662
logistic,signature,0,1,0.1,0.2,72809,11688.036378700937,13942,0.16053010450220354,0.1914873161285006
logistic,signature,0,2,0.2,0.3,273000,71127.31306274743,75140,0.26053960828845213,0.2752380952380952
logistic,signature,0,3,0.3,0.4,644881,226207.97666527567,238256,0.3507747579247577,0.36945731072864607
logistic,signature,0,4,0.4,0.5,188063,81447.64489355209,87773,0.4330870234631591,0.46672125830173933
logistic,signature,0,5,0.5,0.6,26950,14485.182262753373,13792,0.537483571901795,0.5117625231910946
logistic,signature,0,6,0.6,0.7,6973,4468.1838985219165,3618,0.6407835793090372,0.5188584540369998
logistic,signature,0,7,0.7,0.8,2679,1989.8355942659634,1520,0.7427531146942753,0.5673758865248227
logistic,signature,0,8,0.8,0.9,1191,1003.9518850035195,714,0.8429486859811246,0.5994962216624685
logistic,signature,0,9,0.9,1.0,547,517.9525137761492,369,0.9468967345084994,0.6745886654478976
logistic,signature,1,0,0.0,0.1,2038,124.77018274061311,570,0.06122187573140977,0.27968596663395484
logistic,signature,1,1,0.1,0.2,11148,1848.856614947073,3831,0.1658464850149868,0.34364908503767494
logistic,signature,1,2,0.2,0.3,201659,55374.234267328095,66570,0.27459341892664396,0.33011172325559485
logistic,signature,1,3,0.3,0.4,944581,320978.09363035066,326592,0.3398100254296356,0.34575330225782647
logistic,signature,1,4,0.4,0.5,71239,30517.792610679626,27507,0.42838603308131257,0.3861227698311318
logistic,signature,1,5,0.5,0.6,5526,2958.3630054616533,2163,0.5353534211837954,0.3914223669923996
logistic,signature,1,6,0.6,0.7,1044,666.1808221219817,431,0.6381042357490246,0.4128352490421456
logistic,signature,1,7,0.7,0.8,337,251.43628442139476,126,0.746101734188115,0.37388724035608306
logistic,signature,1,8,0.8,0.9,126,106.59411458406683,57,0.8459850363814828,0.4523809523809524
logistic,signature,1,9,0.9,1.0,52,48.52352882172594,24,0.9331447850331911,0.46153846153846156
logistic,signature,2,0,0.0,0.1,7653,464.06670157100086,999,0.06063853411355036,0.13053704429635438
logistic,signature,2,1,0.1,0.2,38486,6353.3040905257985,6795,0.16508091489179957,0.1765577092968872
logistic,signature,2,2,0.2,0.3,400588,107118.63146963787,96355,0.26740349553565723,0.24053391514473724
logistic,signature,2,3,0.3,0.4,594859,202604.7824592105,185279,0.34059295137034235,0.3114670871584695
logistic,signature,2,4,0.4,0.5,142389,62334.44070081793,56034,0.43777567579530674,0.3935275899121421
logistic,signature,2,5,0.5,0.6,35433,19133.69281576703,16498,0.5399964105711351,0.46561115344452914
logistic,signature,2,6,0.6,0.7,11920,7654.3138488321165,6127,0.6421404235597413,0.5140100671140939
logistic,signature,2,7,0.7,0.8,4406,3265.8806419541547,2541,0.7412348256818326,0.576713572401271
logistic,signature,2,8,0.8,0.9,1441,1212.9192463914092,922,0.8417205040884171,0.6398334489937544
logistic,signature,2,9,0.9,1.0,575,541.2830246591102,398,0.9413617820158439,0.6921739130434783
logistic,statistics,0,0,0.0,0.1,10205,717.0116380708258,1042,0.07026081705740576,0.10210681038706516
logistic,statistics,0,1,0.1,0.2,89068,14679.904303700761,17839,0.16481681752931202,0.20028517537162618
logistic,statistics,0,2,0.2,0.3,364679,94064.3676793734,105611,0.25793743999345564,0.28959989470191594
logistic,statistics,0,3,0.3,0.4,485821,168737.43923338962,179330,0.34732430099437783,0.36912772399711
logistic,statistics,0,4,0.4,0.5,216784,95280.51858982252,96491,0.43951822362269594,0.44510203705070484
logistic,statistics,0,5,0.5,0.6,53616,28837.746814557886,27866,0.5378571100894861,0.5197329155475977
logistic,statistics,0,6,0.6,0.7,12885,8235.92802330885,7378,0.6391872738307218,0.5726038028715561
logistic,statistics,0,7,0.7,0.8,3112,2301.2916757625567,1627,0.7394896130342405,0.5228149100257069
logistic,statistics,0,8,0.8,0.9,1061,894.5656487148467,442,0.8431344474220986,0.41658812441093307
logistic,statistics,0,9,0.9,1.0,519,489.9116262380478,305,0.9439530370675295,0.5876685934489403
logistic,statistics,1,0,0.0,0.1,1256,80.02548226817241,382,0.06371455594599715,0.304140127388535
logistic,statistics,1,1,0.1,0.2,13029,2194.5828403816195,4584,0.1684383176284918,0.35183053189039837
logistic,statistics,1,2,0.2,0.3,261420,71154.19903588326,88937,0.2721834558789812,0.3402073292020503
logistic,statistics,1,3,0.3,0.4,859720,294505.6817123963,296760,0.34255999826966493,0.34518215232866517
logistic,statistics,1,4,0.4,0.5,94675,40575.255322709156,34150,0.42857412540490264,0.3607076841827304
logistic,statistics,1,5,0.5,0.6,6578,3506.0642576226314,2586,0.5329985189453681,0.3931286105199149
logistic,statistics,1,6,0.6,0.7,955,605.5618227542681,438,0.634096149480909,0.4586387434554974
logistic,statistics,1,7,0.7,0.8,80,59.38742012029009,26,0.742342751503626,0.325
logistic,statistics,1,8,0.8,0.9,32,27.0265050199844,8,0.8445782818745124,0.25
logistic,statistics,1,9,0.9,1.0,5,4.556875213089993,0,0.9113750426179987,0.0
logistic,statistics,2,0,0.0,0.1,13567,898.5448286057427,1579,0.06623017827122744,0.11638534679737599
logistic,statistics,2,1,0.1,0.2,98297,16120.975403365273,15801,0.1640027203614075,0.160747530443452
logistic,statistics,2,2,0.2,0.3,368869,94918.79097607154,90221,0.2573238493233954,0.24458818713418584
logistic,statistics,2,3,0.3,0.4,470560,163291.4328985104,145094,0.3470151158162836,0.3083432505950357
logistic,statistics,2,4,0.4,0.5,212919,93675.98934332737,82780,0.4399606861920607,0.3887863459813356
logistic,statistics,2,5,0.5,0.6,56045,30192.839605182126,26274,0.5387249461179788,0.46880185565170845
logistic,statistics,2,6,0.6,0.7,13215,8442.861672332438,7352,0.6388847273804342,0.5563374952705259
logistic,statistics,2,7,0.7,0.8,3343,2465.8828785316305,2143,0.7376257488877148,0.6410409811546515
logistic,statistics,2,8,0.8,0.9,832,696.9123398808499,610,0.8376350238952524,0.7331730769230769
logistic,statistics,2,9,0.9,1.0,103,94.74354688453796,94,0.9198402610149317,0.912621359223301
random_forest,combined,0,0,0.0,0.1,337,29.709309936629005,28,0.08815818972293474,0.0830860534124629
random_forest,combined,0,1,0.1,0.2,33419,5851.881817963444,4912,0.17510643101120452,0.14698225560310002
random_forest,combined,0,2,0.2,0.3,412834,109070.0080618584,111205,0.2641982202576784,0.26936977090065256
random_forest,combined,0,3,0.3,0.4,622810,212313.77582433345,233853,0.340896542804922,0.3754804836145855
random_forest,combined,0,4,0.4,0.5,108517,47557.13962086804,51547,0.438245985613941,0.47501313158306996
random_forest,combined,0,5,0.5,0.6,33436,18105.285066723187,19725,0.5414907604594804,0.5899330063404713
random_forest,combined,0,6,0.6,0.7,14979,9648.935233197106,9275,0.6441641787300291,0.6192002136324187
random_forest,combined,0,7,0.7,0.8,6860,5104.330572845616,4298,0.7440715120766205,0.6265306122448979
random_forest,combined,0,8,0.8,0.9,3514,2958.2014554634757,2389,0.8418330835126567,0.6798520204894707
random_forest,combined,0,9,0.9,1.0,1044,984.7567323908212,699,0.9432535750869935,0.6695402298850575
random_forest,combined,1,0,0.0,0.1,2601,167.2559756818628,751,0.06430448892036247,0.2887351018838908
random_forest,combined,1,1,0.1,0.2,12174,1977.5713396186682,4382,0.16244219973867818,0.3599474289469361
random_forest,combined,1,2,0.2,0.3,189236,52174.21902060343,63809,0.27570979634215176,0.3371927117461794
random_forest,combined,1,3,0.3,0.4,956199,325105.0250305653,329799,0.339997244329439,0.3449062381366222
random_forest,combined,1,4,0.4,0.5,66948,28839.574309606767,24944,0.4307757410170097,0.37258767999044035
random_forest,combined,1,5,0.5,0.6,8588,4606.462595185962,3367,0.53638362775803,0.3920586865393572
random_forest,combined,1,6,0.6,0.7,1769,1127.4223092732082,745,0.6373218254794846,0.42114188807235725
random_forest,combined,1,7,0.7,0.8,227,166.09485336748745,74,0.7316953892840856,0.32599118942731276
random_forest,combined,1,8,0.8,0.9,8,6.605825435679398,0,0.8257281794599247,0.0
random_forest,combined,1,9,0.9,1.0,0,0.0,0,,
random_forest,combined,2,0,0.0,0.1,22135,1433.0693591227468,1279,0.06474223443066396,0.0577817935396431
random_forest,combined,2,1,0.1,0.2,66607,10471.585552510202,8341,0.15721449025643253,0.12522707823502036
random_forest,combined,2,2,0.2,0.3,269174,71134.52858425364,61945,0.26426968646397364,0.23012995311582843
random_forest,combined,2,3,0.3,0.4,655252,227442.87789812122,201343,0.34710749131345076,0.3072756740917998
random_forest,combined,2,4,0.4,0.5,192574,84024.94540545231,81701,0.43632549256624625,0.4242576879537217
random_forest,combined,2,5,0.5,0.6,28468,15155.910364402589,15177,0.532384093171371,0.5331249121820992
random_forest,combined,2,6,0.6,0.7,3056,1932.8180616105187,1845,0.6324666431971593,0.6037303664921466
random_forest,combined,2,7,0.7,0.8,448,330.0570763667227,296,0.7367345454614346,0.6607142857142857
random_forest,combined,2,8,0.8,0.9,36,29.952743243969675,21,0.8320206456658243,0.5833333333333334
random_forest,combined,2,9,0.9,1.0,0,0.0,0,,
random_forest,signature,0,0,0.0,0.1,207,17.823952168885118,23,0.08610604912504888,0.1111111111111111
random_forest,signature,0,1,0.1,0.2,20755,3663.9582579766147,2565,0.17653376333300963,0.12358467839074921
random_forest,signature,0,2,0.2,0.3,291896,77657.98964597861,67785,0.26604677572141655,0.23222312056348837
random_forest,signature,0,3,0.3,0.4,805731,273557.08471775416,302454,0.33951416132400786,0.37537838310800997
random_forest,signature,0,4,0.4,0.5,81058,35494.84923907274,40905,0.4378944612385297,0.5046386538034494
random_forest,signature,0,5,0.5,0.6,26071,14165.31907350503,16326,0.5433362384835653,0.6262130336389091
random_forest,signature,0,6,0.6,0.7,8091,5207.886529522437,5156,0.6436641366360694,0.6372512668396985
random_forest,signature,0,7,0.7,0.8,3213,2376.3486665902997,2123,0.7396043157766261,0.6607531901649548
random_forest,signature,0,8,0.8,0.9,727,616.6599094999544,593,0.8482254601099786,0.8156808803301238
random_forest,signature,0,9,0.9,1.0,1,0.9026417161000058,1,0.9026417161000058,1.0
random_forest,signature,1,0,0.0,0.1,581,45.671586370103206,93,0.07860858239260449,0.16006884681583478
random_forest,signature,1,1,0.1,0.2,7096,1193.681147373269,2142,0.16821887646184736,0.30186020293122884
random_forest,signature,1,2,0.2,0.3,103054,28504.79554392244,34658,0.2766005739119533,0.33630911949075243
random_forest,signature,1,3,0.3,0.4,1088941,367088.2560882837,375009,0.337105734918865,0.3443795393873497
random_forest,signature,1,4,0.4,0.5,35200,15053.306533057897,14701,0.4276507537800539,0.4176420454545455
random_forest,signature,1,5,0.5,0.6,2495,1325.2745120555016,1100,0.5311721491204415,0.4408817635270541
random_forest,signature,1,6,0.6,0.7,279,177.3275167646679,119,0.6355824973644011,0.4265232974910394
random_forest,signature,1,7,0.7,0.8,78,57.816651254726935,43,0.7412391186503453,0.5512820512820513
random_forest,signature,1,8,0.8,0.9,26,21.614635134114017,6,0.8313321205428468,0.23076923076923078
random_forest,signature,1,9,0.9,1.0,0,0.0,0,,
random_forest,signature,2,0,0.0,0.1,4458,358.612895101917,214,0.08044255161550404,0.04800358905338717
random_forest,signature,2,1,0.1,0.2,47926,7679.385084814997,4647,0.16023421701821552,0.09696198305721321
random_forest,signature,2,2,0.2,0.3,206086,55146.444203850486,42380,0.2675894733453533,0.20564230466892464
random_forest,signature,2,3,0.3,0.4,843864,288146.9400401203,261699,0.34146134926969307,0.3101198771366002
random_forest,signature,2,4,0.4,0.5,121242,52476.308658082664,54676,0.4328228555952777,0.4509658369211989
random_forest,signature,2,5,0.5,0.6,12633,6714.400783999098,7314,0.5314969353280375,0.5789598670149608
random_forest,signature,2,6,0.6,0.7,1335,848.9509964003374,874,0.6359183493635486,0.6546816479400749
random_forest,signature,2,7,0.7,0.8,193,141.492336130008,144,0.733120912590715,0.7461139896373057
random_forest,signature,2,8,0.8,0.9,13,10.898153504582467,0,0.8383195003524975,0.0
random_forest,signature,2,9,0.9,1.0,0,0.0,0,,
random_forest,statistics,0,0,0.0,0.1,1322,111.39529091452769,205,0.08426270114563365,0.1550680786686838
random_forest,statistics,0,1,0.1,0.2,47375,8144.875347784455,8789,0.17192349019070088,0.1855197889182058
random_forest,statistics,0,2,0.2,0.3,414681,108993.9123904316,118296,0.26283797036862455,0.28526988215037585
random_forest,statistics,0,3,0.3,0.4,589538,201714.02356249373,218355,0.3421561011546223,0.3703832492561972
random_forest,statistics,0,4,0.4,0.5,119725,52430.79957426084,54609,0.43792691229284475,0.45612027563165586
random_forest,statistics,0,5,0.5,0.6,37230,20172.91510334704,20660,0.5418456917364234,0.5549288208434059
random_forest,statistics,0,6,0.6,0.7,15640,10062.932048662513,9541,0.6434099775359663,0.6100383631713555
random_forest,statistics,0,7,0.7,0.8,7170,5336.407511368431,4198,0.7442688300374382,0.5854951185495119
random_forest,statistics,0,8,0.8,0.9,3855,3253.666295572492,2459,0.8440120092276243,0.6378728923476005
random_forest,statistics,0,9,0.9,1.0,1214,1144.8284865193389,819,0.9430218175612346,0.6746293245469522
random_forest,statistics,1,0,0.0,0.1,2943,183.79737109688847,905,0.06245238569381192,0.30750934420659193
random_forest,statistics,1,1,0.1,0.2,15508,2526.8046289200934,5747,0.16293555770699597,0.37058292494196543
random_forest,statistics,1,2,0.2,0.3,219538,59970.74918338853,75088,0.2731679672010701,0.34202734834060616
random_forest,statistics,1,3,0.3,0.4,904272,308467.09996046725,310856,0.34112202961107635,0.343763823274413
random_forest,statistics,1,4,0.4,0.5,80990,34926.87201086793,29907,0.4312491913923686,0.36926781084084453
random_forest,statistics,1,5,0.5,0.6,11078,5952.8172521440965,4186,0.5373548702061831,0.37786604080158875
random_forest,statistics,1,6,0.6,0.7,2757,1761.8225148852403,975,0.6390360953519189,0.35364526659412404
random_forest,statistics,1,7,0.7,0.8,617,451.53798257074004,183,0.731828172724052,0.2965964343598055
random_forest,statistics,1,8,0.8,0.9,47,39.73049131424008,24,0.84532960243064,0.5106382978723404
random_forest,statistics,1,9,0.9,1.0,0,0.0,0,,
random_forest,statistics,2,0,0.0,0.1,24050,1527.3953177693593,1572,0.06350916082201079,0.06536382536382536
random_forest,statistics,2,1,0.1,0.2,72163,11394.332274810251,10139,0.15789715331693874,0.1405013649654255
random_forest,statistics,2,2,0.2,0.3,293989,77439.25232575538,71122,0.2634086728610777,0.24192061607747228
random_forest,statistics,2,3,0.3,0.4,601077,208475.41170678815,184184,0.34683644808699743,0.30642330350354446
random_forest,statistics,2,4,0.4,0.5,200104,87666.4659201782,81500,0.4381045152529595,0.407288210130732
random_forest,statistics,2,5,0.5,0.6,39564,21163.12436311445,19636,0.5349086129591156,0.49630977656455366
random_forest,statistics,2,6,0.6,0.7,5839,3710.768480311432,3162,0.6355143826530968,0.5415310840897414
random_forest,statistics,2,7,0.7,0.8,847,628.763386733685,577,0.7423416608426033,0.6812278630460449
random_forest,statistics,2,8,0.8,0.9,103,84.5562225843027,56,0.8209341998475991,0.5436893203883495
random_forest,statistics,2,9,0.9,1.0,14,12.942994947373153,0,0.9244996390980823,0.0
