learner,candidate,baseline,regime,metric,n,mean,standard_deviation,standard_error,confidence,ci_low,ci_high,candidate_win_rate
random_forest,signature,statistics,0,recall,50,0.06348220203785611,0.1137012277887497,0.016079781839732247,0.95,0.03116867063428974,0.09579573344142248,0.68
random_forest,signature,statistics,0,precision,50,0.0019111713969970057,0.0324140506710555,0.004584039007045541,0.95,-0.00730079987759622,0.011123142671590232,0.5
random_forest,signature,statistics,0,f1,50,0.031255008564286355,0.06026900894356972,0.008523324983878165,0.95,0.014126745738679822,0.04838327138989289,0.72
random_forest,signature,statistics,0,predicted_proportion,50,0.049790345384770764,0.09746182717645252,0.013783183780660183,0.95,0.02209200057035469,0.07748869019918683,0.7
random_forest,signature,statistics,0,prediction_excess,50,0.049790345384770764,0.09746182717645252,0.013783183780660183,0.95,0.02209200057035469,0.07748869019918683,0.7
random_forest,signature,statistics,0,roc_auc,50,0.01874181764594581,0.022061455894661297,0.003119961013192587,0.95,0.012472021253025337,0.025011614038866287,0.78
random_forest,signature,statistics,0,pr_auc,50,0.01617657175765222,0.022267207834656765,0.0031490587315952034,0.95,0.009848301310372887,0.02250484220493155,0.72
random_forest,signature,statistics,0,brier,50,-0.001933974501725581,0.002634337990491955,0.00037255165140284084,0.95,-0.0026826450749363345,-0.0011853039285148275,0.24
random_forest,combined,statistics,0,recall,50,0.009118262013612495,0.02527602966229013,0.0035745703951355345,0.95,0.0019348938641728444,0.016301630163052146,0.66
random_forest,combined,statistics,0,precision,50,0.011394577184847906,0.011618381874150934,0.001643087321925399,0.95,0.008092669590265625,0.014696484779430186,0.88
random_forest,combined,statistics,0,f1,50,0.010125461785606707,0.015392627870169035,0.002176846309455514,0.95,0.005750925347088733,0.01449999822412468,0.84
random_forest,combined,statistics,0,predicted_proportion,50,-0.0004128458897192422,0.020842930650625903,0.002947635520571703,0.95,-0.00633634123994269,0.005510649460504206,0.5
random_forest,combined,statistics,0,prediction_excess,50,-0.00041284588971924165,0.020842930650625903,0.002947635520571703,0.95,-0.0063363412399426895,0.005510649460504207,0.5
random_forest,combined,statistics,0,roc_auc,50,0.013364115777729517,0.007984937515986916,0.0011292406929810429,0.95,0.011094821644356151,0.01563340991110288,0.98
random_forest,combined,statistics,0,pr_auc,50,0.013230123139169114,0.00835714305740013,0.0011818785054467417,0.95,0.010855049361328027,0.0156051969170102,0.98
random_forest,combined,statistics,0,brier,50,-0.0018779519134920985,0.001028034123179134,0.00014538597995822643,0.95,-0.002170115978641918,-0.0015857878483422788,0.0
random_forest,signature,statistics,1,recall,50,-0.03551753619416946,0.07930250235221088,0.01121506743566209,0.95,-0.05805505799561052,-0.012980014392728407,0.28
random_forest,signature,statistics,1,precision,50,0.004948297379046966,0.02951348686193336,0.004173837339306631,0.95,-0.003439342781829031,0.013335937539922963,0.5
random_forest,signature,statistics,1,f1,50,-0.02817042429060056,0.053637824869837106,0.007585533938711652,0.95,-0.04341412545423892,-0.0129267231269622,0.34
random_forest,signature,statistics,1,predicted_proportion,50,-0.03547000605938195,0.08360244068519629,0.011823170546449682,0.95,-0.059229556813883005,-0.011710455304880893,0.28
random_forest,signature,statistics,1,prediction_excess,50,-0.03547000605938195,0.08360244068519629,0.011823170546449682,0.95,-0.059229556813883005,-0.011710455304880893,0.28
random_forest,signature,statistics,1,roc_auc,50,0.007209789481024791,0.022821706167796028,0.0032274766378990855,0.95,0.0007239323510896557,0.013695646610959926,0.58
random_forest,signature,statistics,1,pr_auc,50,0.007294739744944322,0.018534309207468402,0.0026211471450418343,0.95,0.0020273473493962494,0.012562132140492396,0.7
random_forest,signature,statistics,1,brier,50,-0.002098773670646685,0.0019302498129777595,0.0002729785464281278,0.95,-0.002647344597816185,-0.0015502027434771849,0.14
random_forest,combined,statistics,1,recall,50,-0.010534381713015982,0.01880404542184828,0.0026592936063057544,0.95,-0.015878432292504137,-0.005190331133527826,0.3
random_forest,combined,statistics,1,precision,50,0.005849807816918921,0.011191464246052964,0.0015827120519581687,0.95,0.002669228869797779,0.009030386764040062,0.76
random_forest,combined,statistics,1,f1,50,-0.004675712928439955,0.013663433112833297,0.0019323012416746484,0.95,-0.00855881765438341,-0.0007926082024965007,0.36
random_forest,combined,statistics,1,predicted_proportion,50,-0.01422662088466977,0.01957220790289645,0.002767928186186203,0.95,-0.019788980825781614,-0.008664260943557926,0.2
random_forest,combined,statistics,1,prediction_excess,50,-0.01422662088466977,0.01957220790289645,0.002767928186186203,0.95,-0.019788980825781614,-0.008664260943557926,0.2
random_forest,combined,statistics,1,roc_auc,50,0.0059252098319757165,0.008056266019665238,0.001139328066709609,0.95,0.0036356443621497563,0.008214775301801676,0.8
random_forest,combined,statistics,1,pr_auc,50,0.004511877103478869,0.00640218603864138,0.0009054058324682319,0.95,0.0026923959629983254,0.006331358243959412,0.78
random_forest,combined,statistics,1,brier,50,-0.000970218790445202,0.0007230504483788773,0.00010225477503773557,0.95,-0.0011757074542392565,-0.0007647301266511476,0.04
random_forest,signature,statistics,2,recall,50,-0.01397177057139109,0.08001750204949151,0.011316183662560783,0.95,-0.0367124930384797,0.008768951895697518,0.42
random_forest,signature,statistics,2,precision,50,0.005361793970415887,0.02259557052258931,0.0031954962282603524,0.95,-0.0010597961202360008,0.011783384061067773,0.64
random_forest,signature,statistics,2,f1,50,-0.004373490563336358,0.028553063543240106,0.0040380129710150935,0.95,-0.012488181437094958,0.0037412003104222427,0.48
random_forest,signature,statistics,2,predicted_proportion,50,-0.014320339325388813,0.076904642171055,0.010875958796775585,0.95,-0.03617639680342694,0.007535718152649319,0.44
random_forest,signature,statistics,2,prediction_excess,50,-0.014320339325388813,0.07690464217105501,0.010875958796775586,0.95,-0.03617639680342695,0.007535718152649322,0.44
random_forest,signature,statistics,2,roc_auc,50,0.00298316653746151,0.020420008347611904,0.002887825274896457,0.95,-0.0028201356241263475,0.008786468699049367,0.64
random_forest,signature,statistics,2,pr_auc,50,0.0073952470509877025,0.027144054180921626,0.0038387489560449475,0.95,-0.0003190077926359426,0.015109501894611348,0.66
random_forest,signature,statistics,2,brier,50,5.8232860311071556e-05,0.0028061141182030244,0.00039684446435293353,0.95,-0.0007392559482444007,0.0008557216688665439,0.46
random_forest,combined,statistics,2,recall,50,0.023971505337016752,0.020674307750929887,0.0029237886414040246,0.95,0.018095932084651482,0.02984707858938202,0.88
random_forest,combined,statistics,2,precision,50,0.004292436433387568,0.008497874867688491,0.0012017809889234535,0.95,0.0018773671175943076,0.006707505749180829,0.78
random_forest,combined,statistics,2,f1,50,0.0108907739276431,0.010573843414407036,0.0014953672763063865,0.95,0.00788572087876439,0.013895826976521811,0.94
random_forest,combined,statistics,2,predicted_proportion,50,0.014639466774389005,0.016893589620494573,0.002389114355846877,0.95,0.009838361726209147,0.019440571822568864,0.86
random_forest,combined,statistics,2,prediction_excess,50,0.014639466774389005,0.016893589620494573,0.002389114355846877,0.95,0.009838361726209147,0.019440571822568864,0.86
random_forest,combined,statistics,2,roc_auc,50,0.009868894306030909,0.0065425341498036695,0.0009252540526941476,0.95,0.008009526673683277,0.01172826193837854,0.96
random_forest,combined,statistics,2,pr_auc,50,0.011083040722122383,0.008313215406013033,0.0011756661974112587,0.95,0.008720451044674822,0.013445630399569945,0.94
random_forest,combined,statistics,2,brier,50,-0.0011888459077231755,0.0007841895635513505,0.0001109011516245758,0.95,-0.0014117101157970382,-0.0009659816996493129,0.08
logistic,signature,statistics,0,recall,50,0.07466091452537324,0.07252997672761274,0.010257287676679489,0.95,0.05404812321020723,0.09527370584053925,0.92
logistic,signature,statistics,0,precision,50,-0.008917780225915032,0.02942746599904032,0.004161672152211594,0.95,-0.017280973528049796,-0.0005545869237802668,0.36
logistic,signature,statistics,0,f1,50,0.02559949399988624,0.03963313961763209,0.005604972356668172,0.95,0.014335880347131968,0.03686310765264052,0.72
logistic,signature,statistics,0,predicted_proportion,50,0.06977580286810746,0.04332640271418845,0.006127278632724378,0.95,0.057462575456793445,0.08208903027942147,0.94
logistic,signature,statistics,0,prediction_excess,50,0.06977580286810746,0.04332640271418845,0.006127278632724378,0.95,0.057462575456793445,0.08208903027942147,0.94
logistic,signature,statistics,0,roc_auc,50,0.002278156915734972,0.036788771939080485,0.005202718021929837,0.95,-0.008177096386901245,0.01273341021837119,0.54
logistic,signature,statistics,0,pr_auc,50,-0.0032679499454805875,0.03367344012376019,0.004762143571478001,0.95,-0.012837835742376973,0.006301935851415799,0.44
logistic,signature,statistics,0,brier,50,-0.00028041793266129713,0.005017550529847772,0.0007095888009203029,0.95,-0.0017063900155349673,0.001145554150212373,0.46
logistic,combined,statistics,0,recall,50,0.03251558461689554,0.031736536954459035,0.004488224098375088,0.95,0.02349616061011426,0.041535008623676824,0.88
logistic,combined,statistics,0,precision,50,0.02162712219968117,0.012354351048778363,0.0017471690807500631,0.95,0.018116054479927986,0.025138189919434353,0.94
logistic,combined,statistics,0,f1,50,0.02678848407898189,0.01918157116547406,0.002712683808983811,0.95,0.021337141870286597,0.03223982628767718,0.96
logistic,combined,statistics,0,predicted_proportion,50,0.0063405372651989525,0.021955771603707156,0.003105014997432874,0.95,0.00010077601544294067,0.012580298514954964,0.64
logistic,combined,statistics,0,prediction_excess,50,0.0063405372651989525,0.021955771603707156,0.003105014997432874,0.95,0.00010077601544294067,0.012580298514954964,0.64
logistic,combined,statistics,0,roc_auc,50,0.03254970088005945,0.014787749558592914,0.002091303598273885,0.95,0.028347068955648976,0.03675233280446992,1.0
logistic,combined,statistics,0,pr_auc,50,0.025870877006352665,0.015029325294957672,0.0021254675665446157,0.95,0.02159959001730326,0.03014216399540207,0.96
logistic,combined,statistics,0,brier,50,-0.004684781018874825,0.002565055049268843,0.0003627535638909585,0.95,-0.005413761598050475,-0.003955800439699175,0.02
logistic,signature,statistics,1,recall,50,-0.002040237297953179,0.05001177499183926,0.007072733047181066,0.95,-0.016253426488393875,0.01217295189248752,0.56
logistic,signature,statistics,1,precision,50,0.006384311160408598,0.032947667073230706,0.004659503762351632,0.95,-0.0029793122177237657,0.01574793453854096,0.48
logistic,signature,statistics,1,f1,50,0.0004113456563560258,0.040315818405664394,0.005701517716746143,0.95,-0.011046283161270664,0.011868974473982715,0.6
logistic,signature,statistics,1,predicted_proportion,50,-0.004714199151686526,0.045441146900704325,0.006426348623676419,0.95,-0.017628430210986226,0.008200031907613172,0.54
logistic,signature,statistics,1,prediction_excess,50,-0.004714199151686526,0.045441146900704325,0.006426348623676419,0.95,-0.017628430210986226,0.008200031907613172,0.54
logistic,signature,statistics,1,roc_auc,50,0.012138402486899427,0.025145240351260853,0.0035560739933884304,0.95,0.0049922042483867505,0.019284600725412104,0.7
logistic,signature,statistics,1,pr_auc,50,0.009255601022171243,0.02037332046974362,0.0028812226118884823,0.95,0.0034655674086633203,0.015045634635679164,0.68
logistic,signature,statistics,1,brier,50,-0.001210789016949253,0.001927836558940929,0.000272637260769294,0.95,-0.0017586741049099733,-0.0006629039289885329,0.28
logistic,combined,statistics,1,recall,50,0.023149606293867447,0.024784559462572207,0.0035050660129412044,0.95,0.01610591242975749,0.030193300157977405,0.82
logistic,combined,statistics,1,precision,50,0.012995664605799706,0.01910775091106618,0.0027022440484876656,0.95,0.00756530188127903,0.018426027330320383,0.78
logistic,combined,statistics,1,f1,50,0.02116826295592295,0.021017639093463325,0.0029723430255038795,0.95,0.01519511601561655,0.027141409896229346,0.88
logistic,combined,statistics,1,predicted_proportion,50,0.013777418703292264,0.020983828527752907,0.0029675614894459617,0.95,0.007813880619443297,0.01974095678714123,0.78
logistic,combined,statistics,1,prediction_excess,50,0.013777418703292266,0.020983828527752907,0.0029675614894459617,0.95,0.0078138806194433,0.01974095678714123,0.78
logistic,combined,statistics,1,roc_auc,50,0.01438698669741223,0.013992945893990255,0.001978901386083393,0.95,0.010410235475218315,0.018363737919606146,0.88
logistic,combined,statistics,1,pr_auc,50,0.011058125143095364,0.011777042016052069,0.0016655252543738613,0.95,0.007711126835092275,0.014405123451098453,0.8
logistic,combined,statistics,1,brier,50,2.630523430691367e-05,0.0012502235272223695,0.00017680830681958033,0.95,-0.00032900436079646376,0.0003816148294102911,0.46
logistic,signature,statistics,2,recall,50,-0.08014249118383625,0.05033684295374339,0.007118704599222847,0.95,-0.0944480636668725,-0.0658369187008,0.04
logistic,signature,statistics,2,precision,50,0.002881784502961354,0.027037564077282167,0.0038236889811624035,0.95,-0.004802206188066542,0.010565775193989251,0.54
logistic,signature,statistics,2,f1,50,-0.0318925681625935,0.029544880611761984,0.00417827708598477,0.95,-0.04028913032845301,-0.023496005996733987,0.16
logistic,signature,statistics,2,predicted_proportion,50,-0.06506160371642093,0.03631378518366891,0.005135544750784773,0.95,-0.07538186727676706,-0.054741340156074805,0.02
logistic,signature,statistics,2,prediction_excess,50,-0.06506160371642093,0.03631378518366891,0.005135544750784773,0.95,-0.07538186727676706,-0.054741340156074805,0.02
logistic,signature,statistics,2,roc_auc,50,-0.018029591809864857,0.03162985565807776,0.004473137084755694,0.95,-0.027018697327674375,-0.009040486292055339,0.3
logistic,signature,statistics,2,pr_auc,50,-0.014933561471658563,0.03475842284872509,0.004915583299936589,0.95,-0.02481179594725716,-0.005055326996059964,0.38
logistic,signature,statistics,2,brier,50,0.001964866565389477,0.0043853584206536445,0.000620183335435544,0.95,0.0007185614920179912,0.003211171638760963,0.7
logistic,combined,statistics,2,recall,50,0.0007680755160302844,0.024428033089339486,0.0034546455697042635,0.95,-0.0061742946739056365,0.007710445705966205,0.52
logistic,combined,statistics,2,precision,50,0.021385114123814608,0.011995701118718859,0.0016964483212266318,0.95,0.0179759735864081,0.024794254661221118,1.0
logistic,combined,statistics,2,f1,50,0.013417368568480605,0.013873500901514943,0.0019620093132517794,0.95,0.009474563237552885,0.017360173899408325,0.84
logistic,combined,statistics,2,predicted_proportion,50,-0.02011795596849121,0.016972277685781342,0.002400242528759422,0.95,-0.024941423917390612,-0.01529448801959181,0.08
logistic,combined,statistics,2,prediction_excess,50,-0.02011795596849121,0.016972277685781342,0.002400242528759422,0.95,-0.024941423917390612,-0.01529448801959181,0.08
logistic,combined,statistics,2,roc_auc,50,0.023597713189670463,0.01247496774282915,0.0017642268572075862,0.95,0.020052366584747756,0.02714305979459317,0.96
logistic,combined,statistics,2,pr_auc,50,0.025874375302536973,0.015822074442122473,0.002237579226092632,0.95,0.021377791498666414,0.03037095910640753,0.96
logistic,combined,statistics,2,brier,50,-0.0030932562410516105,0.0022505899981293833,0.0003182814898695812,0.95,-0.0037328668415301217,-0.0024536456405730993,0.06
