learner,representation,regime,metric,n,mean,standard_deviation,standard_error,confidence,ci_low,ci_high
random_forest,statistics,0,recall,50,0.3860099587742281,0.09420960042172488,0.013323249462215338,0.95,0.3592358865768647,0.4127840309715915
random_forest,statistics,0,precision,50,0.43833806953404375,0.08704807429747824,0.012310456724995455,0.95,0.4135992805417418,0.4630768585263457
random_forest,statistics,0,f1,50,0.4033088070502757,0.0780145800919427,0.011032927722886743,0.95,0.3811373087053258,0.42548030539522563
random_forest,statistics,0,prevalence,50,0.3538121591597658,0.07865848287065842,0.011123989327137693,0.95,0.33145766566985996,0.3761666526496717
random_forest,statistics,0,predicted_proportion,50,0.31081963239749544,0.0833961899291487,0.011794002284804461,0.95,0.28711869745930674,0.33452056733568414
random_forest,statistics,0,prediction_excess,50,-0.04299252676227026,0.08662632582835528,0.012250812484501076,0.95,-0.06761145616583736,-0.018373597358703163
random_forest,statistics,0,roc_auc,50,0.6004853384719521,0.02749079342911261,0.0038877852907848215,0.95,0.5926725414243156,0.6082981355195886
random_forest,statistics,0,pr_auc,50,0.4490936344503226,0.09039707742448905,0.012784077289260313,0.95,0.42340306930027877,0.4747841996003664
random_forest,statistics,0,brier,50,0.22227992440048627,0.024666343665109187,0.003488347774535309,0.95,0.21526982709428522,0.22929002170668733
random_forest,statistics,1,recall,50,0.2807230936450892,0.07285082135384921,0.010302661958863302,0.95,0.26001911929604404,0.3014270679941343
random_forest,statistics,1,precision,50,0.35895824413657557,0.08007053674405112,0.011323683900993035,0.95,0.3362024493760609,0.3817140388970902
random_forest,statistics,1,f1,50,0.30783787100587173,0.06103640986415451,0.008631851862845027,0.95,0.29049151525173045,0.325184226760013
random_forest,statistics,1,prevalence,50,0.3456845081801656,0.07211121896935324,0.010198066386571536,0.95,0.32519072650311137,0.36617828985721984
random_forest,statistics,1,predicted_proportion,50,0.272487982225813,0.07407936773591126,0.010476404654414958,0.95,0.2514348588581552,0.2935411055934708
random_forest,statistics,1,prediction_excess,50,-0.07319652595435265,0.09141041386269617,0.01292738470267625,0.95,-0.09917507813369418,-0.04721797377501112
random_forest,statistics,1,roc_auc,50,0.5094541468157788,0.024382157268341854,0.0034481577488802784,0.95,0.5025248143899137,0.516383479241644
random_forest,statistics,1,pr_auc,50,0.35686232635042414,0.07767851054680062,0.010985400312022693,0.95,0.33478633791343154,0.37893831478741674
random_forest,statistics,1,brier,50,0.22868222516112216,0.02396069383291704,0.0033885538182380653,0.95,0.2218726713183112,0.23549177900393312
random_forest,statistics,2,recall,50,0.518749974133169,0.07871190375932902,0.01113154418166489,0.95,0.4963802985946852,0.5411196496716528
random_forest,statistics,2,precision,50,0.3745275079255642,0.07445571407461783,0.010529628064049787,0.95,0.35336742811186866,0.39568758773925977
random_forest,statistics,2,f1,50,0.4276841421501654,0.055299097425526154,0.007820473356617019,0.95,0.4119683125500789,0.443399971750252
random_forest,statistics,2,prevalence,50,0.3005033326600687,0.06696209689452959,0.009469870559318505,0.95,0.281472915285243,0.31953375003489437
random_forest,statistics,2,predicted_proportion,50,0.4166923853766915,0.07651352414332042,0.010820646354844499,0.95,0.39494748241226324,0.4384372883411198
random_forest,statistics,2,prediction_excess,50,0.1161890527166229,0.09597069293694536,0.013572305554177194,0.95,0.08891448356419678,0.14346362186904904
random_forest,statistics,2,roc_auc,50,0.6138116896316714,0.026390627822859697,0.0037321983786628926,0.95,0.6063115561898565,0.6213118230734863
random_forest,statistics,2,pr_auc,50,0.3948012632151535,0.07782186964351819,0.011005674349909447,0.95,0.37268453257366707,0.41691799385663997
random_forest,statistics,2,brier,50,0.20387919632705864,0.021434076527593913,0.0030312361722266124,0.95,0.1977876991774616,0.20997069347665567
random_forest,signature,0,recall,50,0.4494921608120842,0.1283961044858645,0.018157951231978255,0.95,0.41300239165930036,0.48598192996486805
random_forest,signature,0,precision,50,0.4402492409310408,0.09032367483509247,0.01277369659551652,0.95,0.4145795365660887,0.46591894529599287
random_forest,signature,0,f1,50,0.43456381561456214,0.09250155559837646,0.013081695446783288,0.95,0.40827516438504013,0.46085246684408415
random_forest,signature,0,prevalence,50,0.3538121591597658,0.07865848287065842,0.011123989327137693,0.95,0.33145766566985996,0.3761666526496717
random_forest,signature,0,predicted_proportion,50,0.3606099777822662,0.10745275132503868,0.015196113823817324,0.95,0.3300722437413256,0.39114771182320685
random_forest,signature,0,prediction_excess,50,0.00679781862250051,0.10958181160630241,0.01549720841630463,0.95,-0.02434498765553611,0.03794062490053713
random_forest,signature,0,roc_auc,50,0.6192271561178979,0.03031543600713532,0.004287250075054444,0.95,0.6106116045316881,0.6278427077041078
random_forest,signature,0,pr_auc,50,0.4652702062079747,0.09676480921384677,0.013684610555066713,0.95,0.43776995170675526,0.49277046070919417
random_forest,signature,0,brier,50,0.22034594989876066,0.024193284017616966,0.0034214470376058154,0.95,0.2134702946568388,0.22722160514068251
random_forest,signature,1,recall,50,0.24520555745091968,0.10026456336398609,0.014179550533476568,0.95,0.2167106838252225,0.2737004310766169
random_forest,signature,1,precision,50,0.36390654151562246,0.08018517852845404,0.01133989669762476,0.95,0.3411181659204721,0.3866949171107728
random_forest,signature,1,f1,50,0.2796674467152712,0.07767891304505867,0.01098545723387223,0.95,0.2575913438895393,0.30174354954100313
random_forest,signature,1,prevalence,50,0.3456845081801656,0.07211121896935324,0.010198066386571536,0.95,0.32519072650311137,0.36617828985721984
random_forest,signature,1,predicted_proportion,50,0.23701797616643103,0.10706577589537104,0.015141387233723214,0.95,0.20659021932575605,0.267445733007106
random_forest,signature,1,prediction_excess,50,-0.10866653201373459,0.1180910445497707,0.016700595679709107,0.95,-0.14222763553698559,-0.07510542849048361
random_forest,signature,1,roc_auc,50,0.5166639362968037,0.029439617260598766,0.0041633906001011835,0.95,0.5082972896443437,0.5250305829492637
random_forest,signature,1,pr_auc,50,0.36415706609536846,0.0784794394900867,0.011098668769431927,0.95,0.34185345617121843,0.3864606760195185
random_forest,signature,1,brier,50,0.22658345149047546,0.02383282507627954,0.0033704704452540116,0.95,0.21981023754621704,0.23335666543473388
random_forest,signature,2,recall,50,0.5047782035617778,0.09884417503034904,0.013978677288949963,0.95,0.4766869998340831,0.5328694072894725
random_forest,signature,2,precision,50,0.37988930189598014,0.07741200049681705,0.010947710099303145,0.95,0.35788905477715083,0.40188954901480944
random_forest,signature,2,f1,50,0.4233106515868291,0.055264415043890486,0.007815568527168562,0.95,0.40760467861054456,0.4390166245631137
random_forest,signature,2,prevalence,50,0.3005033326600687,0.06696209689452959,0.009469870559318505,0.95,0.281472915285243,0.31953375003489437
random_forest,signature,2,predicted_proportion,50,0.4023720460513029,0.09904442046842962,0.014006996270383654,0.95,0.3742239331997783,0.43052015890282747
random_forest,signature,2,prediction_excess,50,0.1018687133912341,0.11703291227225975,0.016550953177945037,0.95,0.06860832773395026,0.13512909904851794
random_forest,signature,2,roc_auc,50,0.6167948561691329,0.025774410792993308,0.0036450521305626616,0.95,0.609469849669509,0.6241198626687567
random_forest,signature,2,pr_auc,50,0.40219651026614117,0.07406535204427146,0.010474422536294653,0.95,0.381147370113975,0.42324565041830736
random_forest,signature,2,brier,50,0.20393742918736965,0.02184312307492725,0.003089084089714682,0.95,0.1977296822952691,0.2101451760794702
random_forest,combined,0,recall,50,0.3951282207878407,0.09654101487295245,0.013652961255859204,0.95,0.36769156793458113,0.4225648736411003
random_forest,combined,0,precision,50,0.4497326467188917,0.08933972873015758,0.012634545602892209,0.95,0.4243425767429394,0.47512271669484396
random_forest,combined,0,f1,50,0.4134342688358824,0.08087543146395043,0.011437513203909443,0.95,0.3904497255269673,0.43641881214479755
random_forest,combined,0,prevalence,50,0.3538121591597658,0.07865848287065842,0.011123989327137693,0.95,0.33145766566985996,0.3761666526496717
random_forest,combined,0,predicted_proportion,50,0.3104067865077762,0.08245978970746758,0.0116615752954734,0.95,0.28697197356807475,0.33384159944747765
random_forest,combined,0,prediction_excess,50,-0.04340537265198949,0.08479331365033506,0.011991585416285953,0.95,-0.06750336575847786,-0.019307379545501116
random_forest,combined,0,roc_auc,50,0.6138494542496815,0.027614083803419818,0.0039052211827303525,0.95,0.606001618465354,0.621697290034009
random_forest,combined,0,pr_auc,50,0.4623237575894917,0.09319829522764077,0.013180229310098128,0.95,0.4358370951482335,0.48881042003074987
random_forest,combined,0,brier,50,0.22040197248699414,0.024226246556221503,0.0034261086445202937,0.95,0.21351694939525173,0.22728699557873655
random_forest,combined,1,recall,50,0.27018871193207317,0.07298168431647399,0.010321168776518931,0.95,0.24944754674054923,0.2909298771235971
random_forest,combined,1,precision,50,0.36480805195349447,0.08059332016436953,0.011397616641312842,0.95,0.3419036837888201,0.38771242011816887
random_forest,combined,1,f1,50,0.3031621580774318,0.062421970330892175,0.008827799703199867,0.95,0.2854220303955445,0.3209022857593191
random_forest,combined,1,prevalence,50,0.3456845081801656,0.07211121896935324,0.010198066386571536,0.95,0.32519072650311137,0.36617828985721984
random_forest,combined,1,predicted_proportion,50,0.2582613613411432,0.07425153283772541,0.01050075247661025,0.95,0.23715930919292372,0.27936341348936267
random_forest,combined,1,prediction_excess,50,-0.08742314683902244,0.08932545874405819,0.012632527522104546,0.95,-0.11280916132979732,-0.06203713234824756
random_forest,combined,1,roc_auc,50,0.5153793566477547,0.027095400231532746,0.0038318682485360706,0.95,0.5076789291035548,0.5230797841919546
random_forest,combined,1,pr_auc,50,0.361374203453903,0.07861517927301234,0.011117865273628628,0.95,0.33903201671027977,0.3837163901975262
random_forest,combined,1,brier,50,0.2277120063706769,0.023891450462004225,0.003378761326813132,0.95,0.2209221312761433,0.2345018814652105
random_forest,combined,2,recall,50,0.5427214794701858,0.0780204371917361,0.011033756041883142,0.95,0.5205483165558923,0.5648946423844793
random_forest,combined,2,precision,50,0.3788199443589519,0.07558471462229281,0.010689292852694649,0.95,0.35733900613975417,0.4003008825781496
random_forest,combined,2,f1,50,0.4385749160778086,0.0546483574789999,0.007728444830821481,0.95,0.4230440247242703,0.4541058074313469
random_forest,combined,2,prevalence,50,0.3005033326600687,0.06696209689452959,0.009469870559318505,0.95,0.281472915285243,0.31953375003489437
random_forest,combined,2,predicted_proportion,50,0.43133185215108055,0.07819507670241707,0.011058453798336264,0.95,0.4091090572370062,0.4535546470651549
random_forest,combined,2,prediction_excess,50,0.13082851949101193,0.09919751534086105,0.014028647154875885,0.95,0.1026368975581498,0.15902014142387405
random_forest,combined,2,roc_auc,50,0.6236805839377023,0.026231217355357352,0.003709654334150288,0.95,0.6162257544494847,0.6311354134259199
random_forest,combined,2,pr_auc,50,0.40588430393727587,0.07685321309381916,0.010868685626922859,0.95,0.38404286244126923,0.4277257454332825
random_forest,combined,2,brier,50,0.20269035041933545,0.02134794848562227,0.003019055827720919,0.95,0.19662333058843676,0.20875737025023414
logistic,statistics,0,recall,50,0.47200527389041214,0.06800290297086435,0.0096170627662138,0.95,0.45267906270151126,0.491331485079313
logistic,statistics,0,precision,50,0.42881603922820927,0.0930386469049363,0.013157651627780249,0.95,0.4023747483382489,0.45525733011816966
logistic,statistics,0,f1,50,0.44460587181398753,0.06954924874049297,0.009835749082166504,0.95,0.42484019401984907,0.464371549608126
logistic,statistics,0,prevalence,50,0.3538121591597658,0.07865848287065842,0.011123989327137693,0.95,0.33145766566985996,0.3761666526496717
logistic,statistics,0,predicted_proportion,50,0.38767844879822255,0.04247007735280777,0.006006175938737518,0.95,0.37560858636189415,0.39974831123455096
logistic,statistics,0,prediction_excess,50,0.03386628963845688,0.07295195203512828,0.010316963996966992,0.95,0.013133574267798112,0.054599005009115645
logistic,statistics,0,roc_auc,50,0.6030192213396508,0.036319692687582124,0.0051363801980001565,0.95,0.5926972788852687,0.6133411637940329
logistic,statistics,0,pr_auc,50,0.4404954874748356,0.09418513587498643,0.013319789652835855,0.95,0.4137283680247264,0.46726260692494476
logistic,statistics,0,brier,50,0.22229926430849567,0.024153689633463635,0.0034158475460994704,0.95,0.2154348616660455,0.22916366695094584
logistic,statistics,1,recall,50,0.2373229136800873,0.049578790431014014,0.0070114997833593444,0.95,0.22323277734031133,0.25141305001986325
logistic,statistics,1,precision,50,0.35892655979396665,0.07813984982433285,0.011050643538336843,0.95,0.33671946018498267,0.38113365940295063
logistic,statistics,1,f1,50,0.28109168742513957,0.04905352564547234,0.0069372161250043415,0.95,0.2671508296857172,0.29503254516456195
logistic,statistics,1,prevalence,50,0.3456845081801656,0.07211121896935324,0.010198066386571536,0.95,0.32519072650311137,0.36617828985721984
logistic,statistics,1,predicted_proportion,50,0.2285089880832155,0.04571983616102079,0.006465761236839145,0.95,0.21551555441247341,0.24150242175395756
logistic,statistics,1,prediction_excess,50,-0.11717552009695012,0.07852115779252798,0.01110456862834309,0.95,-0.1394909862314706,-0.09486005396242964
logistic,statistics,1,roc_auc,50,0.5093804553106206,0.03057463629936592,0.004323906531918802,0.95,0.5006912398164152,0.518069670804826
logistic,statistics,1,pr_auc,50,0.3553735555415617,0.07859991371270134,0.011115706397385723,0.95,0.3330357072221763,0.3777114038609471
logistic,statistics,1,brier,50,0.228481623190765,0.024078631248280382,0.003405232687469872,0.95,0.2216385519053625,0.23532469447616752
logistic,statistics,2,recall,50,0.48401099664204317,0.04262391882498588,0.006027932408378491,0.95,0.4718974129430769,0.4961245803410094
logistic,statistics,2,precision,50,0.3774544419127914,0.07409711185941635,0.01047891405242629,0.95,0.35639627572102994,0.3985126081045529
logistic,statistics,2,f1,50,0.4192544534012416,0.04932767413354435,0.006975986575997893,0.95,0.40523568352357026,0.433273223278913
logistic,statistics,2,prevalence,50,0.3005033326600687,0.06696209689452959,0.009469870559318505,0.95,0.281472915285243,0.31953375003489437
logistic,statistics,2,predicted_proportion,50,0.383812563118562,0.036830197730029005,0.0052085765134689795,0.95,0.3733455367364018,0.39427958950072217
logistic,statistics,2,prediction_excess,50,0.08330923045849323,0.06892878811876604,0.00974800269955004,0.95,0.06371988562200849,0.10289857529497796
logistic,statistics,2,roc_auc,50,0.6096887673329008,0.030249640106960195,0.0042779451296168225,0.95,0.6010919147346252,0.6182856199311764
logistic,statistics,2,pr_auc,50,0.39690166837867674,0.07692041517696831,0.010878189436663783,0.95,0.37504112826195635,0.41876220849539714
logistic,statistics,2,brier,50,0.20455167375768013,0.0220337095536241,0.0031160370880124835,0.95,0.19828976278763394,0.21081358472772632
logistic,signature,0,recall,50,0.5466661884157853,0.06858263384068568,0.009699049092076566,0.95,0.5271752195366474,0.5661571572949232
logistic,signature,0,precision,50,0.4198982590022943,0.08507936030763369,0.012032038522508275,0.95,0.39571897233527664,0.444077545669312
logistic,signature,0,f1,50,0.47020536581387373,0.06899696869495436,0.009757644889103632,0.95,0.4505966442720304,0.4898140873557171
logistic,signature,0,prevalence,50,0.3538121591597658,0.07865848287065842,0.011123989327137693,0.95,0.33145766566985996,0.3761666526496717
logistic,signature,0,predicted_proportion,50,0.45745425166633,0.04715917624759198,0.00666931466396877,0.95,0.4440517620689955,0.47085674126366456
logistic,signature,0,prediction_excess,50,0.10364209250656435,0.07241368139633816,0.010240841033206572,0.95,0.08306235195885542,0.12422183305427328
logistic,signature,0,roc_auc,50,0.6052973782553857,0.032063393831657794,0.004534448641244029,0.95,0.5961850625519073,0.614409693958864
logistic,signature,0,pr_auc,50,0.4372275375293549,0.08872161320983568,0.012547130867696956,0.95,0.4120131340406112,0.4624419410180986
logistic,signature,0,brier,50,0.22201884637583436,0.024418736492036085,0.0034533308323052244,0.95,0.21507911824961887,0.22895857450204984
logistic,signature,1,recall,50,0.23528267638213404,0.049663776615343574,0.007023518644808665,0.95,0.22116838723601104,0.24939696552825705
logistic,signature,1,precision,50,0.36531087095437537,0.08199096932697839,0.011595274081432927,0.95,0.34200929529260127,0.38861244661614947
logistic,signature,1,f1,50,0.28150303308149566,0.04894253914661606,0.006921520263812055,0.95,0.2675937173560507,0.2954123488069406
logistic,signature,1,prevalence,50,0.3456845081801656,0.07211121896935324,0.010198066386571536,0.95,0.32519072650311137,0.36617828985721984
logistic,signature,1,predicted_proportion,50,0.22379478893152904,0.05064947308261355,0.007162917176048309,0.95,0.20940036794893466,0.23818920991412343
logistic,signature,1,prediction_excess,50,-0.12188971924863665,0.07909689809234595,0.011185990602383823,0.95,-0.14436880896594756,-0.09941062953132573
logistic,signature,1,roc_auc,50,0.5215188577975199,0.02950714820003046,0.004172940917143594,0.95,0.5131330190644248,0.5299046965306151
logistic,signature,1,pr_auc,50,0.36462915656373296,0.07921184182975466,0.011202246101619148,0.95,0.34211740019769155,0.3871409129297744
logistic,signature,1,brier,50,0.22727083417381577,0.02395652519557025,0.003387964283890821,0.95,0.2204624650446305,0.23407920330300105
logistic,signature,2,recall,50,0.403868505458207,0.04037943218500492,0.005710514063695862,0.95,0.3923927978045256,0.41534421311188846
logistic,signature,2,precision,50,0.3803362264157527,0.077640524859118,0.01098002832455301,0.95,0.3582710333917533,0.4024014194397521
logistic,signature,2,f1,50,0.3873618852386481,0.04850399725953901,0.0068595010753747495,0.95,0.3735772017385136,0.4011465687387826
logistic,signature,2,prevalence,50,0.3005033326600687,0.06696209689452959,0.009469870559318505,0.95,0.281472915285243,0.31953375003489437
logistic,signature,2,predicted_proportion,50,0.31875095940214093,0.037199394216947734,0.005260788781367077,0.95,0.30817900853933833,0.32932291026494354
logistic,signature,2,prediction_excess,50,0.018247626742072306,0.06487712554437938,0.009175011083264328,0.95,-0.00019024833124200308,0.036685501815386615
logistic,signature,2,roc_auc,50,0.5916591755230359,0.02595230853503224,0.0036702106705133624,0.95,0.5842836110445248,0.5990347400015471
logistic,signature,2,pr_auc,50,0.3819681069070181,0.07902570849491199,0.011175922872964724,0.95,0.3595092490494419,0.4044269647645943
logistic,signature,2,brier,50,0.20651654032306963,0.02143051073087144,0.003030731892418054,0.95,0.20042605656168846,0.21260702408445079
logistic,combined,0,recall,50,0.5045208585073077,0.05980821407426245,0.008458158748513538,0.95,0.4875235521345868,0.5215181648800284
logistic,combined,0,precision,50,0.4504431614278905,0.09102280749829911,0.012872568884937005,0.95,0.42457476575848074,0.4763115570973002
logistic,combined,0,f1,50,0.47139435589296946,0.06618791287984083,0.009360384405983975,0.95,0.4525839591806934,0.49020475260524554
logistic,combined,0,prevalence,50,0.3538121591597658,0.07865848287065842,0.011123989327137693,0.95,0.33145766566985996,0.3761666526496717
logistic,combined,0,predicted_proportion,50,0.39401898606342156,0.03943473774748946,0.005576914095112582,0.95,0.3828117575982863,0.40522621452855684
logistic,combined,0,prediction_excess,50,0.04020682690365583,0.0691345519695768,0.009777102102396308,0.95,0.020559004627795988,0.059854649179515676
logistic,combined,0,roc_auc,50,0.6355689222197102,0.032854226668300304,0.004646289293559011,0.95,0.6262318543108353,0.6449059901285851
logistic,combined,0,pr_auc,50,0.46636636448118823,0.09337827328808494,0.013205682051499102,0.95,0.43982855284109357,0.4929041761212829
logistic,combined,0,brier,50,0.21761448328962085,0.02357080602864226,0.003333415356177139,0.95,0.21091573433478092,0.2243132322444608
logistic,combined,1,recall,50,0.26047251997395465,0.043540111517537505,0.006157501621533854,0.95,0.24809855719273707,0.2728464827551722
logistic,combined,1,precision,50,0.37192222439976647,0.07984813636025859,0.011292231737089395,0.95,0.34922963512898675,0.3946148136705462
logistic,combined,1,f1,50,0.30225995038106257,0.04547225170161564,0.006430747506806788,0.95,0.28933687943515307,0.31518302132697207
logistic,combined,1,prevalence,50,0.3456845081801656,0.07211121896935324,0.010198066386571536,0.95,0.32519072650311137,0.36617828985721984
logistic,combined,1,predicted_proportion,50,0.2422864067865078,0.03995009825531469,0.005649797077080376,0.95,0.23093271448560193,0.2536400990874137
logistic,combined,1,prediction_excess,50,-0.10339810139365786,0.07453244900599346,0.010540480022115705,0.95,-0.12457998903355703,-0.08221621375375869
logistic,combined,1,roc_auc,50,0.5237674420080328,0.0253358932209153,0.0035830363807854977,0.95,0.5165670608234731,0.5309678231925925
logistic,combined,1,pr_auc,50,0.36643168068465715,0.07881684538616172,0.01114638516885732,0.95,0.34403218106581684,0.38883118030349745
logistic,combined,1,brier,50,0.2285079284250719,0.023883129202582225,0.0033775845230200703,0.95,0.22172041820629979,0.235295438643844
logistic,combined,2,recall,50,0.4847790721580736,0.04235353777254187,0.005989694753240987,0.95,0.47274232990399756,0.4968158144121496
logistic,combined,2,precision,50,0.398839556036606,0.07775987702780367,0.010996907270118402,0.95,0.37674044350156954,0.4209386685716424
logistic,combined,2,f1,50,0.4326718219697222,0.04991263516955349,0.007058712559056287,0.95,0.4184868080050295,0.4468568359344149
logistic,combined,2,prevalence,50,0.3005033326600687,0.06696209689452959,0.009469870559318505,0.95,0.281472915285243,0.31953375003489437
logistic,combined,2,predicted_proportion,50,0.3636946071500706,0.03427782824458281,0.004847616959218455,0.95,0.3539529561497375,0.37343625815040377
logistic,combined,2,prediction_excess,50,0.06319127449000202,0.0673069216627588,0.009518636145705696,0.95,0.044062859000348543,0.0823196899796555
logistic,combined,2,roc_auc,50,0.6332864805225713,0.02707725237137983,0.0038293017535404403,0.95,0.6255912105431609,0.6409817505019817
logistic,combined,2,pr_auc,50,0.4227760436812135,0.07715800603332822,0.010911789857799786,0.95,0.40084798099022106,0.444704106372206
logistic,combined,2,brier,50,0.20145841751662857,0.02128968690530023,0.003010816396015247,0.95,0.19540795544365364,0.2075088795896035
