detector,learner,target,n,feasible_share,false_alarms_per_1000,false_alarms_per_1000_ci_low,false_alarms_per_1000_ci_high,detection_probability,detection_probability_ci_low,detection_probability_ci_high,chance_detection_probability,chance_detection_probability_ci_low,chance_detection_probability_ci_high,mean_delay,mean_delay_ci_low,mean_delay_ci_high,median_delay,median_delay_ci_low,median_delay_ci_high,state_detection_probability,state_detection_probability_ci_low,state_detection_probability_ci_high,detector_balanced_accuracy,detector_balanced_accuracy_ci_low,detector_balanced_accuracy_ci_high,validation_false_alarms_per_1000
b3,gbm,0.5,50,1.0,0.5001009896990507,0.4490275733341429,0.5511744060639585,0.04512862927552857,0.035026737113548714,0.05523052143750842,0.057154372613836026,0.05140668930849273,0.06290205591917933,55.933673469387756,48.0266115578223,63.84073538095321,58.773809523809526,50.68244772367449,66.86517132394457,0.028143859230332458,0.02035718877710584,0.03593052968355907,0.5089875620468047,0.4926473216250691,0.5253278024685404,0.4277923651787517
b3,gbm,1.0,50,1.0,0.9525348414461723,0.8961451002291192,1.0089245826632254,0.16564722762406311,0.14692242716413814,0.1843720280839881,0.11926318876506059,0.11233365533850517,0.126192722191616,61.8421436896437,59.33242642108099,64.35186095820642,65.32,62.55255759676532,68.08744240323466,0.11013735619948024,0.09395038896090477,0.12632432343805572,0.6156258590549796,0.6012721053588477,0.6299796127511115,0.9274893960815995
b3,gbm,2.0,50,1.0,1.9381943041809737,1.8407665041201564,2.0356221042417912,0.43256117247074644,0.4084139008567253,0.4567084440847676,0.2414169574741427,0.2314383364996074,0.25139557844867805,59.73908893662212,58.12666735097018,61.351510522274054,62.28,60.28232056691512,64.27767943308488,0.24588287414782556,0.2253235194453517,0.2664422288502994,0.7003789897063746,0.6909312524057627,0.7098267270069865,1.912744900020198
b3,gbm,5.0,50,1.0,4.580084831347202,4.369009235238506,4.791160427455898,0.7578593667982169,0.7403775098990824,0.7753412236973514,0.45266595559857903,0.44031604764302323,0.4650158635541348,51.29225011875468,49.9406902990321,52.64380993847726,50.67,48.66831244604939,52.67168755395061,0.40240510927789713,0.38095445033224473,0.42385576822354953,0.731570746246837,0.7238252593102972,0.7393162331833769,4.671783478085235
b3,logistic,0.5,50,1.0,0.524338517471218,0.48514910561066354,0.5635279293317723,0.04511195172788561,0.03378081995783806,0.05644308349793316,0.05960077389226259,0.05482464291877898,0.0643769048657462,58.70883928571429,51.620892027354415,65.79678654407417,60.0375,52.608801486514906,67.4661985134851,0.033390764087982715,0.024051433037850487,0.042730095138114946,0.511889206816717,0.49268163567441875,0.5310967779590153,0.4326398707331853
b3,logistic,1.0,50,1.0,0.9468794182993335,0.8859911914927079,1.0077676451059592,0.17322266367099315,0.1579580763046816,0.1884872510373047,0.11986401733830107,0.11317152226500175,0.1265565124116004,63.27752092352092,60.33492296830705,66.2201188787348,68.44,64.69650565615389,72.1834943438461,0.12739352839585952,0.1134109440334944,0.14137611275822465,0.609685430511966,0.5983496868888648,0.6210211741350672,0.8959806099777821
b3,logistic,2.0,50,1.0,2.0060593819430417,1.9056641948608088,2.1064545690252743,0.4243985010400456,0.3988577199984998,0.44993928208159145,0.24542411454193164,0.23711687057274403,0.2537313585111192,58.79918080585303,56.84244974908894,60.75591186261711,61.17,58.697822376177676,63.64217762382233,0.2537924897906425,0.23243348650763923,0.2751514930736458,0.6880979577315317,0.6771271631878295,0.6990687522752339,1.9103211472429809
b3,logistic,5.0,50,1.0,4.714199151686528,4.5052450005141695,4.9231533028588865,0.7432710381635873,0.7243723263914534,0.7621697499357212,0.45848106721305165,0.44600752343726047,0.47095461098884284,50.62185891770119,49.30851404363613,51.93520379176625,50.11,48.35943653701494,51.860563462985056,0.3883468845740303,0.3644588662361707,0.41223490291188997,0.7242291519313957,0.7163026379917095,0.7321556658710819,4.721066451221975
b3,random_forest,0.5,50,1.0,0.461320945263583,0.39551039658065495,0.5271314939465112,0.052374359316068736,0.03985911918911699,0.06488959944302047,0.05460440893990569,0.046947349875181704,0.06226146800462967,62.67095616024188,55.79679039002977,69.54512193045399,65.46428571428571,58.20623415466064,72.72233727391077,0.0393170082121193,0.028454411109992167,0.05017960531424644,0.5008780532973293,0.4797956068017696,0.5219604997928889,0.37366188648757825
b3,random_forest,1.0,50,1.0,0.828115532215714,0.7623393245927313,0.8938917398386966,0.17128890284748477,0.15394490895534343,0.1886328967396261,0.108872492235061,0.10131398058620444,0.11643100388391756,64.1218023088023,61.438269849428806,66.8053347681758,68.8,65.70297003794309,71.8970299620569,0.13877756647499606,0.1237955901931693,0.15375954275682283,0.5849889731123605,0.5745892386838807,0.5953887075408404,0.7852958998182185
b3,random_forest,2.0,50,1.0,1.8606342153100384,1.766665815137511,1.9546026154825658,0.43248172904073906,0.40168216170882626,0.46328129637265186,0.23553541531846464,0.2249055744279515,0.24616525620897778,61.81210648275553,60.16979576052305,63.45441720498801,65.36,63.30901131168486,67.41098868831514,0.2559965731251765,0.2349599755142795,0.2770331707360735,0.697341301064692,0.6853982794981937,0.7092843226311905,1.8452837810543323
b3,random_forest,5.0,50,1.0,4.70288830539285,4.4815466723882045,4.924229938397496,0.7628247989657604,0.7424915012980782,0.7831580966334426,0.45972315493146987,0.44702302673779853,0.4724232831251412,50.01582846054156,48.97599518418173,51.0556617369014,49.6,48.028110384790196,51.17188961520981,0.3878381613829663,0.3620117638140853,0.4136645589518473,0.7349774486470544,0.7265904740655382,0.7433644232285705,4.7049080993738635
b3,selected,0.5,50,1.0,0.4637446980407997,0.39667308296855475,0.5308163131130447,0.05123294517465459,0.03977343734548848,0.0626924530038207,0.05466838935436403,0.046884156766896584,0.062452621941831474,63.250056689342394,56.48624333489485,70.01387004378994,65.82142857142857,58.71228754462648,72.93056959823066,0.03785596925108034,0.028253735861375355,0.047458202640785326,0.5012244871103864,0.48010504489221595,0.5223439293285568,0.3748737628761867
b3,selected,1.0,50,1.0,0.8499293072106646,0.7832308870604737,0.9166277273608555,0.17296206302064498,0.1555811657588147,0.19034296028247527,0.11111903961132978,0.10351927777938572,0.11871880144327385,64.58757431457433,62.12821005773259,67.04693857141606,69.25,66.40263537758163,72.09736462241837,0.13767655637398596,0.12205360581452719,0.1532995069334447,0.5873568945824073,0.5760461112391718,0.5986676779256427,0.7966067461118965
b3,selected,2.0,50,1.0,1.8565946273480105,1.7610775340207028,1.9521117206753182,0.4256195356785457,0.39329137054128543,0.457947700815806,0.23395612069819344,0.22320842856299,0.24470381283339687,61.47784608123756,59.67782608359016,63.277866078884955,64.92,62.71182480720277,67.12817519279723,0.251997294625898,0.22864569167174295,0.275348897580053,0.696045405114735,0.6836974083968743,0.7083934018325957,1.8432639870733183
b3,selected,5.0,50,1.0,4.6810745303979,4.464393093183556,4.897755967612243,0.763453947594909,0.7431415797537362,0.7837663154360819,0.4586170450964785,0.44605457528766107,0.4711795149052959,49.99612969032201,48.96255784559968,51.02970153504433,49.46,47.95758620873918,50.96241379126082,0.38835186989667475,0.36326044001706054,0.41344329977628896,0.7353056811038344,0.7269584169616669,0.743652945246002,4.700060593819431
b3_logsig,gbm,0.5,50,1.0,0.4702080387800444,0.42218159532549326,0.5182344822345956,0.050671088122088453,0.038629702747889585,0.06271247349628732,0.0552267974357284,0.049439315331925235,0.06101427953953156,57.4968931475029,51.115732824030516,63.87805347097529,60.25609756097561,53.55730486970166,66.95489025224956,0.03520023469366091,0.025528396096175843,0.04487207329114598,0.504945965427105,0.48414156201983183,0.5257503688343782,0.4164815188850738
b3_logsig,gbm,1.0,50,1.0,0.9864673803272068,0.9326650909460781,1.0402696697083356,0.18053441282134558,0.1632594098750273,0.19780941576766387,0.12485574832755784,0.11877494581152181,0.13093655084359387,60.26426065601066,57.5787439739344,62.949777338086925,63.72,59.81862187348405,67.62137812651595,0.1291920206038129,0.11418102162415701,0.14420301958346882,0.6242028733498107,0.6106076852676882,0.6377980614319333,0.9404160775600888
b3_logsig,gbm,2.0,50,1.0,1.9511209856594627,1.8576450688873223,2.044596902431603,0.44866707964912733,0.4210477660418968,0.47628639325635785,0.24466485000479754,0.23463400657349842,0.25469569343609666,60.181139725181936,58.61907347818266,61.74320597218121,63.15,60.74857003246243,65.55142996753756,0.2738587716638985,0.24917085777250308,0.2985466855552939,0.709931240747383,0.7004977583141468,0.7193647231806192,1.8929509190062612
b3_logsig,gbm,5.0,50,1.0,4.624520298929509,4.397063709676936,4.851976888182082,0.7683732446612019,0.7504734043982391,0.7862730849241648,0.45579677036561445,0.44232229613750706,0.4692712445937218,50.150828666390055,48.8823894775989,51.41926785518121,49.88,47.88182555676461,51.878174443235395,0.41373453672495236,0.3921529515865507,0.435316121863354,0.7359194297039082,0.7281924338219541,0.7436464255858624,4.717026863259948
b3_logsig,logistic,0.5,50,1.0,0.5291860230256514,0.4876793556496405,0.5706926904016624,0.04743867377869676,0.034571335396804626,0.060306012160588895,0.06037628087617864,0.05573332405785211,0.06501923769450517,58.647916666666674,50.720283986137495,66.57554934719586,58.975,50.780528993581726,67.16947100641828,0.03589623972562288,0.024578848749289513,0.04721363070195624,0.5116263581354213,0.4950551306630432,0.5281975856077995,0.4269844475863461
b3_logsig,logistic,1.0,50,1.0,0.9565744294082005,0.8886579499856804,1.0244909088307206,0.18452160686544913,0.16728949883802816,0.2017537148928701,0.12258567544684337,0.11515979231484642,0.1300115585788403,62.972786997316405,60.322370217410125,65.62320377722268,67.5,63.99207194086515,71.00792805913485,0.13651516469003627,0.12285235682923802,0.15017797255083454,0.613092333478104,0.5995356414995551,0.6266490254566529,0.9068874974752574
b3_logsig,logistic,2.0,50,1.0,1.941425974550596,1.8508091380046539,2.032042811096538,0.42465167367416184,0.398365320399845,0.4509380269484787,0.24053121835886745,0.23163460063454624,0.24942783608318866,59.24227655789164,57.618136560154575,60.86641655562871,60.0,57.78388178573079,62.21611821426921,0.2647681658863304,0.2431136547769568,0.286422676995704,0.6920224751004354,0.6810138829233674,0.7030310672775033,1.8949707129872755
b3_logsig,logistic,5.0,50,1.0,4.740860432235912,4.545690355584165,4.936030508887658,0.7538159812896827,0.7341081236366201,0.7735238389427453,0.4613497208215835,0.4502995215290485,0.47239992011411847,49.558424218069376,48.32482309805829,50.792025338080464,48.25,46.57425384873091,49.92574615126909,0.409704389514566,0.38633565952302906,0.43307311950610294,0.7290754241583537,0.7208191744324501,0.7373316738842572,4.70854372853969
b3_logsig,random_forest,0.5,50,1.0,0.4790951322965057,0.4268697583748519,0.5313205062181594,0.04902204417844483,0.03579538614878284,0.06224870220810682,0.05580235042943821,0.04948375446332575,0.062120946395550665,65.25555555555555,58.031108067580014,72.48000304353107,68.79166666666667,60.702170956909185,76.88116237642416,0.03905489822365816,0.027240536561797438,0.05086925988551888,0.5045297329863673,0.48589702137177176,0.5231624446009627,0.40395879620278735
b3_logsig,random_forest,1.0,50,1.0,0.8475055544334478,0.7827913204797471,0.9122197883871485,0.17760228783458754,0.16168615478096407,0.193518420888211,0.1115864508569475,0.10429746994672147,0.11887543176717354,65.35242846042847,62.72342129242267,67.98143562843427,69.3,66.3238839982357,72.2761160017643,0.14121403248459166,0.12684035007818056,0.15558771489100276,0.5923590727865625,0.5823140553364393,0.6024040902366857,0.8256917794384973
b3_logsig,random_forest,2.0,50,1.0,1.8493233690163604,1.7462921702136633,1.9523545678190575,0.44924659851360965,0.41975131090858175,0.47874188611863755,0.23690957400300064,0.22589925638494066,0.24791989162106062,60.770271765603354,59.09884577934175,62.44169775186496,63.92,61.50537435562913,66.33462564437087,0.26974026412794666,0.24843460736175021,0.2910459208941431,0.7017039847146356,0.6890873170556879,0.7143206523735832,1.8553827509594023
b3_logsig,random_forest,5.0,50,1.0,4.609977782266209,4.400877063813774,4.819078500718644,0.7650391603163677,0.744411703726049,0.7856666169066863,0.45512702711621195,0.44314422975237244,0.46710982448005145,50.07635512075442,48.964474497497314,51.18823574401153,49.83,48.43163865968692,51.22836134031308,0.3863644993399616,0.3616380032330757,0.41109099544684746,0.7372130148742135,0.7290851543198366,0.7453408754285905,4.703292264189052
b3_logsig,selected,0.5,50,1.0,0.4895980609977782,0.4377018000818712,0.5414943219136852,0.052427527583928234,0.03868570752087255,0.06616934764698391,0.057429225546047055,0.051249130021809586,0.06360932107028452,64.24920634920635,57.07909070193636,71.41932199647633,67.90277777777777,59.762550514734414,76.04300504082113,0.04140879432755426,0.029017840683151545,0.053799747971956975,0.5087594523508282,0.4907557051698851,0.5267631995317713,0.4104221369420319
b3_logsig,selected,1.0,50,1.0,0.8838618460916987,0.8142168560423215,0.9535068361410759,0.18347821746051715,0.16718440834677148,0.19977202657426282,0.1158197533756702,0.10824539854482867,0.12339410820651173,64.64294911297853,62.163987388258946,67.12191083769811,69.63,66.68522947094716,72.57477052905283,0.1426227903933496,0.12873791524289377,0.15650766554380544,0.5986797442896,0.5886120288705871,0.608747459708613,0.8479095132296505
b3_logsig,selected,2.0,50,1.0,1.8525550393859824,1.7516414277486079,1.953468651023357,0.4447142697312808,0.4154625575396362,0.47396598192292544,0.23637033613753813,0.2262266170820853,0.24651405519299097,60.60336567254512,58.82950463304881,62.37722671204142,63.55,61.0614346462411,66.0385653537589,0.2678605604982431,0.24391761721762567,0.2918035037788605,0.7015156106951429,0.6897450341670782,0.7132861872232076,1.870733185215108
b3_logsig,selected,5.0,50,1.0,4.656029085033326,4.4403284251379675,4.871729744928685,0.7696503269275342,0.7493924924111804,0.789908161443888,0.4579960792113258,0.4455641380022722,0.4704280204203794,49.994328693091376,48.877838287692995,51.110819098489756,49.64,48.23182168537325,51.04817831462675,0.38983064430610653,0.3655611801628899,0.41410010844932316,0.7376611776197981,0.7296085620840381,0.7457137931555581,4.70733185215108
b3_rawsig,gbm,0.5,50,1.0,0.4790951322965058,0.42770041706334283,0.5304898475296688,0.04420260327143045,0.03226483710282372,0.056140369440037176,0.05489777300981261,0.04884779568713511,0.060947750332490114,55.024145299145296,46.90463556619,63.14365503210059,57.43589743589744,48.821547680065045,66.05024719172982,0.02924199175737715,0.019129419837835036,0.039354563676919266,0.5082616049795441,0.49074651897256405,0.5257766909865241,0.41809735406988485
b3_rawsig,gbm,1.0,50,1.0,1.0058574025449405,0.9399994599322112,1.0717153451576698,0.18234971552293858,0.16318686809563482,0.20151256295024234,0.12651524860407087,0.11913069701506053,0.13389980019308123,62.19901154401155,59.656750353068134,64.74127273495496,66.19,62.46335818822549,69.9166418117745,0.12808814333358187,0.10970665584069321,0.14646963082647052,0.6223764199474,0.6068952154201696,0.6378576244746305,0.9161785497879217
b3_rawsig,gbm,2.0,50,1.0,1.9664714199151687,1.8840943017757528,2.048848538054585,0.4532679301414662,0.4300112579012187,0.47652460238171374,0.24662595669110235,0.23812817464325717,0.2551237387389475,59.77234712443328,58.05637352327443,61.48832072559213,62.71,60.36151864267505,65.05848135732495,0.26084541554651214,0.2384328366007931,0.2832579944922312,0.7120050309419282,0.702539511878857,0.7214705500049995,1.8977984245606947
b3_rawsig,gbm,5.0,50,1.0,4.733589173904262,4.519416759571257,4.947761588237267,0.7681963375363935,0.7497138405270367,0.7866788345457503,0.4619453874694881,0.4496130803099058,0.4742776946290704,50.47094114522129,49.05283486292117,51.889047427521405,49.67,47.77121452355502,51.56878547644499,0.41432923980519903,0.39148847826693667,0.4371700013434614,0.7365668387479681,0.7289242315878465,0.7442094459080898,4.718238739648556
b3_rawsig,logistic,0.5,50,1.0,0.5065643304382952,0.46644429134077936,0.546684369535811,0.052821980963630395,0.04055658932898075,0.06508737259828004,0.059117803143968854,0.05398430344142832,0.06425130284650939,57.905208333333334,51.0370965993867,64.77332006727997,59.225,51.62238633598829,66.82761366401172,0.03799082656013498,0.02750887673062742,0.048472776389642536,0.5096613527392867,0.49004117740579706,0.5292815280727763,0.42900424156736006
b3_rawsig,logistic,1.0,50,1.0,1.0098969905069684,0.9442128563203026,1.075581124693634,0.1756816856653099,0.1589760743608663,0.19238729696975349,0.12606369909537643,0.11913765654906656,0.13298974164168628,62.43566072816073,59.91141183867307,64.95990961764839,66.39,62.83026319831171,69.94973680168829,0.1282850956571549,0.11520105133892145,0.14136913997538836,0.614485153350346,0.6013751542721105,0.6275951524285815,0.9101191678448798
b3_rawsig,logistic,2.0,50,1.0,1.9284992930721068,1.8347200035223943,2.0222785826218193,0.4314310450075854,0.40455408336989407,0.4583080066452767,0.24042102436963422,0.23114956241128004,0.2496924863279884,59.36703067047117,57.744364607616724,60.98969673332562,61.41,59.026406977498624,63.79359302250137,0.26730135901803564,0.24535479178109604,0.28924792625497525,0.6968592319569455,0.6840918253633564,0.7096266385505346,1.9014340537265202
b3_rawsig,logistic,5.0,50,1.0,4.673803272066249,4.4718000740335295,4.8758064700989685,0.7607363600077395,0.7435744489322353,0.7778982710832436,0.4583325897651336,0.4468815030901913,0.46978367644007585,49.91457926875523,48.630343109288766,51.1988154282217,49.5,47.496380289928815,51.503619710071185,0.4191795876273718,0.395227495696526,0.4431316795582176,0.736145899207621,0.7280071102384061,0.7442846881768358,4.725913956776409
b3_rawsig,random_forest,0.5,50,1.0,0.4702080387800444,0.4095144962188175,0.5309015813412713,0.05328272136194725,0.041156841394384205,0.06540860132951029,0.055676024037204945,0.048768212743694986,0.0625838353307149,59.357972582972586,52.212655742162354,66.50328942378282,62.76136363636363,55.13501208225752,70.38771519046975,0.038080209698067344,0.0272598529454242,0.04890056645071049,0.5019121152428262,0.48065780954978554,0.5231664209358668,0.3974954554635427
b3_rawsig,random_forest,1.0,50,1.0,0.8741668349828318,0.8064359568998097,0.9418977130658538,0.17137846059980785,0.15599567022944708,0.18676125097016863,0.11308977093457656,0.10566421727488287,0.12051532459427025,65.30678188478188,62.672187410316184,67.94137635924758,68.21,64.96100969192753,71.45899030807246,0.1365874737403685,0.1232428350672906,0.14993211241344642,0.5935652050260365,0.5823110430587853,0.6048193669932876,0.8264996970309031
b3_rawsig,random_forest,2.0,50,1.0,1.9042617652999394,1.8087151083539452,1.9998084222459336,0.47035875041496295,0.4396311414541308,0.5010863593757952,0.2442979753099759,0.23385968397793439,0.25473626664201743,60.761776120429886,59.226045911970864,62.29750632888891,63.2,61.177547324487534,65.22245267551247,0.27691958589567167,0.25569506575653034,0.298144106034813,0.7076768178207581,0.6955949193957757,0.7197587162457405,1.9026459301151284
b3_rawsig,random_forest,5.0,50,1.0,4.580892748939608,4.370160096132552,4.791625401746663,0.7674544319507527,0.7469803994941819,0.7879284644073234,0.4536746374638134,0.4413418359389343,0.46600743898869257,49.88677000893632,48.747873145895106,51.02566687197753,49.27,47.52653171748438,51.013468282515625,0.4032447446146445,0.37995443034210985,0.42653505888717913,0.7403067012257049,0.7321576058987268,0.7484557965526829,4.593011512825692
b3_rawsig,selected,0.5,50,1.0,0.45324176933952737,0.3945062883751737,0.5119772503038811,0.05218827216967197,0.03951236766167936,0.06486417667766459,0.05390964007459102,0.047082315884138366,0.06073696426504368,58.546050642479216,51.41645113453253,65.6756501504259,61.654761904761905,54.2088050929047,69.10071871661911,0.037039151559183116,0.026332611655402714,0.04774569146296352,0.4997973279274931,0.4774923043566805,0.5221023514983056,0.3926479499091093
b3_rawsig,selected,1.0,50,1.0,0.8975964451625934,0.834192266531647,0.9610006237935398,0.17527473999608728,0.15876553389714068,0.19178394609503388,0.11595276489511881,0.10897152313591693,0.1229340066543207,64.90411593961593,62.290914074439826,67.51731780479204,68.05,64.88528519895166,71.21471480104833,0.13784891092571872,0.12422497399055794,0.15147284786087947,0.5988935609540048,0.5867002318433392,0.6110868900646704,0.8495253484144617
b3_rawsig,selected,2.0,50,1.0,1.8969905069682895,1.7981247311363702,1.9958562828002089,0.4610603971492184,0.4305848483129585,0.49153594598547834,0.24246954471448873,0.23214813202270843,0.25279095740626906,60.27752314073687,58.615409483683415,61.93963679779032,62.65,60.42566884264433,64.87433115735567,0.27654829704612194,0.25478929940427025,0.2983072946879736,0.7047688665216161,0.6927856743784649,0.7167520586647672,1.9022419713189256
b3_rawsig,selected,5.0,50,1.0,4.585740254494041,4.367320449800333,4.804160059187749,0.7665650347896164,0.7454621609661383,0.7876679086130944,0.45376414135030246,0.4410154582162973,0.46651282448430764,49.60481080809339,48.475454820219284,50.7341667959675,49.06,47.310060455538824,50.80993954446118,0.4026158783118651,0.3790493356394867,0.4261824209842436,0.740124513445286,0.7320525395132359,0.748196487377336,4.595031306806706
cusum,none,0.5,50,1.0,0.4782872147041002,0.41629575541941366,0.5402786739887867,0.12418920915990371,0.10838979510565507,0.13998862321415234,0.06879038608034163,0.06159285959070229,0.07598791256998097,59.80699138443256,56.946408188818026,62.66757458004709,60.91,57.00233910942268,64.81766089057732,,,,,,,0.3684104221369421
cusum,none,1.0,50,1.0,0.93476065441325,0.8424499096210801,1.02707139920542,0.22834295427494378,0.2081382172388689,0.24854769131101864,0.12762026641474383,0.11758083415161306,0.13765969867787461,58.27461816786585,55.50582476687107,61.043411568860634,60.85,57.29212049914111,64.40787950085888,,,,,,,0.8216521914764695
cusum,none,2.0,50,1.0,1.7434861644112296,1.606950070384883,1.8800222584375763,0.3501912072163163,0.3269584840839376,0.37342393034869503,0.21374158816474803,0.20087366513788152,0.22660951119161454,56.67685008876573,54.27772518419066,59.07597499334081,58.27,54.843459246545876,61.69654075345413,,,,,,,1.639668753787114
cusum,none,5.0,50,1.0,4.635831145223188,4.43960548718742,4.832056803258955,0.5849006375624379,0.5634444463687635,0.6063568287561124,0.4376340530343494,0.425331648404418,0.44993645766428075,48.38435295841713,46.75250387648218,50.016202040352084,47.5,45.018274622919044,49.981725377080956,,,,,,,4.364774792971116
hmm,gbm,0.5,50,1.0,0.47667137951928906,0.42829671970071187,0.5250460393378663,0.06590989030999475,0.05287044986281857,0.07894933075717092,0.0585830493427046,0.05243290072613696,0.06473319795927224,59.94959473150962,52.48951986655141,67.40966959646782,61.41489361702128,53.51745779179983,69.31232944224273,0.05188712495478559,0.03951305826723707,0.06426119164233411,0.5038102807176889,0.483514990362094,0.5241055710732837,0.4112300545344375
hmm,gbm,1.0,50,1.0,0.9541506766309837,0.8875761769513433,1.0207251763106242,0.21781726640935617,0.2015114361532054,0.23412309666550693,0.12776738860368816,0.12080292935897884,0.1347318478483975,64.12783605283606,61.52917582420483,66.72649628146729,68.73,65.576377788045,71.88362221195501,0.18478827043830331,0.1686180210031787,0.20095851987342794,0.5897391433871452,0.5796294860957567,0.5998488006785336,0.8741668349828318
hmm,gbm,2.0,50,1.0,1.8372046051302766,1.7296030260356943,1.944806184224859,0.38570595392100115,0.36020491583007747,0.41120699201192484,0.22644529533964303,0.21607191778136262,0.23681867289792344,59.35319911536693,57.51590632584634,61.190491904887516,61.93,59.60463259635321,64.25536740364679,0.27066344352280136,0.251275219237302,0.2900516678083007,0.6617489363108778,0.6505124743000922,0.6729853983216635,1.787921631993537
hmm,gbm,5.0,50,1.0,4.677034942435872,4.449660554989546,4.904409329882199,0.7459241700121904,0.7270716835737125,0.7647766564506682,0.45635922063049633,0.44352007251423475,0.4691983687467579,47.84228315157959,46.42333008604347,49.261236217115716,46.08,43.887368645704186,48.27263135429581,0.38637958064416156,0.36160478462725487,0.41115437666106824,0.7257758164811335,0.7168647364594033,0.7346868965028638,4.625328216521915
hmm,logistic,0.5,50,1.0,0.2480307008685114,0.17868101729501773,0.31738038444200506,0.03217124064579307,0.0210543198953522,0.04328816139623394,0.03023910745249188,0.021824510479305066,0.03865370442567869,68.63160919540229,61.014993740284815,76.24822465051977,70.10344827586206,62.1536728097575,78.05322374196662,0.02708394493194786,0.01736936637375723,0.03679852349013849,0.42540415076672666,0.3957974843386592,0.45501081719479414,0.19551605736214905
hmm,logistic,1.0,50,1.0,0.9169864673803274,0.8537964610838649,0.98017647367679,0.257218799344635,0.23641693725405694,0.27802066143521303,0.13121060823647535,0.12393127812429384,0.13848993834865686,61.88638557692738,59.51987648788818,64.25289466596658,63.77,60.60802602659313,66.93197397340688,0.2275267319734046,0.20831299981010717,0.246740464136702,0.5806710984301163,0.574579566291748,0.5867626305684847,0.894768733589174
hmm,logistic,2.0,50,1.0,1.2304584932336902,1.0884595040086489,1.3724574824587314,0.32196075552685455,0.29787272134128384,0.34604878971242525,0.1674875265487099,0.15335094534240948,0.18162410775501034,59.004329286984095,56.79137719810116,61.21728137586703,60.91,58.051449951488145,63.76855004851185,0.2681655333322248,0.24950130237733814,0.2868297642871115,0.5976501112735437,0.5883101195299966,0.6069901030170909,1.252272268228641
hmm,logistic,5.0,50,1.0,4.765097960008079,4.544366355427691,4.985829564588467,0.7528166073452115,0.731046312645793,0.77458690204463,0.4619376591539071,0.44937771256348025,0.474497605744334,48.44673552573138,47.05999480070769,49.83347625075506,47.14,45.24807835819429,49.03192164180571,0.39882826923516346,0.37456756770272104,0.4230889707676059,0.7232459581254383,0.7134990589211035,0.7329928573297732,4.702080387800445
hmm,random_forest,0.5,50,1.0,0.535649363764896,0.4896219401981335,0.5816767873316585,0.06027873830565089,0.04689066451449175,0.07366681209681003,0.06333858378163564,0.05726786709847754,0.06940930046479372,63.94853266888151,56.72099829555751,71.17606704220552,65.9186046511628,57.991599804956174,73.84560949736941,0.04959508249477056,0.03685716153335079,0.06233300345619034,0.5056403803351557,0.4867994724313302,0.5244812882389812,0.42294485962431827
hmm,random_forest,1.0,50,1.0,0.8701272470208039,0.8115329837726205,0.9287215102689873,0.22712782698054151,0.20838051344305109,0.24587514051803194,0.12193496904284956,0.1152013116963106,0.12866862638938853,63.58866365986953,61.03675684450803,66.14057047523103,66.97,63.491396703322444,70.44860329667756,0.19937315262128158,0.18356735441841845,0.2151789508241447,0.5796418105063252,0.5715552358457282,0.5877283851669223,0.8345788729549587
hmm,random_forest,2.0,50,1.0,1.6053322561098766,1.442862354918022,1.7678021573017313,0.34463900922732543,0.31734930570937975,0.3719287127452711,0.2011250254342657,0.18504996117358596,0.21720008969494542,59.2528703153721,56.99585349604449,61.50988713469971,62.06,59.09350331263512,65.02649668736488,0.2496300580531505,0.23204608283473965,0.26721403327156135,0.6300232930574851,0.6178220944866928,0.6422244916282773,1.561300747323773
hmm,random_forest,5.0,50,1.0,4.718238739648556,4.511305703714406,4.925171775582706,0.7484674529699571,0.7296914779931469,0.7672434279467673,0.4592719040902596,0.447809499583852,0.47073430859666715,47.797532594888324,46.495696761513194,49.09936842826345,45.88,43.923716638254604,47.8362833617454,0.3916076901736419,0.36829365575093775,0.414921724596346,0.7260439978319576,0.717011405756236,0.7350765899076792,4.679862654009291
hmm_filter,none,0.5,50,1.0,0.5130276711775399,0.47337699887825613,0.5526783434768237,0.048873258718393035,0.036263476284422835,0.061483041152363235,0.05933504792191442,0.054016109828125256,0.06465398601570359,62.84294642857143,55.28319552068333,70.40269733645952,63.775,55.814050045757625,71.73594995424237,0.04032154678115077,0.028094752303886264,0.052548341258415274,0.5087932878860726,0.4903911332712112,0.527195442500934,0.4229448596243184
hmm_filter,none,1.0,50,1.0,0.860432235911937,0.7943296947131219,0.926534777110752,0.1797621759454903,0.16349010293176625,0.19603424895921434,0.11311751483509454,0.10672810788174585,0.11950692178844323,65.1586911976912,62.69120733766114,67.62617505772126,69.22,66.1131182156145,72.32688178438549,0.14935657524659005,0.1326792499902763,0.1660339005029038,0.590931360122985,0.5788834389610931,0.6029792812848769,0.786507776206827
hmm_filter,none,2.0,50,1.0,1.9777822662088465,1.8851820491152225,2.0703824833024704,0.46522630009161536,0.4377376048211235,0.4927149953621072,0.24930354623556406,0.2401997157439194,0.2584073767272087,60.07933862935492,58.35577483922869,61.80290241948116,61.73,59.42363639341843,64.03636360658157,0.2815118019635969,0.25937619571694176,0.303647408210252,0.7074945599724026,0.6963593169805876,0.7186298029642176,1.902645930115128
hmm_filter,none,5.0,50,1.0,4.729549585942235,4.507834588911293,4.9512645829731765,0.7478089924122482,0.7253181491594842,0.7702998356650121,0.4594773895366617,0.446340619111477,0.47261415996184636,46.07543812374193,44.828132687983874,47.32274355949999,43.86,41.90867729301374,45.81132270698626,0.38974554696460556,0.3648231002779918,0.4146679936512193,0.7260324108856386,0.7163158563175093,0.735748965453768,4.689153706321955
statistics,gbm,0.5,50,1.0,0.4895980609977783,0.4481309426230074,0.5310651793725492,0.04117931936133112,0.03161497280591722,0.050743665916745014,0.05545075540585405,0.050694626294601655,0.06020688451710644,52.73214285714287,45.147995546762395,60.31629016752334,53.273809523809526,44.976791868734814,61.57082717888424,0.024158374051460117,0.01758434922430028,0.030732398878619956,0.5052541032895211,0.48509183099447384,0.5254163755845684,0.4261765299939406
statistics,gbm,1.0,50,1.0,0.9783882044031508,0.9215140063365639,1.0352624024697377,0.1698219986916223,0.15105834362586545,0.18858565375737912,0.12236189946562921,0.11557778346428438,0.12914601546697405,60.445112942612944,57.476576033669836,63.41364985155605,63.69,59.55164395489342,67.82835604510657,0.11626585702961113,0.10243471745061253,0.13009699660860974,0.6100832305776335,0.5966318075798938,0.6235346535753732,0.9198141789537467
statistics,gbm,2.0,50,1.0,1.9163805291860228,1.8058948842346494,2.026866174137396,0.4282274435288226,0.3997158444469837,0.45673904261066145,0.23912427637113395,0.22767533834915055,0.25057321439311736,59.52476502427683,57.79150332344678,61.25802672510688,62.93,60.49132012842247,65.36867987157753,0.25104512579707877,0.22972766808893683,0.27236258350522075,0.6982021642945404,0.6885030829016068,0.707901245687474,1.9119369824277923
statistics,gbm,5.0,50,1.0,4.6705716016966266,4.472825767203843,4.86831743618941,0.7583461136954774,0.7383151754784703,0.7783770519124846,0.45771695516281646,0.44626796349144304,0.4691659468341899,50.31399039712259,48.98416912185558,51.643811672389596,50.72,48.97347357679433,52.466526423205664,0.39047349703566253,0.3671079985156748,0.41383899555565024,0.7304298489596655,0.7225817777467384,0.7382779201725925,4.64350636235104
statistics,logistic,0.5,50,1.0,0.5332256109876792,0.49026995501258225,0.576181266962776,0.05660586269809622,0.04396079542951407,0.06925092996667838,0.062413275591438014,0.05728259699185378,0.06754395419102226,56.035119047619034,48.64855867348089,63.421679421757176,59.2375,50.9265565729023,67.5484434270977,0.04165501483712626,0.030429119594385122,0.0528809100798674,0.5201251959420058,0.5033318575269601,0.5369185343570515,0.43667945869521313
statistics,logistic,1.0,50,1.0,0.9274893960815995,0.870489064280194,0.984489727883005,0.19677150782623706,0.1765816824441231,0.21696133320835104,0.12215448022328979,0.11544220164394346,0.1288667588026361,63.119821874204234,59.98659309876697,66.2530506496415,66.98,62.92461900756992,71.03538099243009,0.1519224672505574,0.13499320707538406,0.16885172742573076,0.5995239940912392,0.587071070048469,0.6119769181340095,0.8806301757220762
statistics,logistic,2.0,50,1.0,1.9139567764088066,1.8383757020445568,1.9895378507730563,0.41012184187731215,0.3867641589019548,0.4334795248526695,0.2366607064517044,0.22947070594870553,0.24385070695470326,58.85381675361875,57.24677336712374,60.460860140113766,61.75,59.179812737818665,64.32018726218134,0.24456495856357363,0.22526056061209332,0.26386935651505394,0.6832001434747561,0.6720411056621557,0.6943591812873565,1.8800242375277723
statistics,logistic,5.0,50,1.0,4.699656635023228,4.458634336508093,4.940678933538362,0.749146417833953,0.7313776974411518,0.7669151382267542,0.45788875873395374,0.4441173782992114,0.4716601391686961,49.2664701516886,47.998196891617624,50.53474341175958,48.6,47.090428116364116,50.10957188363589,0.37896557003250714,0.3564285029686078,0.4015026370964065,0.7281462174087245,0.720564847426349,0.7357275873911001,4.720662492425773
statistics,random_forest,0.5,50,1.0,0.45404968693193287,0.39553121621572607,0.5125681576481397,0.054288056041263175,0.042674514688643576,0.06590159739388277,0.054443796971648306,0.04755150541909367,0.06133608852420294,57.24843073593074,50.04401539860859,64.45284607325289,60.05681818181818,52.50953609799778,67.60410026563858,0.038001907728803824,0.027783564087781907,0.048220251369825745,0.5059163915398321,0.4856660898867338,0.5261666931929304,0.37972126843062
statistics,random_forest,1.0,50,1.0,0.8725509997980205,0.803473739354046,0.9416282602419951,0.17982371618379783,0.1635081477513769,0.19613928461621877,0.11440258687214006,0.10709775837633984,0.12170741536794027,64.12628825749414,61.57669285467355,66.67588366031472,67.85,64.59946776220039,71.1005322377996,0.14722198466444025,0.13219641168855822,0.16224755764032228,0.59316703695097,0.5816605127584531,0.6046735611434868,0.8143809331448192
statistics,random_forest,2.0,50,1.0,1.878408402342961,1.7748574298530768,1.9819593748328452,0.42745721436972467,0.3930793928151709,0.46183503592427844,0.23582623080361223,0.22396795964742672,0.24768450195979774,59.38930122013579,57.54606405457554,61.232538385696046,61.21,58.859063388695795,63.56093661130421,0.24731451488315645,0.2244595771765319,0.27016945258978103,0.693119036532375,0.6801609292684889,0.7060771437962612,1.838416481518885
statistics,random_forest,5.0,50,1.0,4.682690365582711,4.454836787287642,4.910543943877779,0.7595028619604267,0.7415512847675242,0.7774544391533292,0.45815300486552096,0.4452913818137431,0.4710146279172988,49.66883022336478,48.517074590772275,50.82058585595728,49.49,47.86894122979972,51.11105877020029,0.3882322195833211,0.36399891836904646,0.41246552079759574,0.7334894419072537,0.7251934404588084,0.7417854433556991,4.665724096142194
statistics,selected,0.5,50,1.0,0.4572813573015552,0.4009703757447367,0.5135923388583737,0.05714989268632964,0.045143893561899365,0.06915589181075991,0.055292965228133345,0.04840977753634476,0.06217615291992193,55.84112554112555,48.44394134997093,63.23830973228017,58.73863636363637,50.6756998300309,66.80157289724184,0.03923740556430166,0.028534104329494818,0.049940706799108496,0.50697518949947,0.48633514047809545,0.5276152385208445,0.38376085639264795
statistics,selected,1.0,50,1.0,0.8644718238739648,0.7978524924683589,0.9310911552795708,0.18201493269675345,0.1652670280456588,0.1987628373478481,0.11407003992003117,0.10704736451465544,0.12109271532540691,64.67196213916803,61.82129438874187,67.52262988959419,68.46,65.0273758077688,71.89262419223118,0.15091518642472276,0.13520325030324906,0.16662712254619647,0.5927820205822134,0.5807955524564115,0.6047684887080154,0.8115532215713996
statistics,selected,2.0,50,1.0,1.8509392042011714,1.7453449051697538,1.956533503232589,0.42961243920010483,0.3944768447628283,0.4647480336373814,0.23392618383329183,0.22191799411004365,0.24593437355654002,59.34212692615729,57.577354708624306,61.10689914369028,61.39,59.1794131788895,63.600586821110504,0.2549558393971518,0.23224939963829616,0.2776622791560074,0.6906169220306841,0.6771655880786916,0.7040682559826766,1.84205211068471
statistics,selected,5.0,50,1.0,4.7133912340941215,4.482051203855648,4.944731264332595,0.7587689182643713,0.7407037811970334,0.7768340553317092,0.4596733940170699,0.4465519961833633,0.47279479185077655,49.365878866244046,48.180526300890264,50.55123143159783,49.36,47.80020562642891,50.91979437357109,0.3858481275538875,0.3611015314138639,0.41059472369391103,0.7326852397502841,0.7243515433878198,0.7410189361127484,4.671379519289032
statistics_logsig,gbm,0.5,50,1.0,0.5154514239547567,0.46891547169907144,0.561987376210442,0.04963417011540661,0.04021493541610048,0.059053404814712745,0.059403605500742786,0.05396049266826,0.06484671833322557,51.52325581395349,44.782912491888304,58.26359913601868,53.2093023255814,46.07792324213699,60.340681409025805,0.032936803692614196,0.02422736102473476,0.04164624636049363,0.5168770689962975,0.4996983422115292,0.5340557957810658,0.43425570591799634
statistics_logsig,gbm,1.0,50,1.0,0.9913148858816401,0.925254676885129,1.0573750948781513,0.17434959511680145,0.15612505969950657,0.19257413053409633,0.12415271241154706,0.11671685400845266,0.13158857081464145,61.79400654900655,58.95760648985348,64.63040660815963,64.26,60.48814659165354,68.03185340834646,0.1264941541941303,0.11067711869717814,0.14231118969108245,0.6185596528369779,0.6045420750824072,0.6325772305915486,0.9036558271056353
statistics_logsig,gbm,2.0,50,1.0,1.8986063421531005,1.7902633891356812,2.00694929517052,0.4509385141354457,0.42341941355852053,0.4784576147123709,0.24101277370531668,0.22972227950583846,0.2523032679047949,60.630315357742276,59.05760063076532,62.20303008471923,64.17,61.99108410266543,66.34891589733458,0.27965099616153466,0.25945845838621995,0.29984353393684937,0.7083040786500299,0.6986459950005754,0.7179621622994843,1.9135528176126035
statistics_logsig,gbm,5.0,50,1.0,4.651181579478893,4.452755173715451,4.849607985242335,0.7641214552795165,0.7457351835595444,0.7825077269994886,0.45731146908710957,0.4456745863247405,0.46894835184947864,49.94904924527613,48.57780182405983,51.320296666492425,49.64,47.86913341248143,51.41086658751857,0.4096869103292701,0.3864333587948637,0.4329404618636766,0.7386767371256486,0.7314747460268708,0.7458787282244265,4.6919814178953745
statistics_logsig,logistic,0.5,50,1.0,0.508988083215512,0.4630080192937792,0.5549681471372448,0.058874571937091655,0.0428233525219901,0.07492579135219321,0.060575711118025025,0.05439757172886782,0.06675385050718223,56.82584325396825,49.064513347980316,64.5871731599562,58.1,49.722094947943496,66.4779050520565,0.04621405618579589,0.03129593784569981,0.061132174525891966,0.5160800407872318,0.49666073898226,0.5354993425922036,0.4249646536053323
statistics_logsig,logistic,1.0,50,1.0,0.9509190062613613,0.8876456245803699,1.0141923879423527,0.20877304131657545,0.1921730738769658,0.2253730087561851,0.1262290973551195,0.11955177726041698,0.132906417449822,63.4893660848955,60.848332788675485,66.13039938111551,67.03,63.7135596462632,70.3464403537368,0.16292407527186945,0.1494369183677483,0.17641123217599058,0.6100698415902204,0.5988538908953717,0.6212857922850691,0.921026055342355
statistics_logsig,logistic,2.0,50,1.0,1.8670975560492828,1.7691795681391083,1.9650155439594574,0.4216841426979745,0.3983521482119512,0.4450161371839978,0.23434965926269932,0.2247859815827222,0.24391333694267645,57.4675964582012,55.95732467313933,58.97786824326307,59.22,56.77420811713166,61.66579188286834,0.2628010106052788,0.24204173800085108,0.28356028320970644,0.6931181178141014,0.6823176274265995,0.7039186082016032,1.8715411028075135
statistics_logsig,logistic,5.0,50,1.0,4.676227024843466,4.447610712798518,4.904843336888414,0.7581595831304458,0.7406923992162338,0.7756267670446579,0.45768670754354973,0.4442030194406944,0.47117039564640506,49.46433968560752,48.232614702095674,50.696064669119366,48.38,46.79803393211288,49.961966067887126,0.40482408506646417,0.3819759624380048,0.42767220769492353,0.7361017270833838,0.7277242025996433,0.7444792515671244,4.674611189658655
statistics_logsig,random_forest,0.5,50,1.0,0.4944455665522116,0.4480253582758198,0.5408657748286034,0.04889791973010668,0.03749198395005704,0.06030385551015632,0.057396416050543755,0.05181225285446535,0.06298057924662216,58.56167800453514,51.25888574177203,65.86447026729824,61.54761904761905,53.584265327747715,69.51097276749039,0.037375839704285464,0.02727435431804428,0.04747732509052665,0.5126592904142901,0.4953392366329095,0.5299793441956708,0.4294082003635629
statistics_logsig,random_forest,1.0,50,1.0,0.8628559886891538,0.8046047227904968,0.9211072545878108,0.17411875167897836,0.15747947926840092,0.1907580240895558,0.11258815439391423,0.10592748124770512,0.11924882754012334,63.452450892245004,60.58839068811672,66.31651109637329,68.89,65.46068473473954,72.31931526526046,0.13903031340385277,0.12469200927767149,0.15336861753003406,0.5898933876377886,0.5792260557432191,0.6005607195323582,0.8127650979600081
statistics_logsig,random_forest,2.0,50,1.0,1.8622500504948494,1.7395360430658182,1.9849640579238805,0.4423643815162198,0.4073510083264692,0.47737775470597044,0.2366211751367788,0.22276963724677132,0.25047271302678625,60.83451848396629,58.974706843018794,62.69433012491379,63.51,60.88159216860334,66.13840783139666,0.2693637819684055,0.2478149164663934,0.2909126474704176,0.6982499931174107,0.685526205717023,0.7109737805177982,1.825489800040396
statistics_logsig,random_forest,5.0,50,1.0,4.629367804483943,4.408221786175703,4.850513822792182,0.7639599220576686,0.7454708945711741,0.7824489495441631,0.45576840159006915,0.44291002766316523,0.46862677551697307,49.78174853023299,48.54859737038394,51.01489969008204,49.2,47.606499956495625,50.79350004350438,0.39623494964375294,0.3722797138443063,0.4201901854431996,0.7373078442032376,0.7296230497967297,0.7449926386097455,4.593415471621895
statistics_logsig,selected,0.5,50,1.0,0.4936376489598061,0.44552559231521993,0.5417497056043923,0.055207362677437824,0.04064074959864853,0.06977397575622712,0.05843172069303657,0.05231864144483774,0.0645447999412354,55.151448412698414,47.16591012114611,63.13698670425072,57.6375,48.93222919749287,66.34277080250713,0.04292641626225149,0.028872074625681338,0.05698075789882165,0.5145836910354056,0.4960758546934785,0.5330915273773327,0.43021611795596854
statistics_logsig,selected,1.0,50,1.0,0.8862855988689153,0.8269976830125781,0.9455735147252525,0.18165052063759707,0.16404706190602064,0.1992539793691735,0.11591922894179124,0.10937208140110077,0.12246637648248171,63.57307859787271,61.16425041229785,65.98190678344757,68.5,65.29250701095887,71.70749298904113,0.14797001536169882,0.13347177123911108,0.16246825948428656,0.6017284827227696,0.5893182363454107,0.6141387291001285,0.8652797414663705
statistics_logsig,selected,2.0,50,1.0,1.848515451423955,1.7117392269582887,1.9852916758896213,0.42328883786524607,0.39019513531828487,0.45638254041220727,0.23247660453122884,0.21792086164635643,0.24703234741610125,59.362265112465295,57.5617550870756,61.162775137854986,60.99,58.500898193315926,63.47910180668408,0.26588397978197464,0.24383068296606575,0.28793727659788354,0.6936493830986619,0.6812879846124437,0.7060107815848801,1.8032720662492425
statistics_logsig,selected,5.0,50,1.0,4.642294485962432,4.449843464077013,4.834745507847851,0.7652983315666773,0.7460505439735564,0.7845461191597981,0.45703712185419854,0.44559359832841383,0.46848064537998324,49.73764650281789,48.61724419607722,50.858048809558554,48.57,46.95237153960131,50.18762846039869,0.4058220367843367,0.38209280064890816,0.42955127291976525,0.7374706187132568,0.7297342897111027,0.745206947715411,4.632599474853565
statistics_rawsig,gbm,0.5,50,1.0,0.5025247424762674,0.4562438090660628,0.5488056758864721,0.046923440379815266,0.03693989556969147,0.056906985189939065,0.05772970901738821,0.052522125608643236,0.06293729242613319,54.20238095238095,45.811856128980175,62.59290577578172,55.01190476190476,46.181428906579505,63.84238061723001,0.02903710965132489,0.020559725502335813,0.037514493800313964,0.5105042703946199,0.49262301588249185,0.5283855249067478,0.4354675823066047
statistics_rawsig,gbm,1.0,50,1.0,1.0155524136538072,0.9527569537845032,1.0783478735231111,0.17877441320398343,0.15789185629914507,0.1996569701088218,0.12703328943799216,0.11919038063898107,0.13487619823700325,62.57621048885754,59.41157785096003,65.74084312675505,66.0,62.38721024353534,69.61278975646466,0.12743329122211688,0.11159845842414017,0.1432681240200936,0.6202783912303089,0.6065891914988089,0.633967590961809,0.9145627146031104
statistics_rawsig,gbm,2.0,50,1.0,1.927691375479701,1.8114430861261577,2.0439396648332444,0.4451671669267124,0.4190155002247291,0.47131883362869564,0.24241655952402083,0.2306785490155341,0.2541545700325075,60.417894150008905,58.89505597705965,61.94073232295816,63.66,61.390880973099875,65.92911902690012,0.26761709254394805,0.2491387382716732,0.2860954468162229,0.7073665532426706,0.6969811657972715,0.7177519406880697,1.9006261361341146
statistics_rawsig,gbm,5.0,50,1.0,4.7238941627953945,4.503437518013168,4.944350807577621,0.7773963739440457,0.7603189405757338,0.7944738073123576,0.4623929007497509,0.44971883071144103,0.4750669707880608,49.19816502322638,47.96981503959874,50.42651500685402,48.93,47.282085788844284,50.577914211155715,0.4161547178056459,0.3942258934010057,0.43808354221028606,0.7394558797954919,0.7317741072585305,0.7471376523324532,4.708139769743487
statistics_rawsig,logistic,0.5,50,1.0,0.518683094324379,0.47386667144265066,0.5634995172061072,0.05059442874062083,0.03843564693436362,0.06275321054687805,0.06002027121390516,0.054630054880937876,0.06541048754687244,57.350624999999994,49.850052193107125,64.85119780689286,58.9125,50.84658099510639,66.97841900489361,0.03731488451747086,0.026078782933476707,0.04855098610146501,0.5137068338618943,0.4947015874330522,0.5327120802907364,0.41971318925469603
statistics_rawsig,logistic,1.0,50,1.0,0.9339527368208442,0.8663458760368804,1.001559597604808,0.18418241514950184,0.16655352043721564,0.20181130986178805,0.12081533866859599,0.11357671164602216,0.1280539656911698,62.2309634156693,59.82594156132365,64.63598527001494,65.67,62.10178565138219,69.23821434861782,0.14786432393691545,0.13350362422180478,0.16222502365202612,0.6075505291217658,0.5962806269573101,0.6188204312862214,0.885073722480307
statistics_rawsig,logistic,2.0,50,1.0,1.927691375479701,1.8065926959615206,2.0487900549978812,0.44393375183269124,0.41893397801475063,0.46893352565063184,0.24214487019892797,0.23068660164137939,0.25360313875647655,58.96447298463167,57.1825139556438,60.74643201361954,61.08,58.542550811781275,63.61744918821872,0.278150860967074,0.2563793089590167,0.2999224129751312,0.7074671750825497,0.6965855346733729,0.7183488154917266,1.9014340537265197
statistics_rawsig,logistic,5.0,50,1.0,4.715814986871339,4.479535427044454,4.952094546698224,0.7726989116271384,0.755290139710765,0.7901076835435119,0.4612074164959161,0.44769044364539246,0.4747243893464398,48.58936758032414,47.39309665987118,49.78563850077709,47.65,45.98115350191881,49.318846498081186,0.4120861291239663,0.38833681328176034,0.43583544496617227,0.7437344988809755,0.7359616478143871,0.751507349947564,4.727933750757423
statistics_rawsig,random_forest,0.5,50,1.0,0.48071096748131686,0.42498530164984394,0.5364366333127898,0.0537198508146745,0.04107926438006042,0.06636043724928858,0.05677086588417197,0.050064426486720354,0.06347730528162358,54.72514172335601,46.95849110567702,62.491792341035,57.32142857142857,48.727515858341256,65.91534128451588,0.038633593993666164,0.02628964353300844,0.050977544454323884,0.5053137017806473,0.4848334014611818,0.5257940021001127,0.39789941425974545
statistics_rawsig,random_forest,1.0,50,1.0,0.8911331044233488,0.826630360902023,0.9556358479446746,0.17934836158250536,0.16205276041037425,0.19664396275463647,0.11603868640070823,0.10925275786250524,0.12282461493891123,64.55832474714828,61.72631966463998,67.39032982965657,68.94,65.65210810189772,72.22789189810227,0.1446839562435066,0.12922928185265983,0.16013863063435338,0.5927238702020798,0.582317589480031,0.6031301509241287,0.8378105433245809
statistics_rawsig,random_forest,2.0,50,1.0,1.92607554029489,1.809748607580712,2.0424024730090675,0.4488857224855486,0.41399203635342324,0.48377940861767393,0.24242984049995284,0.22948258293766005,0.2553770980622456,59.87178235942929,58.32320054198282,61.42036417687576,62.97,60.699978581114884,65.2400214188851,0.2631697830302687,0.2408698540324321,0.28546971202810534,0.6999545829046226,0.6858203360773739,0.7140888297318714,1.8521510805897796
statistics_rawsig,random_forest,5.0,50,1.0,4.574429408200364,4.348178426896305,4.800680389504422,0.7694371590283688,0.7491228155818548,0.7897515024748829,0.45320624578028934,0.43952381773482924,0.46688867382574945,49.19362966223346,47.793865876327,50.59339344813993,48.65,46.79787492490784,50.50212507509216,0.39455521145520095,0.3708293204381415,0.4182811024722604,0.7409628446051915,0.7326492187586053,0.7492764704517776,4.578468996162392
statistics_rawsig,selected,0.5,50,1.0,0.4952534841446172,0.4409179046043104,0.549589063684924,0.05237969654531563,0.04037608068451495,0.0643833124061163,0.05802122744754124,0.05156246795911174,0.06447998693597075,56.57500000000001,49.53083825532756,63.61916174467246,59.0,51.066294048717054,66.93370595128295,0.0387382700832162,0.027334284404273268,0.05014225576215914,0.5054927032642,0.4859573097028003,0.5250280968255998,0.39668753787113714
statistics_rawsig,selected,1.0,50,1.0,0.8725509997980205,0.8098416953153686,0.9352603042806724,0.17452373370211055,0.15730375662582372,0.19174371077839739,0.1136628124856096,0.10691750200303447,0.12040812296818472,62.91872740005094,60.65827169846161,65.17918310164028,68.14,65.0208234152907,71.2591765847093,0.13926887672892616,0.12445107722251413,0.1540866762353382,0.595950383020366,0.5853846619157711,0.6065161041249608,0.8503332660068672
statistics_rawsig,selected,2.0,50,1.0,1.943041809735407,1.820700994248613,2.065382625222201,0.4453659360879285,0.41515799069601594,0.4755738814798411,0.24358925968253398,0.23136695298833374,0.2558115663767342,59.40023754471034,57.64355574546706,61.156919343953625,62.27,59.72495376047106,64.81504623952895,0.2728209789543667,0.25138230509549797,0.2942596528132354,0.7021447464171153,0.6908364352157222,0.7134530576185084,1.8796202787315694
statistics_rawsig,selected,5.0,50,1.0,4.660068672995354,4.4254117656097405,4.894725580380968,0.7764577341103795,0.7567736398437308,0.7961418283770283,0.45860034559372026,0.44517953318848996,0.47202115799895056,48.59703368787779,47.25671451631307,49.93735285944251,48.34,46.64781189217028,50.032188107829725,0.4050407831320579,0.38153888046546214,0.4285426857986536,0.7438633293942999,0.736221859718406,0.7515047990701937,4.6641082609573825
