representation,regime,bin,bin_low,bin_high,count,probability_sum,positive_count,mean_predicted_probability,observed_frequency
combined,0,0,0.0,0.1,379,28.3790942220129,130,0.07487887657523193,0.34300791556728233
combined,0,1,0.1,0.2,23753,4203.217019644654,3539,0.1769552064852715,0.1489917063107818
combined,0,2,0.2,0.3,467305,124181.44439166549,115479,0.2657396013132012,0.24711697927477771
combined,0,3,0.3,0.4,585244,197021.56673550064,203020,0.33664858885439347,0.34689804594323054
combined,0,4,0.4,0.5,97311,42729.243080382854,44139,0.43909982510078877,0.4535869531707618
combined,0,5,0.5,0.6,33800,18351.02599003378,18235,0.542929763018751,0.5394970414201183
combined,0,6,0.6,0.7,15346,9881.102987024486,9248,0.6438878526667852,0.6026326078456927
combined,0,7,0.7,0.8,8144,6068.330772934909,5535,0.7451290241815949,0.6796414538310412
combined,0,8,0.8,0.9,4210,3560.118962230785,3250,0.8456339577745333,0.7719714964370546
combined,0,9,0.9,1.0,2258,2125.982232274446,1932,0.9415333181020574,0.8556244464127547
combined,1,0,0.0,0.1,4084,241.24867932078382,577,0.05907166486796862,0.14128305582762
combined,1,1,0.1,0.2,13497,2155.937815549714,3677,0.15973459402457685,0.27243091057271984
combined,1,2,0.2,0.3,186118,51270.09778198357,61655,0.27547092587489425,0.3312683351422216
combined,1,3,0.3,0.4,950327,322527.15910136444,327086,0.339385452692983,0.3441825813640989
combined,1,4,0.4,0.5,72067,31154.2721004453,27677,0.4322959482210346,0.38404540219517946
combined,1,5,0.5,0.6,8825,4742.099963712095,3941,0.5373484378144017,0.44657223796033996
combined,1,6,0.6,0.7,2134,1368.3511212992212,1082,0.641214208668801,0.507029053420806
combined,1,7,0.7,0.8,595,437.67418376029747,287,0.7355868634626849,0.4823529411764706
combined,1,8,0.8,0.9,103,86.72832885160375,7,0.8420226102097451,0.06796116504854369
combined,1,9,0.9,1.0,0,0.0,0,,
combined,2,0,0.0,0.1,25397,1550.4851698872815,1893,0.061049933846016514,0.07453636256250738
combined,2,1,0.1,0.2,69502,10928.333458953904,10399,0.1572376832170859,0.1496215936232051
combined,2,2,0.2,0.3,228717,59931.12979657875,54179,0.2620318113501784,0.23688226061027384
combined,2,3,0.3,0.4,673471,236433.9614009943,228233,0.3510677689180296,0.33889061295883566
combined,2,4,0.4,0.5,218566,94824.07671083394,99924,0.4338464203528176,0.4571799822479251
combined,2,5,0.5,0.6,20245,10738.192498127497,11715,0.5304120769635711,0.5786613978760188
combined,2,6,0.6,0.7,1566,991.0125054516748,795,0.6328304632513887,0.5076628352490421
combined,2,7,0.7,0.8,191,139.70051064467117,65,0.7314162860977548,0.3403141361256545
combined,2,8,0.8,0.9,94,78.22113414726593,51,0.8321397249709142,0.5425531914893617
combined,2,9,0.9,1.0,1,0.906472181937202,0,0.906472181937202,0.0
signature,0,0,0.0,0.1,798,53.50145711981194,272,0.06704443248096734,0.3408521303258145
signature,0,1,0.1,0.2,13299,2277.9181117205753,3417,0.17128491704042223,0.25693661177532146
signature,0,2,0.2,0.3,512015,140112.65291098188,139630,0.27364950814132766,0.2727068542913782
signature,0,3,0.3,0.4,555047,184204.1418091994,181480,0.3318712501989911,0.32696330220684017
signature,0,4,0.4,0.5,87225,38490.894108393295,39020,0.44128282153503345,0.4473488105474348
signature,0,5,0.5,0.6,36249,19706.018582632056,19152,0.5436293023981918,0.5283456095340561
signature,0,6,0.6,0.7,16026,10325.387366385174,9481,0.6442897395722684,0.5916011481342818
signature,0,7,0.7,0.8,8599,6401.2341441929475,5580,0.7444161116633269,0.6489126642632864
signature,0,8,0.8,0.9,4970,4205.572214260187,3507,0.8461915924064762,0.7056338028169014
signature,0,9,0.9,1.0,3522,3323.7786745422068,2968,0.9437191012328809,0.8427030096536059
signature,1,0,0.0,0.1,6119,344.6733827878848,1163,0.05632838417844171,0.19006373590455958
signature,1,1,0.1,0.2,14750,2334.805703225978,4302,0.15829191208311716,0.29166101694915253
signature,1,2,0.2,0.3,163101,44976.39121553571,55102,0.27575791206390954,0.3378397434718365
signature,1,3,0.3,0.4,965954,326021.2153716555,330866,0.3375121541726164,0.34252769800632327
signature,1,4,0.4,0.5,72870,31533.02206901149,27839,0.43272982117485237,0.3820365033621518
signature,1,5,0.5,0.6,11114,5980.184025200577,4881,0.5380766623358446,0.43917581428828506
signature,1,6,0.6,0.7,2473,1583.5491350566606,1211,0.6403352749925841,0.48968863728265266
signature,1,7,0.7,0.8,1073,799.9749498389479,479,0.745549813456615,0.44641192917054984
signature,1,8,0.8,0.9,263,219.88957658096774,119,0.8360820402318165,0.4524714828897338
signature,1,9,0.9,1.0,33,30.320681537132682,27,0.9188085314282631,0.8181818181818182
signature,2,0,0.0,0.1,31289,1826.5224930562706,2492,0.05837586669616385,0.07964460353478858
signature,2,1,0.1,0.2,69904,11005.79049755494,11015,0.15744149830560397,0.15757324330510414
signature,2,2,0.2,0.3,187874,48626.76819380347,45201,0.2588264911259859,0.24059209895994124
signature,2,3,0.3,0.4,755680,271070.02362854185,268621,0.35871006726199167,0.3554692462417955
signature,2,4,0.4,0.5,188473,79637.85697400286,78011,0.4225425231943189,0.41391074583627363
signature,2,5,0.5,0.6,3217,1725.5975326636728,1473,0.5363996060502558,0.45788001243394466
signature,2,6,0.6,0.7,737,472.4208861361252,317,0.6410052729119745,0.43012211668928085
signature,2,7,0.7,0.8,327,243.63567958068856,54,0.745063240307916,0.1651376146788991
signature,2,8,0.8,0.9,180,150.7712461876179,34,0.837618034375655,0.18888888888888888
signature,2,9,0.9,1.0,69,65.48737861408063,36,0.9490924436823279,0.5217391304347826
statistics,0,0,0.0,0.1,1488,125.2880703870393,179,0.0841989720343006,0.12029569892473119
statistics,0,1,0.1,0.2,50783,8723.684748661943,7783,0.17178356435543277,0.15325994919559696
statistics,0,2,0.2,0.3,426009,111706.03236009352,109577,0.26221519348204736,0.25721757052081057
statistics,0,3,0.3,0.4,579946,198393.886265214,202857,0.3420902743793629,0.34978601455997627
statistics,0,4,0.4,0.5,120201,52632.74042777932,50591,0.4378727334030442,0.4208866814751957
statistics,0,5,0.5,0.6,33973,18410.07981765211,17472,0.5419032707636096,0.5142907603096577
statistics,0,6,0.6,0.7,14266,9178.65131149774,8200,0.6433934748000659,0.5747932146361979
statistics,0,7,0.7,0.8,6553,4881.06933061702,4406,0.7448602671474164,0.6723638028383946
statistics,0,8,0.8,0.9,3441,2901.7644025304944,2548,0.8432910207877055,0.7404824179017727
statistics,0,9,0.9,1.0,1090,1021.4176413400476,894,0.9370804048991263,0.8201834862385321
statistics,1,0,0.0,0.1,2583,161.05245211063635,475,0.062350929969274625,0.18389469608981804
statistics,1,1,0.1,0.2,14986,2450.3286965177704,4385,0.1635078537646984,0.29260643267049247
statistics,1,2,0.2,0.3,225104,61383.82672869413,75577,0.27269096385978986,0.33574259009169094
statistics,1,3,0.3,0.4,897336,306065.6264532487,308148,0.34108252254812993,0.34340313996095106
statistics,1,4,0.4,0.5,85105,36706.83582062687,31899,0.4313123297177236,0.37481934081428825
statistics,1,5,0.5,0.6,9918,5314.477564929957,4245,0.5358416580893283,0.4280096793708409
statistics,1,6,0.6,0.7,2189,1401.147333695303,1060,0.640085579577571,0.4842393787117405
statistics,1,7,0.7,0.8,478,353.52264202007257,192,0.7395871171968046,0.401673640167364
statistics,1,8,0.8,0.9,51,41.59115063659547,8,0.8155127575803034,0.1568627450980392
statistics,1,9,0.9,1.0,0,0.0,0,,
statistics,2,0,0.0,0.1,20382,1295.7664753336878,1783,0.06357405923529034,0.08747914826807968
statistics,2,1,0.1,0.2,67913,10779.888359557197,11620,0.15873085211310348,0.17110126190861838
statistics,2,2,0.2,0.3,294195,77349.58042606359,73705,0.26291942563967297,0.25053111031798636
statistics,2,3,0.3,0.4,593894,206140.88915816532,200726,0.34710047442500735,0.33798287236442864
statistics,2,4,0.4,0.5,210906,92397.06181236543,92243,0.4380959375853007,0.43736546139038246
statistics,2,5,0.5,0.6,42647,22808.56998995766,22446,0.5348223788298746,0.526320725959622
statistics,2,6,0.6,0.7,6416,4076.7773106628592,3906,0.6354079349536875,0.608790523690773
statistics,2,7,0.7,0.8,1192,878.8383827468899,731,0.737280522438666,0.613255033557047
statistics,2,8,0.8,0.9,205,169.60486689694102,94,0.8273408141314196,0.4585365853658537
statistics,2,9,0.9,1.0,0,0.0,0,,
