representation,regime,metric,n,mean,standard_deviation,standard_error,confidence,ci_low,ci_high
statistics,0,recall,50,0.38961329042349613,0.09140303978199575,0.012926341850182594,0.95,0.3636368339347018,0.41558974691229045
statistics,0,precision,50,0.4224878731517223,0.0877594133824657,0.012411055263138989,0.95,0.39754692382827567,0.44742882247516896
statistics,0,f1,50,0.393038341217916,0.057789826197324146,0.008172715597543978,0.95,0.3766146543329917,0.40946202810284027
statistics,0,prevalence,50,0.3268083215512017,0.07306864850060746,0.010333467369383158,0.95,0.3060424414120063,0.3475742016903971
statistics,0,predicted_proportion,50,0.3015754393051908,0.07631894843186283,0.010793129193839327,0.95,0.2798858341461146,0.323265044464267
statistics,0,prediction_excess,50,-0.025232882246010904,0.10963286377487769,0.015504428283223402,0.95,-0.05639019738982286,0.005924432897801049
statistics,0,roc_auc,50,0.6106080251557957,0.02667552257001456,0.0037724885801904188,0.95,0.6030269255226922,0.6181891247888992
statistics,0,pr_auc,50,0.4309311265113135,0.08312225131236906,0.011755261514093712,0.95,0.4073080440666124,0.45455420895601456
statistics,0,brier,50,0.21235382312499257,0.023913268731875555,0.003381846896129087,0.95,0.20555774734676918,0.21914989890321596
statistics,1,recall,50,0.2825775215798109,0.07851035316520873,0.011103040623293963,0.95,0.2602651260863994,0.30488991707322244
statistics,1,precision,50,0.35963611558283787,0.07731602375910152,0.010934136938888181,0.95,0.33766314475106807,0.38160908641460767
statistics,1,f1,50,0.30815952191894586,0.060360345795284806,0.008536241965322159,0.95,0.29100530144729103,0.3253137423906007
statistics,1,prevalence,50,0.34416400727125834,0.06556749228698795,0.009272643684305167,0.95,0.32552993214055587,0.3627980824019608
statistics,1,predicted_proportion,50,0.27225287820642285,0.07350823113822322,0.010395633742173152,0.95,0.2513620700638865,0.2931436863489592
statistics,1,prediction_excess,50,-0.0719111290648354,0.09780776460751185,0.013832106721333845,0.95,-0.09970778820935682,-0.044114469920313995
statistics,1,roc_auc,50,0.5146479806008015,0.029602354796747898,0.004186405163174112,0.95,0.5062350844522968,0.5230608767493062
statistics,1,pr_auc,50,0.36079730969997087,0.07052005444928697,0.009973041742147075,0.95,0.3407557319760959,0.38083888742384586
statistics,1,brier,50,0.22707324459021852,0.021772053289028554,0.003079033304205393,0.95,0.22088569550779114,0.2332607936726459
statistics,2,recall,50,0.5299343080565123,0.0721634119467559,0.010205447588221884,0.95,0.5094256932994013,0.5504429228136233
statistics,2,precision,50,0.40861305183854646,0.07966592559239488,0.011266463243177068,0.95,0.385972246295031,0.4312538573820619
statistics,2,f1,50,0.45541121793677247,0.05732726947815562,0.008107300198982486,0.95,0.4391189882169243,0.47170344765662064
statistics,2,prevalence,50,0.32902767117753984,0.07223622979488864,0.010215745587063096,0.95,0.30849836181696555,0.3495569805381141
statistics,2,predicted_proportion,50,0.42617168248838616,0.0684452634593083,0.009679621986435342,0.95,0.40671975383967396,0.44562361113709836
statistics,2,prediction_excess,50,0.09714401131084632,0.08683513972028009,0.012280343228298275,0.95,0.07246573765581037,0.12182228496588228
statistics,2,roc_auc,50,0.6170528961678392,0.02601204571858608,0.0036786587840293436,0.95,0.6096603545696059,0.6244454377660725
statistics,2,pr_auc,50,0.4297167409375834,0.08214744662188328,0.011617403312698723,0.95,0.4063706949206408,0.45306278695452595
statistics,2,brier,50,0.2124710762976009,0.02239408476205677,0.003167001838743335,0.95,0.20610674782651953,0.21883540476868227
signature,0,recall,50,0.30359952293539505,0.06094137652150976,0.00861841211864044,0.95,0.28628017535840067,0.32091887051238943
signature,0,precision,50,0.44994669515752184,0.09874058829891474,0.013964027912902336,0.95,0.4218849304531718,0.47800845986187185
signature,0,f1,50,0.35470753657937515,0.05223437686539927,0.007387056418515508,0.95,0.3398626909254498,0.3695523822333005
signature,0,prevalence,50,0.3268083215512017,0.07306864850060746,0.010333467369383158,0.95,0.3060424414120063,0.3475742016903971
signature,0,predicted_proportion,50,0.22146233084225403,0.050605647631999574,0.00715671932138477,0.95,0.20708036491491483,0.23584429676959323
signature,0,prediction_excess,50,-0.1053459907089477,0.08531573800098446,0.012065467376486188,0.95,-0.12959245517312504,-0.08109952624477038
signature,0,roc_auc,50,0.5956610167504587,0.028403355833945577,0.004016841103727481,0.95,0.587588872336925,0.6037331611639923
signature,0,pr_auc,50,0.4348896085010176,0.08579881712443849,0.012133785081294986,0.95,0.410505854468999,0.4592733625330362
signature,0,brier,50,0.21333132120832915,0.023965493229620605,0.0033892325554290043,0.95,0.20652040339206676,0.22014223902459154
signature,1,recall,50,0.226233605730558,0.08111252548236833,0.011471043361549856,0.95,0.20318168104715167,0.24928553041396434
signature,1,precision,50,0.37478824649559755,0.08824749126767052,0.012480079899614091,0.95,0.34970858697193874,0.39986790601925637
signature,1,f1,50,0.2716951346599565,0.06859729540449215,0.009701122550314639,0.95,0.2521999990104881,0.29119027030942485
signature,1,prevalence,50,0.34416400727125834,0.06556749228698795,0.009272643684305167,0.95,0.32552993214055587,0.3627980824019608
signature,1,predicted_proportion,50,0.21116784487982218,0.0776053798365673,0.0109750580677989,0.95,0.18911263996071803,0.23322304979892633
signature,1,prediction_excess,50,-0.13299616239143608,0.09830755658959424,0.01390278798127647,0.95,-0.16093486084566727,-0.10505746393720489
signature,1,roc_auc,50,0.5204864636914606,0.031249333327377102,0.004419323100669425,0.95,0.511605501423482,0.5293674259594391
signature,1,pr_auc,50,0.36672953556730115,0.07483628419719501,0.010583448806928051,0.95,0.34546129892147354,0.38799777221312876
signature,1,brier,50,0.22665644435359739,0.021475754703223392,0.0030371303563496302,0.95,0.22055310239754367,0.2327597863096511
signature,2,recall,50,0.6611933963642914,0.07563799930549088,0.010696828444859195,0.95,0.6396973148056827,0.6826894779229001
signature,2,precision,50,0.3832614903202348,0.08013881501439543,0.011333339906586663,0.95,0.36048629108998964,0.40603668955048
signature,2,f1,50,0.4786672050164293,0.06521396054300828,0.009222646745598619,0.95,0.46013360249568375,0.4972008075371748
signature,2,prevalence,50,0.32902767117753984,0.07223622979488864,0.010215745587063096,0.95,0.30849836181696555,0.3495569805381141
signature,2,predicted_proportion,50,0.5673698242779236,0.07174458550481153,0.010146216584774062,0.95,0.5469802386786117,0.5877594098772355
signature,2,prediction_excess,50,0.23834215310038379,0.09710739325399075,0.01373305925464913,0.95,0.21074453729221237,0.2659397689085552
signature,2,roc_auc,50,0.6025919124795521,0.0300626538698634,0.004251501282368883,0.95,0.5940482007818804,0.6111356241772239
signature,2,pr_auc,50,0.40019589131040156,0.08306884792045292,0.011747709133981259,0.95,0.37658798594175585,0.4238037966790473
signature,2,brier,50,0.214411159597222,0.022696200210902497,0.003209727415259341,0.95,0.207960970865582,0.22086134832886203
combined,0,recall,50,0.35239354117110067,0.08358417114836915,0.01182058684377376,0.95,0.32863918256151725,0.3761478997806841
combined,0,precision,50,0.4472213351507399,0.09519489397139633,0.013462591012301746,0.95,0.42016724562481966,0.4742754246766602
combined,0,f1,50,0.38313690825948477,0.05665250861567871,0.008011874602675145,0.95,0.3670364434549641,0.3992373730640054
combined,0,prevalence,50,0.3268083215512017,0.07306864850060746,0.010333467369383158,0.95,0.3060424414120063,0.3475742016903971
combined,0,predicted_proportion,50,0.258065845283781,0.06587690761734846,0.009316401619965364,0.95,0.23934383528914788,0.27678785527841415
combined,0,prediction_excess,50,-0.06874247626742074,0.09805244155611217,0.01386670926724491,0.95,-0.09660867183134664,-0.040876280703494826
combined,0,roc_auc,50,0.621779337315854,0.02706685842885956,0.0038278318280925714,0.95,0.614087021262224,0.629471653369484
combined,0,pr_auc,50,0.44980521125222617,0.08464627964697555,0.011970791668117849,0.95,0.4257490047471435,0.47386141775730883
combined,0,brier,50,0.21076106157468438,0.024059982532531877,0.0034025953607966343,0.95,0.20392329019565664,0.21759883295371213
combined,1,recall,50,0.2649364746869553,0.08153560492391827,0.011530875829969972,0.95,0.24176431215663557,0.28810863721727503
combined,1,precision,50,0.36597852934763225,0.08476864389837689,0.011988096586505992,0.95,0.34188754730707627,0.39006951138818824
combined,1,f1,50,0.29905834695050176,0.06546082151052415,0.009257558158426769,0.95,0.28045458731904355,0.31766210658196
combined,1,prevalence,50,0.34416400727125834,0.06556749228698795,0.009272643684305167,0.95,0.32552993214055587,0.3627980824019608
combined,1,predicted_proportion,50,0.2514885881640072,0.07632240247631868,0.010793617669490775,0.95,0.22979800137635795,0.2731791749516565
combined,1,prediction_excess,50,-0.09267541910725109,0.09507923240338327,0.013446233996488807,0.95,-0.11969663797924032,-0.06565420023526186
combined,1,roc_auc,50,0.5196336570729652,0.033268778813052076,0.004704915820100892,0.95,0.5101787747481128,0.5290885393978175
combined,1,pr_auc,50,0.3650980470655665,0.07422818227244589,0.010497450207999512,0.95,0.34400263107457346,0.3861934630565595
combined,1,brier,50,0.22641805922623937,0.021444537213772576,0.003032715536653172,0.95,0.22032358918252404,0.2325125292699547
combined,2,recall,50,0.6029170476253861,0.072372411740774,0.01023500462254524,0.95,0.5823490357840159,0.6234850594667564
combined,2,precision,50,0.4046796197883316,0.0814930353907142,0.011524855588849863,0.95,0.38151955538548843,0.4278396841911748
combined,2,f1,50,0.477686671351363,0.059881705816694525,0.008468552050400525,0.95,0.46066847885653806,0.49470486384618795
combined,2,prevalence,50,0.32902767117753984,0.07223622979488864,0.010215745587063096,0.95,0.30849836181696555,0.3495569805381141
combined,2,predicted_proportion,50,0.49044556655221155,0.07300180298060698,0.010324013985286302,0.95,0.46969868369960427,0.5111924494048189
combined,2,prediction_excess,50,0.1614178953746718,0.09500939002503686,0.013436356792620218,0.95,0.13441652548698896,0.18841926526235464
combined,2,roc_auc,50,0.6272133144690758,0.02734831890223052,0.0038676363499638875,0.95,0.6194410082339674,0.6349856207041842
combined,2,pr_auc,50,0.4343525044961543,0.0825862541975545,0.011679460075177351,0.95,0.4108817507460383,0.45782325824627035
combined,2,brier,50,0.21139986809509193,0.022258260218093847,0.003147793347525784,0.95,0.20507414053230397,0.21772559565787988
