year,cell,learner,setting,n_features,validation_ba,n_train,n_validation,n_test,selected,test_ba
2005,b3,gbm,max_leaf_nodes=7,43,0.4890365371459051,2832,735,252,False,
2005,b3,logistic,C=1.0,43,0.47565543071161054,2832,735,252,False,
2005,b3,random_forest,max_depth=4,43,0.5594438839994899,2832,735,252,True,0.3845679012345679
2005,b3_logsig,gbm,max_leaf_nodes=31,57,0.4794819169536531,2832,735,252,False,
2005,b3_logsig,logistic,C=1.0,57,0.6114493106527058,2832,735,252,True,0.4160493827160494
2005,b3_logsig,random_forest,max_depth=4,57,0.5745411115362763,2832,735,252,False,
2005,b3_rawsig,gbm,max_leaf_nodes=7,82,0.5223269674516762,2832,735,252,False,
2005,b3_rawsig,logistic,C=0.01,82,0.56941593905451,2832,735,252,False,
2005,b3_rawsig,random_forest,max_depth=4,82,0.5763384005287508,2832,735,252,True,0.3907407407407407
2005,hmm,gbm,max_leaf_nodes=7,3,0.5530895977551281,2832,735,252,False,
2005,hmm,logistic,C=0.01,3,0.5534722463793323,2832,735,252,False,
2005,hmm,random_forest,max_depth=10,3,0.5644415069398546,2832,735,252,True,0.5024691358024691
2005,statistics,gbm,max_leaf_nodes=7,14,0.45376329124198467,2832,735,252,False,
2005,statistics,logistic,C=1.0,14,0.5810809243863128,2832,735,252,True,0.40925925925925927
2005,statistics,random_forest,max_depth=10,14,0.5245880729583376,2832,735,252,False,
2005,statistics_logsig,gbm,max_leaf_nodes=31,28,0.5225588757087697,2832,735,252,False,
2005,statistics_logsig,logistic,C=0.1,28,0.5798170243851531,2832,735,252,True,0.4895061728395062
2005,statistics_logsig,random_forest,max_depth=6,28,0.5667837803364989,2832,735,252,False,
2005,statistics_rawsig,gbm,max_leaf_nodes=31,53,0.4977562876126204,2832,735,252,False,
2005,statistics_rawsig,logistic,C=0.01,53,0.6075648473463898,2832,735,252,True,0.5277777777777778
2005,statistics_rawsig,random_forest,max_depth=4,53,0.5901369418258137,2832,735,252,False,
2006,b3,gbm,max_leaf_nodes=31,43,0.5011378850183525,3084,735,251,False,
2006,b3,logistic,C=0.01,43,0.4482004735862832,3084,735,251,False,
2006,b3,random_forest,max_depth=4,43,0.5776415528721254,3084,735,251,True,0.31106620706050164
2006,b3_logsig,gbm,max_leaf_nodes=31,57,0.5246421771054225,3084,735,251,False,
2006,b3_logsig,logistic,C=1.0,57,0.5000913158615652,3084,735,251,False,
2006,b3_logsig,random_forest,max_depth=4,57,0.5914835155543766,3084,735,251,True,0.3525496255794603
2006,b3_rawsig,gbm,max_leaf_nodes=31,82,0.4873898351434649,3084,735,251,False,
2006,b3_rawsig,logistic,C=0.01,82,0.5396620660865935,3084,735,251,False,
2006,b3_rawsig,random_forest,max_depth=4,82,0.5913240751611677,3084,735,251,True,0.3432386386148421
2006,hmm,gbm,max_leaf_nodes=15,3,0.5644599995458365,3084,735,251,False,
2006,hmm,logistic,C=0.1,3,0.5925001896374374,3084,735,251,False,
2006,hmm,random_forest,max_depth=10,3,0.595469404596425,3084,735,251,True,0.5333903878917549
2006,statistics,gbm,max_leaf_nodes=31,14,0.5448781827080612,3084,735,251,False,
2006,statistics,logistic,C=0.01,14,0.648366050018867,3084,735,251,True,0.398391378422283
2006,statistics,random_forest,max_depth=4,14,0.6098011029409988,3084,735,251,False,
2006,statistics_logsig,gbm,max_leaf_nodes=31,28,0.5777119723791261,3084,735,251,False,
2006,statistics_logsig,logistic,C=1.0,28,0.6283556767302544,3084,735,251,True,0.3308371964023931
2006,statistics_logsig,random_forest,max_depth=10,28,0.6064468152747762,3084,735,251,False,
2006,statistics_rawsig,gbm,max_leaf_nodes=31,53,0.5691145719339491,3084,735,251,False,
2006,statistics_rawsig,logistic,C=0.1,53,0.6580516311476955,3084,735,251,True,0.3662981893101946
2006,statistics_rawsig,random_forest,max_depth=10,53,0.651818659260902,3084,735,251,False,
2007,b3,gbm,max_leaf_nodes=7,43,0.3029239399244589,3336,734,251,False,
2007,b3,logistic,C=0.01,43,0.2911764761790709,3336,734,251,False,
2007,b3,random_forest,max_depth=4,43,0.36317008540672263,3336,734,251,True,0.39855699855699855
2007,b3_logsig,gbm,max_leaf_nodes=15,57,0.28980593874210897,3336,734,251,False,
2007,b3_logsig,logistic,C=1.0,57,0.3032499415478139,3336,734,251,False,
2007,b3_logsig,random_forest,max_depth=6,57,0.3841933883449193,3336,734,251,True,0.5156325156325156
2007,b3_rawsig,gbm,max_leaf_nodes=31,82,0.3158328438556773,3336,734,251,False,
2007,b3_rawsig,logistic,C=1.0,82,0.31342062193126025,3336,734,251,False,
2007,b3_rawsig,random_forest,max_depth=4,82,0.38942937360166213,3336,734,251,True,0.5076479076479076
2007,hmm,gbm,max_leaf_nodes=15,3,0.4481182197840216,3336,734,251,True,0.502020202020202
2007,hmm,logistic,C=0.01,3,0.423846305916882,3336,734,251,False,
2007,hmm,random_forest,max_depth=10,3,0.4451034175995256,3336,734,251,False,
2007,statistics,gbm,max_leaf_nodes=31,14,0.381419998441275,3336,734,251,False,
2007,statistics,logistic,C=0.01,14,0.4102953783804848,3336,734,251,True,0.4831168831168831
2007,statistics,random_forest,max_depth=10,14,0.39618891746551316,3336,734,251,False,
2007,statistics_logsig,gbm,max_leaf_nodes=15,28,0.3506936326085262,3336,734,251,False,
2007,statistics_logsig,logistic,C=1.0,28,0.4014106460914972,3336,734,251,True,0.624915824915825
2007,statistics_logsig,random_forest,max_depth=10,28,0.3832125321487024,3336,734,251,False,
2007,statistics_rawsig,gbm,max_leaf_nodes=7,53,0.34611487802977164,3336,734,251,False,
2007,statistics_rawsig,logistic,C=0.01,53,0.41611208373014286,3336,734,251,True,0.5415103415103415
2007,statistics_rawsig,random_forest,max_depth=10,53,0.38056269971163587,3336,734,251,False,
2008,b3,gbm,max_leaf_nodes=31,43,0.4255463266708235,3588,733,253,False,
2008,b3,logistic,C=0.01,43,0.4227630048198509,3588,733,253,False,
2008,b3,random_forest,max_depth=10,43,0.45040417045775216,3588,733,253,True,0.49130434782608695
2008,b3_logsig,gbm,max_leaf_nodes=31,57,0.4219717064742194,3588,733,253,False,
2008,b3_logsig,logistic,C=0.1,57,0.47397856365840735,3588,733,253,True,0.45217391304347826
2008,b3_logsig,random_forest,max_depth=10,57,0.47126351932910726,3588,733,253,False,
2008,b3_rawsig,gbm,max_leaf_nodes=15,82,0.43179425611476296,3588,733,253,False,
2008,b3_rawsig,logistic,C=0.01,82,0.4610810530145464,3588,733,253,False,
2008,b3_rawsig,random_forest,max_depth=10,82,0.46518699863721996,3588,733,253,True,0.48695652173913045
2008,hmm,gbm,max_leaf_nodes=7,3,0.5038553712886645,3588,733,253,False,
2008,hmm,logistic,C=0.01,3,0.521245763300838,3588,733,253,True,0.6065217391304348
2008,hmm,random_forest,max_depth=4,3,0.513104860421174,3588,733,253,False,
2008,statistics,gbm,max_leaf_nodes=15,14,0.5143254253843016,3588,733,253,True,0.48695652173913045
2008,statistics,logistic,C=0.01,14,0.4696483925097176,3588,733,253,False,
2008,statistics,random_forest,max_depth=10,14,0.49808353754776635,3588,733,253,False,
2008,statistics_logsig,gbm,max_leaf_nodes=15,28,0.4958783702084082,3588,733,253,False,
2008,statistics_logsig,logistic,C=1.0,28,0.5129556746321094,3588,733,253,True,0.3847826086956522
2008,statistics_logsig,random_forest,max_depth=6,28,0.4806077390545131,3588,733,253,False,
2008,statistics_rawsig,gbm,max_leaf_nodes=15,53,0.4796714552385586,3588,733,253,False,
2008,statistics_rawsig,logistic,C=0.1,53,0.5181061293046975,3588,733,253,True,0.4826086956521739
2008,statistics_rawsig,random_forest,max_depth=10,53,0.4759254262899022,3588,733,253,False,
2009,b3,gbm,max_leaf_nodes=7,43,0.5246582941468101,3840,734,252,False,
2009,b3,logistic,C=0.01,43,0.5294614887375069,3840,734,252,False,
2009,b3,random_forest,max_depth=4,43,0.5795391484434386,3840,734,252,True,0.3069306930693069
2009,b3_logsig,gbm,max_leaf_nodes=15,57,0.539166906370068,3840,734,252,False,
2009,b3_logsig,logistic,C=0.01,57,0.5729260620434228,3840,734,252,False,
2009,b3_logsig,random_forest,max_depth=10,57,0.5806828011708016,3840,734,252,True,0.33202695269526955
2009,b3_rawsig,gbm,max_leaf_nodes=31,82,0.5458620269319622,3840,734,252,False,
2009,b3_rawsig,logistic,C=0.01,82,0.575450133614977,3840,734,252,False,
2009,b3_rawsig,random_forest,max_depth=4,82,0.5985466315954889,3840,734,252,True,0.31456270627062705
2009,hmm,gbm,max_leaf_nodes=7,3,0.6285004302072863,3840,734,252,False,
2009,hmm,logistic,C=0.01,3,0.6228747959373998,3840,734,252,False,
2009,hmm,random_forest,max_depth=10,3,0.6286603024102307,3840,734,252,True,0.43392464246424645
2009,statistics,gbm,max_leaf_nodes=31,14,0.5463884302878518,3840,734,252,False,
2009,statistics,logistic,C=0.01,14,0.5779822827190947,3840,734,252,False,
2009,statistics,random_forest,max_depth=4,14,0.5820346863934699,3840,734,252,True,0.3118811881188119
2009,statistics_logsig,gbm,max_leaf_nodes=31,28,0.5823198128026583,3840,734,252,False,
2009,statistics_logsig,logistic,C=0.01,28,0.6251274833954255,3840,734,252,True,0.4036028602860286
2009,statistics_logsig,random_forest,max_depth=6,28,0.5929798479199934,3840,734,252,False,
2009,statistics_rawsig,gbm,max_leaf_nodes=7,53,0.5766869402243707,3840,734,252,False,
2009,statistics_rawsig,logistic,C=0.01,53,0.6219783996288951,3840,734,252,True,0.3615924092409241
2009,statistics_rawsig,random_forest,max_depth=6,53,0.5860434504113982,3840,734,252,False,
2010,b3,gbm,max_leaf_nodes=31,43,0.4463677986435864,4091,735,252,False,
2010,b3,logistic,C=0.01,43,0.5904105694706286,4091,735,252,True,0.43265421618562533
2010,b3,random_forest,max_depth=4,43,0.48013762728279286,4091,735,252,False,
2010,b3_logsig,gbm,max_leaf_nodes=31,57,0.42230805224341444,4091,735,252,False,
2010,b3_logsig,logistic,C=0.01,57,0.6170777258172895,4091,735,252,True,0.5705998868138087
2010,b3_logsig,random_forest,max_depth=6,57,0.5344753758974066,4091,735,252,False,
2010,b3_rawsig,gbm,max_leaf_nodes=31,82,0.5395832823250006,4091,735,252,False,
2010,b3_rawsig,logistic,C=0.01,82,0.5968008933939448,4091,735,252,True,0.5416938748857255
2010,b3_rawsig,random_forest,max_depth=6,82,0.5410732697293429,4091,735,252,False,
2010,hmm,gbm,max_leaf_nodes=7,3,0.5930737485275595,4091,735,252,False,
2010,hmm,logistic,C=0.01,3,0.6066391085647752,4091,735,252,True,0.5091093117408907
2010,hmm,random_forest,max_depth=6,3,0.5978131707595753,4091,735,252,False,
2010,statistics,gbm,max_leaf_nodes=7,14,0.46194343107890107,4091,735,252,False,
2010,statistics,logistic,C=0.01,14,0.6018036546450228,4091,735,252,True,0.521048278263898
2010,statistics,random_forest,max_depth=10,14,0.4337944486611332,4091,735,252,False,
2010,statistics_logsig,gbm,max_leaf_nodes=31,28,0.4996500148264221,4091,735,252,False,
2010,statistics_logsig,logistic,C=0.1,28,0.615241833905987,4091,735,252,True,0.5510643855295808
2010,statistics_logsig,random_forest,max_depth=6,28,0.5411909289501534,4091,735,252,False,
2010,statistics_rawsig,gbm,max_leaf_nodes=7,53,0.5564734335000966,4091,735,252,False,
2010,statistics_rawsig,logistic,C=0.01,53,0.6475264359185716,4091,735,252,True,0.5200470158025335
2010,statistics_rawsig,random_forest,max_depth=10,53,0.5698920255612957,4091,735,252,False,
2011,b3,gbm,max_leaf_nodes=7,43,0.40201338455371544,4342,736,252,False,
2011,b3,logistic,C=1.0,43,0.414559003797313,4342,736,252,True,0.392621399088537
2011,b3,random_forest,max_depth=6,43,0.3503112842504306,4342,736,252,False,
2011,b3_logsig,gbm,max_leaf_nodes=15,57,0.409461109685737,4342,736,252,False,
2011,b3_logsig,logistic,C=0.01,57,0.4831983300433372,4342,736,252,True,0.42255071176713527
2011,b3_logsig,random_forest,max_depth=4,57,0.35126570311377336,4342,736,252,False,
2011,b3_rawsig,gbm,max_leaf_nodes=7,82,0.4704941742924181,4342,736,252,False,
2011,b3_rawsig,logistic,C=1.0,82,0.5166038629383535,4342,736,252,True,0.3250924473664735
2011,b3_rawsig,random_forest,max_depth=4,82,0.3729758960512483,4342,736,252,False,
2011,hmm,gbm,max_leaf_nodes=7,3,0.5261233256944916,4342,736,252,False,
2011,hmm,logistic,C=0.1,3,0.5176115151610353,4342,736,252,False,
2011,hmm,random_forest,max_depth=10,3,0.5401914771937234,4342,736,252,True,0.45350655427358694
2011,statistics,gbm,max_leaf_nodes=7,14,0.36534199960787667,4342,736,252,False,
2011,statistics,logistic,C=0.01,14,0.4619494928868015,4342,736,252,True,0.4284102872612423
2011,statistics,random_forest,max_depth=10,14,0.38194877147296996,4342,736,252,False,
2011,statistics_logsig,gbm,max_leaf_nodes=31,28,0.4196141366858132,4342,736,252,False,
2011,statistics_logsig,logistic,C=0.01,28,0.5023021246219123,4342,736,252,True,0.45801373640146387
2011,statistics_logsig,random_forest,max_depth=6,28,0.39983663467429037,4342,736,252,False,
2011,statistics_rawsig,gbm,max_leaf_nodes=15,53,0.4633431596878605,4342,736,252,False,
2011,statistics_rawsig,logistic,C=1.0,53,0.48948015733802946,4342,736,252,True,0.41773795796957175
2011,statistics_rawsig,random_forest,max_depth=10,53,0.42097056922460235,4342,736,252,False,
2012,b3,gbm,max_leaf_nodes=7,43,0.45532119395755766,4595,735,250,False,
2012,b3,logistic,C=1.0,43,0.47032323736869186,4595,735,250,True,0.3149458643043817
2012,b3,random_forest,max_depth=10,43,0.4572482441800623,4595,735,250,False,
2012,b3_logsig,gbm,max_leaf_nodes=7,57,0.48423262343716883,4595,735,250,False,
2012,b3_logsig,logistic,C=0.01,57,0.5284582841401023,4595,735,250,True,0.398856192512643
2012,b3_logsig,random_forest,max_depth=6,57,0.4810719583446856,4595,735,250,False,
2012,b3_rawsig,gbm,max_leaf_nodes=31,82,0.5398323267641449,4595,735,250,True,0.30913348946135827
2012,b3_rawsig,logistic,C=1.0,82,0.5206034495807222,4595,735,250,False,
2012,b3_rawsig,random_forest,max_depth=6,82,0.4813236006417825,4595,735,250,False,
2012,hmm,gbm,max_leaf_nodes=7,3,0.5428993355129719,4595,735,250,True,0.3966754912941655
2012,hmm,logistic,C=0.01,3,0.5105065389156298,4595,735,250,False,
2012,hmm,random_forest,max_depth=10,3,0.5240375155147882,4595,735,250,False,
2012,statistics,gbm,max_leaf_nodes=31,14,0.46171726001271457,4595,735,250,False,
2012,statistics,logistic,C=0.01,14,0.5084177186449913,4595,735,250,True,0.2784763941214405
2012,statistics,random_forest,max_depth=10,14,0.44545605909242275,4595,735,250,False,
2012,statistics_logsig,gbm,max_leaf_nodes=15,28,0.47782425907425913,4595,735,250,False,
2012,statistics_logsig,logistic,C=1.0,28,0.5352195153331517,4595,735,250,True,0.4366408716016699
2012,statistics_logsig,random_forest,max_depth=6,28,0.48271709351254805,4595,735,250,False,
2012,statistics_rawsig,gbm,max_leaf_nodes=31,53,0.502869289801108,4595,735,250,False,
2012,statistics_rawsig,logistic,C=0.01,53,0.517637665364938,4595,735,250,True,0.45647931303669004
2012,statistics_rawsig,random_forest,max_depth=4,53,0.48650875639512003,4595,735,250,False,
2013,b3,gbm,max_leaf_nodes=31,43,0.4473151539818206,4847,733,252,False,
2013,b3,logistic,C=0.1,43,0.4670573870573871,4847,733,252,False,
2013,b3,random_forest,max_depth=4,43,0.4737267670601004,4847,733,252,True,0.29022988505747127
2013,b3_logsig,gbm,max_leaf_nodes=7,57,0.4694017094017094,4847,733,252,False,
2013,b3_logsig,logistic,C=0.01,57,0.48772215438882105,4847,733,252,True,0.2516544757924068
2013,b3_logsig,random_forest,max_depth=4,57,0.48058608058608066,4847,733,252,False,
2013,b3_rawsig,gbm,max_leaf_nodes=31,82,0.4912603445936779,4847,733,252,True,0.272466039707419
2013,b3_rawsig,logistic,C=0.1,82,0.4796743996743997,4847,733,252,False,
2013,b3_rawsig,random_forest,max_depth=10,82,0.4854483787817121,4847,733,252,False,
2013,hmm,gbm,max_leaf_nodes=15,3,0.4934744268077602,4847,733,252,False,
2013,hmm,logistic,C=1.0,3,0.4984072717406051,4847,733,252,False,
2013,hmm,random_forest,max_depth=6,3,0.503980463980464,4847,733,252,True,0.23284569836293975
2013,statistics,gbm,max_leaf_nodes=31,14,0.46636819970153304,4847,733,252,True,0.2786485545106235
2013,statistics,logistic,C=1.0,14,0.463709130375797,4847,733,252,False,
2013,statistics,random_forest,max_depth=6,14,0.4609252475919143,4847,733,252,False,
2013,statistics_logsig,gbm,max_leaf_nodes=15,28,0.4696187762854429,4847,733,252,False,
2013,statistics_logsig,logistic,C=1.0,28,0.5292144892144892,4847,733,252,True,0.2762103796586555
2013,statistics_logsig,random_forest,max_depth=6,28,0.4901261701261701,4847,733,252,False,
2013,statistics_rawsig,gbm,max_leaf_nodes=7,53,0.4884439017772351,4847,733,252,False,
2013,statistics_rawsig,logistic,C=0.01,53,0.5025966625966626,4847,733,252,True,0.30268199233716475
2013,statistics_rawsig,random_forest,max_depth=10,53,0.49465744132410805,4847,733,252,False,
2014,b3,gbm,max_leaf_nodes=31,43,0.4740169994626096,5099,733,252,False,
2014,b3,logistic,C=1.0,43,0.4490022778072877,5099,733,252,False,
2014,b3,random_forest,max_depth=6,43,0.495107129718751,5099,733,252,True,0.32304347826086954
2014,b3_logsig,gbm,max_leaf_nodes=31,57,0.47213868487137467,5099,733,252,False,
2014,b3_logsig,logistic,C=1.0,57,0.4725654686545228,5099,733,252,False,
2014,b3_logsig,random_forest,max_depth=10,57,0.48404847074506446,5099,733,252,True,0.3793458676067372
2014,b3_rawsig,gbm,max_leaf_nodes=31,82,0.4758988641139072,5099,733,252,False,
2014,b3_rawsig,logistic,C=0.01,82,0.48627202867738517,5099,733,252,False,
2014,b3_rawsig,random_forest,max_depth=6,82,0.4976986735644333,5099,733,252,True,0.3504582843713278
2014,hmm,gbm,max_leaf_nodes=31,3,0.49791622568264327,5099,733,252,True,0.29079514296905606
2014,hmm,logistic,C=1.0,3,0.4933186760228499,5099,733,252,False,
2014,hmm,random_forest,max_depth=10,3,0.48300874690423673,5099,733,252,False,
2014,statistics,gbm,max_leaf_nodes=31,14,0.5195090222557703,5099,733,252,True,0.2838151194672934
2014,statistics,logistic,C=0.01,14,0.4643145743722052,5099,733,252,False,
2014,statistics,random_forest,max_depth=6,14,0.499467934748121,5099,733,252,False,
2014,statistics_logsig,gbm,max_leaf_nodes=15,28,0.4948738242090133,5099,733,252,False,
2014,statistics_logsig,logistic,C=0.01,28,0.5151954774009834,5099,733,252,False,
2014,statistics_logsig,random_forest,max_depth=6,28,0.5231300835196006,5099,733,252,True,0.4015942028985507
2014,statistics_rawsig,gbm,max_leaf_nodes=15,53,0.5147320836234398,5099,733,252,False,
2014,statistics_rawsig,logistic,C=0.01,53,0.5175684706740632,5099,733,252,False,
2014,statistics_rawsig,random_forest,max_depth=10,53,0.5377534465536239,5099,733,252,True,0.3856756756756757
2015,b3,gbm,max_leaf_nodes=15,43,0.32738055360364554,5351,733,252,False,
2015,b3,logistic,C=1.0,43,0.35381075792034694,5351,733,252,True,0.3045457611942129
2015,b3,random_forest,max_depth=4,43,0.34548823355085584,5351,733,252,False,
2015,b3_logsig,gbm,max_leaf_nodes=7,57,0.3219313246710507,5351,733,252,False,
2015,b3_logsig,logistic,C=1.0,57,0.4069778472909588,5351,733,252,True,0.31850502597314984
2015,b3_logsig,random_forest,max_depth=6,57,0.3625575813442741,5351,733,252,False,
2015,b3_rawsig,gbm,max_leaf_nodes=7,82,0.3629694553373614,5351,733,252,False,
2015,b3_rawsig,logistic,C=1.0,82,0.42049010150771404,5351,733,252,True,0.3201860744665845
2015,b3_rawsig,random_forest,max_depth=10,82,0.39197869941509866,5351,733,252,False,
2015,hmm,gbm,max_leaf_nodes=31,3,0.32555885491306236,5351,733,252,False,
2015,hmm,logistic,C=1.0,3,0.3489408054965785,5351,733,252,True,0.456714074564712
2015,hmm,random_forest,max_depth=4,3,0.3413495127780842,5351,733,252,False,
2015,statistics,gbm,max_leaf_nodes=31,14,0.4099099938630271,5351,733,252,True,0.23711185933408152
2015,statistics,logistic,C=0.01,14,0.3540269371971916,5351,733,252,False,
2015,statistics,random_forest,max_depth=4,14,0.3768273445377164,5351,733,252,False,
2015,statistics_logsig,gbm,max_leaf_nodes=7,28,0.40366883517568447,5351,733,252,True,0.3069480475673554
2015,statistics_logsig,logistic,C=0.01,28,0.3890784550275744,5351,733,252,False,
2015,statistics_logsig,random_forest,max_depth=6,28,0.39128432318256195,5351,733,252,False,
2015,statistics_rawsig,gbm,max_leaf_nodes=15,53,0.45750108509404014,5351,733,252,True,0.3347193857212072
2015,statistics_rawsig,logistic,C=0.01,53,0.40577236448077936,5351,733,252,False,
2015,statistics_rawsig,random_forest,max_depth=10,53,0.4274783589852083,5351,733,252,False,
2016,b3,gbm,max_leaf_nodes=15,43,0.3340632125640172,5601,735,252,False,
2016,b3,logistic,C=0.01,43,0.3368022091756387,5601,735,252,False,
2016,b3,random_forest,max_depth=4,43,0.35743463691102484,5601,735,252,True,0.39095412523983947
2016,b3_logsig,gbm,max_leaf_nodes=7,57,0.361109576074452,5601,735,252,False,
2016,b3_logsig,logistic,C=0.1,57,0.3575454051563478,5601,735,252,False,
2016,b3_logsig,random_forest,max_depth=4,57,0.38073723021423705,5601,735,252,True,0.4149541252398395
2016,b3_rawsig,gbm,max_leaf_nodes=7,82,0.3689348245539061,5601,735,252,False,
2016,b3_rawsig,logistic,C=1.0,82,0.376987319860378,5601,735,252,False,
2016,b3_rawsig,random_forest,max_depth=4,82,0.39157876432741817,5601,735,252,True,0.4565951508808652
2016,hmm,gbm,max_leaf_nodes=7,3,0.34697317787464477,5601,735,252,False,
2016,hmm,logistic,C=1.0,3,0.35422377003038635,5601,735,252,True,0.454407116692831
2016,hmm,random_forest,max_depth=6,3,0.3477334508311794,5601,735,252,False,
2016,statistics,gbm,max_leaf_nodes=7,14,0.31306863898000864,5601,735,252,False,
2016,statistics,logistic,C=0.01,14,0.3598503548022333,5601,735,252,False,
2016,statistics,random_forest,max_depth=4,14,0.36651757162603854,5601,735,252,True,0.411092970521542
2016,statistics_logsig,gbm,max_leaf_nodes=31,28,0.3626232450232884,5601,735,252,False,
2016,statistics_logsig,logistic,C=0.01,28,0.38260506282106826,5601,735,252,True,0.47461433804290953
2016,statistics_logsig,random_forest,max_depth=10,28,0.36141406594615727,5601,735,252,False,
2016,statistics_rawsig,gbm,max_leaf_nodes=7,53,0.4012867045685638,5601,735,252,True,0.4805630559916274
2016,statistics_rawsig,logistic,C=0.01,53,0.3966593058588788,5601,735,252,False,
2016,statistics_rawsig,random_forest,max_depth=10,53,0.39953958724460675,5601,735,252,False,
2017,b3,gbm,max_leaf_nodes=15,43,0.3645052477650392,5853,735,251,True,0.8685258964143426
2017,b3,logistic,C=0.1,43,0.34665255103488807,5853,735,251,False,
2017,b3,random_forest,max_depth=10,43,0.3610789053420775,5853,735,251,False,
2017,b3_logsig,gbm,max_leaf_nodes=7,57,0.3847390605500914,5853,735,251,False,
2017,b3_logsig,logistic,C=0.01,57,0.3933471458807009,5853,735,251,False,
2017,b3_logsig,random_forest,max_depth=10,57,0.39706305349051846,5853,735,251,True,0.9840637450199203
2017,b3_rawsig,gbm,max_leaf_nodes=7,82,0.41830080288329424,5853,735,251,False,
2017,b3_rawsig,logistic,C=0.01,82,0.40149167312185213,5853,735,251,False,
2017,b3_rawsig,random_forest,max_depth=10,82,0.4320728413843851,5853,735,251,True,0.952191235059761
2017,hmm,gbm,max_leaf_nodes=7,3,0.3870541910778343,5853,735,251,False,
2017,hmm,logistic,C=1.0,3,0.412701013353699,5853,735,251,True,0.9561752988047809
2017,hmm,random_forest,max_depth=6,3,0.3910267687226551,5853,735,251,False,
2017,statistics,gbm,max_leaf_nodes=7,14,0.3328931288494557,5853,735,251,False,
2017,statistics,logistic,C=1.0,14,0.37295127322661886,5853,735,251,False,
2017,statistics,random_forest,max_depth=6,14,0.39553062259223903,5853,735,251,True,0.9760956175298805
2017,statistics_logsig,gbm,max_leaf_nodes=7,28,0.4003458822724976,5853,735,251,False,
2017,statistics_logsig,logistic,C=1.0,28,0.4153971468531577,5853,735,251,False,
2017,statistics_logsig,random_forest,max_depth=10,28,0.4254092792586819,5853,735,251,True,0.952191235059761
2017,statistics_rawsig,gbm,max_leaf_nodes=31,53,0.43406883037212296,5853,735,251,False,
2017,statistics_rawsig,logistic,C=0.1,53,0.4377603838561625,5853,735,251,False,
2017,statistics_rawsig,random_forest,max_depth=10,53,0.44173210739837593,5853,735,251,True,0.9601593625498008
2018,b3,gbm,max_leaf_nodes=31,43,0.48787091379390474,6105,734,251,False,
2018,b3,logistic,C=0.01,43,0.478418702871019,6105,734,251,False,
2018,b3,random_forest,max_depth=10,43,0.5258996080088768,6105,734,251,True,0.3662838283828383
2018,b3_logsig,gbm,max_leaf_nodes=7,57,0.48913192265909117,6105,734,251,False,
2018,b3_logsig,logistic,C=0.01,57,0.4961005125367446,6105,734,251,False,
2018,b3_logsig,random_forest,max_depth=6,57,0.552226844348008,6105,734,251,True,0.3431815181518152
2018,b3_rawsig,gbm,max_leaf_nodes=15,82,0.5243297917610699,6105,734,251,False,
2018,b3_rawsig,logistic,C=0.01,82,0.4994183310676566,6105,734,251,False,
2018,b3_rawsig,random_forest,max_depth=10,82,0.5605020107881069,6105,734,251,True,0.3375841584158416
2018,hmm,gbm,max_leaf_nodes=7,3,0.5359449251745733,6105,734,251,True,0.49209240924092407
2018,hmm,logistic,C=0.1,3,0.5265263907769528,6105,734,251,False,
2018,hmm,random_forest,max_depth=4,3,0.5291305574436195,6105,734,251,False,
2018,statistics,gbm,max_leaf_nodes=7,14,0.5329519807243194,6105,734,251,False,
2018,statistics,logistic,C=0.01,14,0.526745878211161,6105,734,251,False,
2018,statistics,random_forest,max_depth=6,14,0.5600757440424321,6105,734,251,True,0.3593135313531353
2018,statistics_logsig,gbm,max_leaf_nodes=7,28,0.5311801960972266,6105,734,251,False,
2018,statistics_logsig,logistic,C=0.01,28,0.5354377803048788,6105,734,251,False,
2018,statistics_logsig,random_forest,max_depth=6,28,0.587532097087153,6105,734,251,True,0.32934653465346536
2018,statistics_rawsig,gbm,max_leaf_nodes=7,53,0.5458648857866546,6105,734,251,False,
2018,statistics_rawsig,logistic,C=0.1,53,0.5457715718568091,6105,734,251,False,
2018,statistics_rawsig,random_forest,max_depth=4,53,0.5512760952223268,6105,734,251,True,0.39588118811881184
2019,b3,gbm,max_leaf_nodes=31,43,0.43850443243832055,6357,733,252,False,
2019,b3,logistic,C=0.01,43,0.48452524305296546,6357,733,252,False,
2019,b3,random_forest,max_depth=10,43,0.5472576840968589,6357,733,252,True,0.13860624594569548
2019,b3_logsig,gbm,max_leaf_nodes=31,57,0.4638405802249432,6357,733,252,False,
2019,b3_logsig,logistic,C=0.1,57,0.5158782171734932,6357,733,252,False,
2019,b3_logsig,random_forest,max_depth=10,57,0.5682306596619103,6357,733,252,True,0.26949309609860067
2019,b3_rawsig,gbm,max_leaf_nodes=31,82,0.46606212754671317,6357,733,252,False,
2019,b3_rawsig,logistic,C=0.1,82,0.515160543425108,6357,733,252,False,
2019,b3_rawsig,random_forest,max_depth=10,82,0.5286184432533043,6357,733,252,True,0.29294782689278104
2019,hmm,gbm,max_leaf_nodes=15,3,0.5073987442115446,6357,733,252,True,0.3532110091743119
2019,hmm,logistic,C=0.01,3,0.5017939623642355,6357,733,252,False,
2019,hmm,random_forest,max_depth=4,3,0.5055401038873083,6357,733,252,False,
2019,statistics,gbm,max_leaf_nodes=31,14,0.5693944189284712,6357,733,252,True,0.31604114539894357
2019,statistics,logistic,C=0.1,14,0.5068083543203693,6357,733,252,False,
2019,statistics,random_forest,max_depth=10,14,0.5601192738544749,6357,733,252,False,
2019,statistics_logsig,gbm,max_leaf_nodes=31,28,0.5467944300584086,6357,733,252,False,
2019,statistics_logsig,logistic,C=0.01,28,0.5408138648233596,6357,733,252,False,
2019,statistics_logsig,random_forest,max_depth=6,28,0.5722008799754669,6357,733,252,True,0.30829394866092114
2019,statistics_rawsig,gbm,max_leaf_nodes=31,53,0.5265184076138244,6357,733,252,False,
2019,statistics_rawsig,logistic,C=0.1,53,0.5498212697837596,6357,733,252,True,0.39964785469372616
2019,statistics_rawsig,random_forest,max_depth=10,53,0.5196604717909371,6357,733,252,False,
2020,b3,gbm,max_leaf_nodes=31,43,0.4731853812055998,6609,733,253,False,
2020,b3,logistic,C=0.01,43,0.5341114941857068,6609,733,253,True,0.35619047619047617
2020,b3,random_forest,max_depth=4,43,0.4868810400336141,6609,733,253,False,
2020,b3_logsig,gbm,max_leaf_nodes=7,57,0.4827005645944464,6609,733,253,False,
2020,b3_logsig,logistic,C=0.01,57,0.5564615316120021,6609,733,253,True,0.3484249084249084
2020,b3_logsig,random_forest,max_depth=10,57,0.5145218199475198,6609,733,253,False,
2020,b3_rawsig,gbm,max_leaf_nodes=31,82,0.5004596895147938,6609,733,253,False,
2020,b3_rawsig,logistic,C=0.01,82,0.5340241197864057,6609,733,253,True,0.3471062271062271
2020,b3_rawsig,random_forest,max_depth=4,82,0.5306955447404228,6609,733,253,False,
2020,hmm,gbm,max_leaf_nodes=7,3,0.5224372726943871,6609,733,253,True,0.296996336996337
2020,hmm,logistic,C=1.0,3,0.5036385593798087,6609,733,253,False,
2020,hmm,random_forest,max_depth=10,3,0.520563036176897,6609,733,253,False,
2020,statistics,gbm,max_leaf_nodes=15,14,0.5040018309667115,6609,733,253,False,
2020,statistics,logistic,C=0.01,14,0.5441204542355714,6609,733,253,True,0.323956043956044
2020,statistics,random_forest,max_depth=6,14,0.5248144685326944,6609,733,253,False,
2020,statistics_logsig,gbm,max_leaf_nodes=15,28,0.5028969900354228,6609,733,253,False,
2020,statistics_logsig,logistic,C=0.01,28,0.5474274639441471,6609,733,253,True,0.3195604395604396
2020,statistics_logsig,random_forest,max_depth=10,28,0.5401966758771527,6609,733,253,False,
2020,statistics_rawsig,gbm,max_leaf_nodes=31,53,0.47725747343289565,6609,733,253,False,
2020,statistics_rawsig,logistic,C=0.01,53,0.5121681372835466,6609,733,253,False,
2020,statistics_rawsig,random_forest,max_depth=4,53,0.5444656387652941,6609,733,253,True,0.31809523809523815
2021,b3,gbm,max_leaf_nodes=7,43,0.44557801364548927,6860,735,252,True,0.38018472444701956
2021,b3,logistic,C=0.1,43,0.4109372764300258,6860,735,252,False,
2021,b3,random_forest,max_depth=4,43,0.3997779964042172,6860,735,252,False,
2021,b3_logsig,gbm,max_leaf_nodes=7,57,0.49523332151328603,6860,735,252,True,0.42337671845868563
2021,b3_logsig,logistic,C=0.01,57,0.4564404593999149,6860,735,252,False,
2021,b3_logsig,random_forest,max_depth=6,57,0.43466046691853144,6860,735,252,False,
2021,b3_rawsig,gbm,max_leaf_nodes=15,82,0.44684355856300223,6860,735,252,False,
2021,b3_rawsig,logistic,C=0.1,82,0.4599411486064342,6860,735,252,True,0.47377074426254756
2021,b3_rawsig,random_forest,max_depth=4,82,0.447215934490276,6860,735,252,False,
2021,hmm,gbm,max_leaf_nodes=7,3,0.4822548206685526,6860,735,252,False,
2021,hmm,logistic,C=0.01,3,0.48314665657074657,6860,735,252,False,
2021,hmm,random_forest,max_depth=10,3,0.4961140483484372,6860,735,252,True,0.38761712532204334
2021,statistics,gbm,max_leaf_nodes=31,14,0.43964488311928385,6860,735,252,False,
2021,statistics,logistic,C=0.01,14,0.47347421407794305,6860,735,252,True,0.42383303858713695
2021,statistics,random_forest,max_depth=4,14,0.4367805212729747,6860,735,252,False,
2021,statistics_logsig,gbm,max_leaf_nodes=15,28,0.39179013283778,6860,735,252,False,
2021,statistics_logsig,logistic,C=0.01,28,0.4609294112105595,6860,735,252,True,0.41101000117393555
2021,statistics_logsig,random_forest,max_depth=4,28,0.43344291317064326,6860,735,252,False,
2021,statistics_rawsig,gbm,max_leaf_nodes=15,53,0.41794087665647295,6860,735,252,False,
2021,statistics_rawsig,logistic,C=0.01,53,0.4687053137778204,6860,735,252,True,0.4165104574940641
2021,statistics_rawsig,random_forest,max_depth=6,53,0.46120047244640316,6860,735,252,False,
2022,b3,gbm,max_leaf_nodes=31,43,0.4485741380478223,7111,736,251,False,
2022,b3,logistic,C=1.0,43,0.4755424597529861,7111,736,251,True,0.9203187250996016
2022,b3,random_forest,max_depth=4,43,0.34992436045067626,7111,736,251,False,
2022,b3_logsig,gbm,max_leaf_nodes=7,57,0.4852649642123326,7111,736,251,False,
2022,b3_logsig,logistic,C=0.01,57,0.49743954480796587,7111,736,251,True,0.9561752988047809
2022,b3_logsig,random_forest,max_depth=6,57,0.4012237801711486,7111,736,251,False,
2022,b3_rawsig,gbm,max_leaf_nodes=15,82,0.4680101153785365,7111,736,251,False,
2022,b3_rawsig,logistic,C=1.0,82,0.518598297545666,7111,736,251,True,0.9601593625498008
2022,b3_rawsig,random_forest,max_depth=6,82,0.44135564135564137,7111,736,251,False,
2022,hmm,gbm,max_leaf_nodes=15,3,0.4408453566348303,7111,736,251,False,
2022,hmm,logistic,C=0.01,3,0.4325950010160537,7111,736,251,False,
2022,hmm,random_forest,max_depth=10,3,0.44101018311544626,7111,736,251,True,0.9362549800796812
2022,statistics,gbm,max_leaf_nodes=31,14,0.4128835602519813,7111,736,251,False,
2022,statistics,logistic,C=0.1,14,0.4752940910835648,7111,736,251,True,0.9601593625498008
2022,statistics,random_forest,max_depth=6,14,0.41839734471313417,7111,736,251,False,
2022,statistics_logsig,gbm,max_leaf_nodes=15,28,0.45718124139176775,7111,736,251,False,
2022,statistics_logsig,logistic,C=0.01,28,0.4833796202217255,7111,736,251,True,0.9442231075697212
2022,statistics_logsig,random_forest,max_depth=10,28,0.44301519564677455,7111,736,251,False,
2022,statistics_rawsig,gbm,max_leaf_nodes=15,53,0.45376504323872746,7111,736,251,False,
2022,statistics_rawsig,logistic,C=0.01,53,0.472435593488225,7111,736,251,True,0.9561752988047809
2022,statistics_rawsig,random_forest,max_depth=6,53,0.4507688139267087,7111,736,251,False,
2023,b3,gbm,max_leaf_nodes=15,43,0.5825030445159405,7363,735,250,False,
2023,b3,logistic,C=0.01,43,0.6044237447026907,7363,735,250,True,0.26724806201550383
2023,b3,random_forest,max_depth=10,43,0.5225645541211844,7363,735,250,False,
2023,b3_logsig,gbm,max_leaf_nodes=15,57,0.5602504513003531,7363,735,250,False,
2023,b3_logsig,logistic,C=0.1,57,0.5887144503628944,7363,735,250,True,0.3239392084863321
2023,b3_logsig,random_forest,max_depth=4,57,0.5054654809000197,7363,735,250,False,
2023,b3_rawsig,gbm,max_leaf_nodes=15,82,0.5688065237932073,7363,735,250,False,
2023,b3_rawsig,logistic,C=0.01,82,0.6063982301016223,7363,735,250,True,0.3398816809465524
2023,b3_rawsig,random_forest,max_depth=6,82,0.5425584205896793,7363,735,250,False,
2023,hmm,gbm,max_leaf_nodes=7,3,0.4608015791433229,7363,735,250,False,
2023,hmm,logistic,C=0.01,3,0.4507189841329174,7363,735,250,False,
2023,hmm,random_forest,max_depth=10,3,0.47285050128826417,7363,735,250,True,0.5072317421460628
2023,statistics,gbm,max_leaf_nodes=7,14,0.5125798582835309,7363,735,250,False,
2023,statistics,logistic,C=0.01,14,0.5497806168537877,7363,735,250,True,0.3665238678090576
2023,statistics,random_forest,max_depth=10,14,0.5182974110118769,7363,735,250,False,
2023,statistics_logsig,gbm,max_leaf_nodes=7,28,0.5565511419345173,7363,735,250,True,0.4286923704610363
2023,statistics_logsig,logistic,C=1.0,28,0.5446998722860792,7363,735,250,False,
2023,statistics_logsig,random_forest,max_depth=10,28,0.4698782972367217,7363,735,250,False,
2023,statistics_rawsig,gbm,max_leaf_nodes=31,53,0.5340368353054084,7363,735,250,False,
2023,statistics_rawsig,logistic,C=0.1,53,0.5515092418302399,7363,735,250,True,0.43267033863729093
2023,statistics_rawsig,random_forest,max_depth=4,53,0.5477503215097832,7363,735,250,False,
2024,b3,gbm,max_leaf_nodes=7,43,0.6270049283766856,7616,732,252,True,0.2511309523809524
2024,b3,logistic,C=0.01,43,0.6052386010901415,7616,732,252,False,
2024,b3,random_forest,max_depth=6,43,0.6023589927290353,7616,732,252,False,
2024,b3_logsig,gbm,max_leaf_nodes=7,57,0.6213581269723756,7616,732,252,True,0.28674603174603175
2024,b3_logsig,logistic,C=0.01,57,0.6157807873610738,7616,732,252,False,
2024,b3_logsig,random_forest,max_depth=4,57,0.578883810782699,7616,732,252,False,
2024,b3_rawsig,gbm,max_leaf_nodes=7,82,0.6265763724140846,7616,732,252,False,
2024,b3_rawsig,logistic,C=0.1,82,0.6408066861078643,7616,732,252,True,0.38033730158730156
2024,b3_rawsig,random_forest,max_depth=4,82,0.6026842170987312,7616,732,252,False,
2024,hmm,gbm,max_leaf_nodes=7,3,0.5657026504418506,7616,732,252,False,
2024,hmm,logistic,C=0.01,3,0.5595089682705149,7616,732,252,False,
2024,hmm,random_forest,max_depth=4,3,0.573988189536616,7616,732,252,True,0.3771825396825397
2024,statistics,gbm,max_leaf_nodes=7,14,0.5527163343137679,7616,732,252,False,
2024,statistics,logistic,C=1.0,14,0.5639748516566925,7616,732,252,True,0.38859126984126985
2024,statistics,random_forest,max_depth=6,14,0.5569671799275207,7616,732,252,False,
2024,statistics_logsig,gbm,max_leaf_nodes=7,28,0.5997316350211975,7616,732,252,True,0.3959523809523809
2024,statistics_logsig,logistic,C=1.0,28,0.5761926981574086,7616,732,252,False,
2024,statistics_logsig,random_forest,max_depth=4,28,0.5482395437038946,7616,732,252,False,
2024,statistics_rawsig,gbm,max_leaf_nodes=7,53,0.5911858083714935,7616,732,252,False,
2024,statistics_rawsig,logistic,C=0.1,53,0.5991120169172053,7616,732,252,False,
2024,statistics_rawsig,random_forest,max_depth=4,53,0.6062516896910393,7616,732,252,True,0.42051587301587307
2025,b3,gbm,max_leaf_nodes=31,43,0.5275644805859896,7868,732,229,True,0.5091148467316692
2025,b3,logistic,C=0.01,43,0.5135492859630791,7868,732,229,False,
2025,b3,random_forest,max_depth=10,43,0.5111049035938077,7868,732,229,False,
2025,b3_logsig,gbm,max_leaf_nodes=31,57,0.5748633484038058,7868,732,229,False,
2025,b3_logsig,logistic,C=0.01,57,0.5795196761055416,7868,732,229,False,
2025,b3_logsig,random_forest,max_depth=10,57,0.5831710757282625,7868,732,229,True,0.46254770670658524
2025,b3_rawsig,gbm,max_leaf_nodes=31,82,0.564074683330402,7868,732,229,False,
2025,b3_rawsig,logistic,C=0.01,82,0.6149639101841219,7868,732,229,False,
2025,b3_rawsig,random_forest,max_depth=6,82,0.6252970124598667,7868,732,229,True,0.4691238149182075
2025,hmm,gbm,max_leaf_nodes=15,3,0.5831396932796727,7868,732,229,False,
2025,hmm,logistic,C=0.1,3,0.5774432615675361,7868,732,229,False,
2025,hmm,random_forest,max_depth=6,3,0.5879229302240568,7868,732,229,True,0.5301765991018327
2025,statistics,gbm,max_leaf_nodes=31,14,0.5469333140210573,7868,732,229,False,
2025,statistics,logistic,C=1.0,14,0.5862765586903518,7868,732,229,True,0.526024598454505
2025,statistics,random_forest,max_depth=10,14,0.5843160178086774,7868,732,229,False,
2025,statistics_logsig,gbm,max_leaf_nodes=15,28,0.6055691776074159,7868,732,229,False,
2025,statistics_logsig,logistic,C=1.0,28,0.6106410641064106,7868,732,229,False,
2025,statistics_logsig,random_forest,max_depth=6,28,0.6569174158795189,7868,732,229,True,0.4102911626276112
2025,statistics_rawsig,gbm,max_leaf_nodes=31,53,0.5771563363232876,7868,732,229,False,
2025,statistics_rawsig,logistic,C=0.1,53,0.6352931844908629,7868,732,229,False,
2025,statistics_rawsig,random_forest,max_depth=6,53,0.6417224481068796,7868,732,229,True,0.4448254237973864
