replication,seed,split,n0,n1,n2
1,651498517,train,14969,16981,17560
1,651498517,validation,17202,18302,14006
1,651498517,test,7031,8985,8739
2,3180925944,train,22165,17492,9853
2,3180925944,validation,16569,18431,14510
2,3180925944,test,8926,8995,6834
3,1428164462,train,18961,12461,18088
3,1428164462,validation,19542,12380,17588
3,1428164462,test,9289,6909,8557
4,644533757,train,14995,15585,18930
4,644533757,validation,14149,15772,19589
4,644533757,test,6904,9906,7945
5,3968314499,train,18976,18092,12442
5,3968314499,validation,14853,18797,15860
5,3968314499,test,9475,6912,8368
6,2877137869,train,16509,16575,16426
6,2877137869,validation,14092,19729,15689
6,2877137869,test,9146,8453,7156
7,689189384,train,12037,18998,18475
7,689189384,validation,13020,16188,20302
7,689189384,test,5373,10419,8963
8,3665577340,train,12211,16256,21043
8,3665577340,validation,18859,12975,17676
8,3665577340,test,9075,7852,7828
9,4107525436,train,20421,14001,15088
9,4107525436,validation,16710,18859,13941
9,4107525436,test,8039,5804,10912
10,1247814275,train,16156,13567,19787
10,1247814275,validation,15897,14800,18813
10,1247814275,test,8440,7407,8908
11,1353206384,train,21299,12868,15343
11,1353206384,validation,16558,15432,17520
11,1353206384,test,10010,6925,7820
12,2489101260,train,19732,17872,11906
12,2489101260,validation,15868,17681,15961
12,2489101260,test,8173,8255,8327
13,203969953,train,20334,12487,16689
13,203969953,validation,15742,16594,17174
13,203969953,test,7075,8990,8690
14,3385369635,train,19651,13940,15919
14,3385369635,validation,14740,21004,13766
14,3385369635,test,9676,7658,7421
15,431946835,train,13004,13146,23360
15,431946835,validation,19378,14636,15496
15,431946835,test,7816,9306,7633
16,1289133894,train,19738,15554,14218
16,1289133894,validation,14531,17751,17228
16,1289133894,test,8374,11774,4607
17,2758855254,train,15895,19556,14059
17,2758855254,validation,12008,22427,15075
17,2758855254,test,9228,6446,9081
18,1649396546,train,13619,19610,16281
18,1649396546,validation,16512,19635,13363
18,1649396546,test,9223,8154,7378
19,3317113628,train,17303,16543,15664
19,3317113628,validation,14405,17727,17378
19,3317113628,test,8375,10396,5984
20,1315508774,train,17187,17805,14518
20,1315508774,validation,22344,14605,12561
20,1315508774,test,8278,8309,8168
21,4249496387,train,15517,15368,18625
21,4249496387,validation,21970,17065,10475
21,4249496387,test,9659,6905,8191
22,39721118,train,16257,15280,17973
22,39721118,validation,15170,16238,18102
22,39721118,test,9874,6638,8243
23,1233912578,train,17976,15596,15938
23,1233912578,validation,19492,17778,12240
23,1233912578,test,11505,6310,6940
24,3869351576,train,13164,19328,17018
24,3869351576,validation,16461,16159,16890
24,3869351576,test,7469,8087,9199
25,2935808314,train,12766,19170,17574
25,2935808314,validation,16809,14653,18048
25,2935808314,test,11749,5972,7034
26,572606425,train,12535,23845,13130
26,572606425,validation,18369,13109,18032
26,572606425,test,3693,9470,11592
27,161963140,train,15805,17347,16358
27,161963140,validation,12690,20940,15880
27,161963140,test,7139,8157,9459
28,3091348244,train,17963,15986,15561
28,3091348244,validation,15727,14950,18833
28,3091348244,test,8046,6594,10115
29,3384635071,train,15541,13043,20926
29,3384635071,validation,16852,16522,16136
29,3384635071,test,8602,6271,9882
30,1727305320,train,22857,11672,14981
30,1727305320,validation,19380,13035,17095
30,1727305320,test,6761,8926,9068
31,3892276857,train,15055,19806,14649
31,3892276857,validation,14915,13343,21252
31,3892276857,test,10355,4070,10330
32,3885075678,train,17872,18246,13392
32,3885075678,validation,13167,18788,17555
32,3885075678,test,7990,9781,6984
33,2402062183,train,20610,12221,16679
33,2402062183,validation,11730,16273,21507
33,2402062183,test,6568,8386,9801
34,3906362348,train,18312,12969,18229
34,3906362348,validation,17365,15705,16440
34,3906362348,test,6337,7590,10828
35,1659033537,train,18800,14697,16013
35,1659033537,validation,17259,15432,16819
35,1659033537,test,7457,7284,10014
36,1175426631,train,14212,20120,15178
36,1175426631,validation,16681,18214,14615
36,1175426631,test,8966,7743,8046
37,1682895718,train,12926,15390,21194
37,1682895718,validation,16606,15129,17775
37,1682895718,test,8558,7275,8922
38,2019104162,train,14581,17776,17153
38,2019104162,validation,14375,18380,16755
38,2019104162,test,6903,11275,6577
39,3152620351,train,18003,12347,19160
39,3152620351,validation,16585,20849,12076
39,3152620351,test,11919,4752,8084
40,660207312,train,14340,15641,19529
40,660207312,validation,18986,17293,13231
40,660207312,test,7463,8325,8967
41,3214725941,train,15603,16841,17066
41,3214725941,validation,18613,15873,15024
41,3214725941,test,7709,7961,9085
42,3519752463,train,16064,18057,15389
42,3519752463,validation,13096,14184,22230
42,3519752463,test,12297,6309,6149
43,3209911946,train,14967,15641,18902
43,3209911946,validation,15837,20581,13092
43,3209911946,test,10797,6480,7478
44,2734190334,train,13104,19080,17326
44,2734190334,validation,14002,19106,16402
44,2734190334,test,9052,8740,6963
45,3156882560,train,15560,17906,16044
45,3156882560,validation,20648,13246,15616
45,3156882560,test,6317,12089,6349
46,1642128921,train,18090,18741,12679
46,1642128921,validation,13146,20968,15396
46,1642128921,test,10731,9052,4972
47,2372062856,train,15189,18115,16206
47,2372062856,validation,16503,14430,18577
47,2372062856,test,7751,6478,10526
48,1311514250,train,18005,15214,16291
48,1311514250,validation,13649,16329,19532
48,1311514250,test,6154,6718,11883
49,200586297,train,18565,16793,14152
49,200586297,validation,13197,19184,17129
49,200586297,test,8099,7365,9291
50,4027218559,train,17936,13771,17803
50,4027218559,validation,15268,15957,18285
50,4027218559,test,11475,5049,8231
