replication,seed,n_train_windows,n_validation_windows,n_test_windows,train_n0,train_n1,train_n2,validation_n0,validation_n1,validation_n2,test_n0,test_n1,test_n2,statistics_n_features,statistics_validation_ba,statistics_test_accuracy,statistics_test_ba,statistics_test_macro_f1,statistics_test_recall_0,statistics_test_recall_1,statistics_test_recall_2,statistics_test_cm_0_0,statistics_test_cm_0_1,statistics_test_cm_0_2,statistics_test_cm_1_0,statistics_test_cm_1_1,statistics_test_cm_1_2,statistics_test_cm_2_0,statistics_test_cm_2_1,statistics_test_cm_2_2,statistics_detector_alpha,statistics_detector_threshold,statistics_detector_confirmations,statistics_validation_boundary_f1,statistics_test_detector_balanced_accuracy,statistics_test_detector_macro_f1,statistics_test_fraction_time_wrong,statistics_test_brier_score,statistics_test_detection_probability,statistics_test_mean_detection_delay,statistics_test_median_detection_delay,statistics_test_false_switches_per_1000,statistics_test_boundary_precision,statistics_test_boundary_recall,statistics_test_boundary_f1,statistics_test_n_true_changes,statistics_test_n_matched_changes,statistics_test_n_false_switches,signature_n_features,signature_validation_ba,signature_test_accuracy,signature_test_ba,signature_test_macro_f1,signature_test_recall_0,signature_test_recall_1,signature_test_recall_2,signature_test_cm_0_0,signature_test_cm_0_1,signature_test_cm_0_2,signature_test_cm_1_0,signature_test_cm_1_1,signature_test_cm_1_2,signature_test_cm_2_0,signature_test_cm_2_1,signature_test_cm_2_2,signature_detector_alpha,signature_detector_threshold,signature_detector_confirmations,signature_validation_boundary_f1,signature_test_detector_balanced_accuracy,signature_test_detector_macro_f1,signature_test_fraction_time_wrong,signature_test_brier_score,signature_test_detection_probability,signature_test_mean_detection_delay,signature_test_median_detection_delay,signature_test_false_switches_per_1000,signature_test_boundary_precision,signature_test_boundary_recall,signature_test_boundary_f1,signature_test_n_true_changes,signature_test_n_matched_changes,signature_test_n_false_switches,combined_n_features,combined_validation_ba,combined_test_accuracy,combined_test_ba,combined_test_macro_f1,combined_test_recall_0,combined_test_recall_1,combined_test_recall_2,combined_test_cm_0_0,combined_test_cm_0_1,combined_test_cm_0_2,combined_test_cm_1_0,combined_test_cm_1_1,combined_test_cm_1_2,combined_test_cm_2_0,combined_test_cm_2_1,combined_test_cm_2_2,combined_detector_alpha,combined_detector_threshold,combined_detector_confirmations,combined_validation_boundary_f1,combined_test_detector_balanced_accuracy,combined_test_detector_macro_f1,combined_test_fraction_time_wrong,combined_test_brier_score,combined_test_detection_probability,combined_test_mean_detection_delay,combined_test_median_detection_delay,combined_test_false_switches_per_1000,combined_test_boundary_precision,combined_test_boundary_recall,combined_test_boundary_f1,combined_test_n_true_changes,combined_test_n_matched_changes,combined_test_n_false_switches,combined_minus_statistics_ba,signature_minus_statistics_ba,combined_minus_signature_ba,combined_minus_statistics_detector_balanced_accuracy,combined_minus_statistics_boundary_f1,combined_minus_statistics_detection_probability,combined_minus_statistics_false_switches_per_1000,combined_minus_statistics_mean_detection_delay,signature_minus_statistics_detector_balanced_accuracy,signature_minus_statistics_boundary_f1,signature_minus_statistics_detection_probability,signature_minus_statistics_false_switches_per_1000,signature_minus_statistics_mean_detection_delay,elapsed_seconds
1,651498517,49510,14853,24755,14969,16981,17560,4682,6480,3691,10976,7105,6674,11,0.7916663058129148,0.719854574833367,0.7140603443556012,0.7110017947348112,0.748451166180758,0.7035890218156228,0.6901408450704225,8215,2264,497,763,4999,1343,264,1804,4606,0.2,0.6,1,0.16666666666666666,0.7039104110239971,0.7015651356176238,0.28818420521106847,0.39178002122721367,0.46938775510204084,70.56521739130434,74.0,3.635629165825086,0.20353982300884957,0.46938775510204084,0.2839506172839506,49,23,90,39,0.7961009508913451,0.7242577257119773,0.7159343575113519,0.7132533501856319,0.766490524781341,0.6893736805066855,0.6919388672460294,8413,2092,471,734,4898,1473,246,1810,4618,0.5,0.6,1,0.1935483870967742,0.7146163303004677,0.7119038365501562,0.2755806907695415,0.38084543952455047,0.46938775510204084,58.69565217391305,62.0,5.776610785699859,0.13855421686746988,0.46938775510204084,0.21395348837209305,49,23,143,50,0.7992059685791132,0.7278125631185619,0.720152870673063,0.7173194516291815,0.7669460641399417,0.6930330752990852,0.7004794725801619,8418,2092,466,751,4924,1430,255,1744,4675,1.0,0.6,1,0.18750000000000003,0.7130423489022837,0.7104922610700006,0.2786507776206827,0.3800383700282952,0.4897959183673469,59.166666666666664,59.5,6.584528378105433,0.12834224598930483,0.4897959183673469,0.20338983050847462,49,24,163,0.006092526317461822,0.0018740131557507533,0.004218513161711068,0.009131937878286589,-0.08056078677547598,0.02040816326530609,2.948899212280347,-11.39855072463768,0.010705919276470577,-0.06999712891185755,0.0,2.140981619874773,-11.869565217391298,86.59813975
2,3180925944,49510,14853,24755,22165,17492,9853,5458,6232,3163,6777,9459,8519,11,0.7792119063497472,0.6937588365986669,0.6979198968507627,0.7030010510999647,0.7199350745167479,0.6291362723332277,0.7446883437023125,4879,1583,315,693,5951,2815,243,1932,6344,0.5,0.6,1,0.22641509433962267,0.6948889104694072,0.6993575301409277,0.30914966673399313,0.42987772861160545,0.5263157894736842,64.06666666666666,60.5,4.8475055544334475,0.2,0.5263157894736842,0.28985507246376807,57,30,120,39,0.7866254709746728,0.6992930721066452,0.7034202727424619,0.7088505021301684,0.7292312232551277,0.6425626387567396,0.7384669562155183,4942,1534,301,666,6078,2715,239,1989,6291,0.2,0.6,1,0.2637362637362637,0.69837839119507,0.7022061281595957,0.3053120581700667,0.42196434668546706,0.5263157894736842,57.53333333333333,61.5,4.726317915572611,0.20408163265306123,0.5263157894736842,0.29411764705882354,57,30,117,50,0.7899382847730149,0.7027267218743688,0.7067461717133896,0.7117983594687268,0.7292312232551277,0.6425626387567396,0.7484446531283014,4942,1549,286,672,6078,2709,243,1900,6376,1.0,0.4,5,0.272,0.6990246004212111,0.70388526756064,0.30450414057766106,0.4197252447322448,0.6140350877192983,57.457142857142856,57.0,7.271258331650172,0.16279069767441862,0.6140350877192983,0.2573529411764706,57,35,180,0.008826274862626882,0.005500375891699161,0.003325898970927721,0.004135689951803911,-0.03250213128729745,0.08771929824561409,2.423752777216724,-6.609523809523807,0.003489480725662797,0.004262574595055468,0.0,-0.12118763886083617,-6.533333333333331,87.400675833
3,1428164462,49510,14853,24755,18961,12461,18088,5308,4423,5122,10678,5862,8215,11,0.7597616398680401,0.6884669763684105,0.6896520999227227,0.6806654933498479,0.6880501966660423,0.7004435346298191,0.6804625684723068,7347,2712,619,656,4106,1100,216,2409,5590,0.5,0.6,1,0.2777777777777778,0.6968276391343107,0.688137508794273,0.30276711775398907,0.41817206016070124,0.5333333333333333,65.625,68.5,5.5746313875984645,0.18823529411764706,0.5333333333333333,0.2782608695652174,60,32,138,39,0.7611918794767272,0.693031710765502,0.6917017278720516,0.6835060846955584,0.6951676343884623,0.681337427499147,0.6986001217285454,7423,2563,692,680,3994,1188,228,2248,5739,0.2,0.6,5,0.3333333333333333,0.690672377498379,0.6834509383114528,0.3053928499293072,0.4148845113982691,0.5,65.13333333333334,69.5,5.009089072914563,0.19480519480519481,0.5,0.28037383177570097,60,30,124,50,0.7679512608006979,0.695940214098162,0.6956240285315863,0.6868374465366341,0.6946057314103765,0.6912316615489594,0.701034692635423,7417,2565,696,643,4052,1167,212,2244,5759,0.2,0.6,5,0.3409090909090909,0.6954193546001836,0.68730856142197,0.3022015754393052,0.4114433172025152,0.48333333333333334,64.86206896551724,66.0,4.726317915572611,0.19863013698630136,0.48333333333333334,0.2815533980582524,60,29,117,0.005971928608863641,0.002049627949328947,0.003922300659534694,-0.0014082845341271133,0.0032925284930350185,-0.04999999999999999,-0.8483134720258532,-0.7629310344827616,-0.006155261635931719,0.002112962210483571,-0.033333333333333326,-0.5655423146839018,-0.49166666666666003,87.415515167
4,644533757,49510,14853,24755,14995,15585,18930,4203,3781,6869,8200,7608,8947,11,0.6995298296821059,0.792042011714805,0.7903787116103329,0.7906174641905946,0.8236585365853658,0.741062039957939,0.8064155582876942,6754,1018,428,921,5638,1049,257,1475,7215,1.0,0.6,5,0.25,0.7884486935719822,0.7884599570105199,0.20981619874772772,0.32233680143068366,0.4146341463414634,75.52941176470588,89.0,3.0700868511411836,0.1827956989247312,0.4146341463414634,0.2537313432835821,41,17,76,39,0.6912676106462142,0.7951120985659462,0.7932045670458767,0.7935822037018648,0.8246341463414634,0.7404048370136698,0.8145747177824969,6762,999,439,894,5633,1081,220,1439,7288,0.2,0.6,5,0.21428571428571427,0.7843273336234139,0.7842749044745716,0.21361341143203394,0.31399350360616635,0.34146341463414637,64.78571428571429,65.0,3.433649767723692,0.1414141414141414,0.34146341463414637,0.2,41,14,85,50,0.7001051104795266,0.8008079175924055,0.7987641986271464,0.7990523522133053,0.8297560975609756,0.7436908517350158,0.8228456465854477,6804,963,433,901,5658,1049,224,1361,7362,0.5,0.6,5,0.2222222222222222,0.792499312190159,0.7924193269717232,0.20581700666532013,0.3123886426569827,0.4634146341463415,68.89473684210526,68.0,3.4740456473439707,0.18095238095238095,0.4634146341463415,0.26027397260273977,41,19,86,0.00838548701681352,0.0028258554355438115,0.005559631581269708,0.004050618618176793,0.006542629319157667,0.04878048780487809,0.4039587962027871,-6.634674922600624,-0.004121359948568326,-0.05373134328358209,-0.07317073170731703,0.3635629165825085,-10.743697478991592,86.905936125
5,3968314499,49510,14853,24755,18976,18092,12442,4675,4827,5351,7086,9682,7987,11,0.7448081128208356,0.7598464956574429,0.7627674298715154,0.7637578467109956,0.7917019475021169,0.7354885354265648,0.7611118066858645,5610,1170,306,1437,7121,1124,187,1721,6079,0.2,0.6,1,0.24489795918367344,0.7597763091390412,0.7593233842849414,0.24338517471217935,0.34881630680140274,0.5116279069767442,71.13636363636364,71.5,3.7972126843062006,0.1896551724137931,0.5116279069767442,0.27672955974842767,43,22,94,39,0.7542848163747453,0.7677640880630175,0.7718363734573401,0.7712594801326175,0.7996048546429579,0.7271224953522,0.7887817703768624,5666,1063,357,1305,7040,1337,205,1482,6300,0.2,0.6,5,0.25,0.7702130656822471,0.7691108431165792,0.23292264189052717,0.3429466513337686,0.4883720930232558,71.33333333333333,72.0,4.1203797212684306,0.17073170731707318,0.4883720930232558,0.25301204819277107,43,21,102,50,0.7576281528940907,0.768410422136942,0.772095662857908,0.7719224303169804,0.7990403612757551,0.732596570956414,0.784650056341555,5662,1086,338,1336,7093,1253,200,1520,6267,0.2,0.6,5,0.25,0.7690461883226917,0.7682518052186027,0.23393253888103413,0.34103691968560584,0.5116279069767442,71.31818181818181,70.0,3.918400323167037,0.18487394957983194,0.5116279069767442,0.271604938271605,43,22,97,0.009328232986392626,0.009068943585824774,0.00025928940056785255,0.00926987918365052,-0.005124621476822688,0.0,0.12118763886083617,0.18181818181817277,0.010436756543205972,-0.0237175115556566,-0.023255813953488413,0.3231670369622299,0.19696969696968836,87.432633291
6,2877137869,49510,14853,24755,16509,16575,16426,3793,8009,3051,7801,8851,8103,11,0.7989065484043615,0.6824883861846092,0.6850337153571378,0.687424272691174,0.7956672221510063,0.6454637894023274,0.6139701345180797,6207,1150,444,970,5713,2168,333,2795,4975,0.5,0.6,5,0.20689655172413793,0.6803234118485247,0.6813667415093567,0.3221167440921026,0.42068523330068286,0.4,64.55555555555556,73.0,5.534235507978186,0.11612903225806452,0.4,0.18000000000000002,45,18,137,39,0.8063673293249201,0.6952534841446173,0.6972253760621235,0.7000412189427901,0.8073323932829124,0.6764207434188227,0.6079229914846354,6298,1052,451,848,5987,2016,291,2886,4926,0.2,0.6,3,0.20689655172413793,0.6787187519820623,0.6789881747565057,0.323772975156534,0.4128267317621419,0.4,69.5,79.0,5.130276711775399,0.12413793103448276,0.4,0.18947368421052632,45,18,127,50,0.8073285041110352,0.6906887497475257,0.6929910428335367,0.6953813393108387,0.8054095628765543,0.662185063834595,0.6113785017894607,6283,1082,436,924,5861,2066,315,2834,4954,0.2,0.6,1,0.2117647058823529,0.6814334707011787,0.6820664689817039,0.32094526358311454,0.41221036713920856,0.4444444444444444,64.4,74.0,5.049484952534842,0.13793103448275862,0.4444444444444444,0.21052631578947367,45,20,125,0.00795732747639899,0.012191660704985785,-0.004234333228586795,0.0011100588526539168,0.03052631578947365,0.0444444444444444,-0.48475055544334467,-0.15555555555555145,-0.00160465986646241,0.0094736842105263,0.0,-0.4039587962027875,4.944444444444443,86.95389483299999
7,689189384,49510,14853,24755,12037,18998,18475,3380,6320,5153,7931,7545,9279,11,0.6944110018106273,0.7435669561704706,0.7454586525217087,0.7453680130933552,0.7795990417349641,0.7459244532803181,0.7108524625498437,6183,1285,463,859,5628,1058,320,2363,6596,0.2,0.6,1,0.25000000000000006,0.7456734378391537,0.7455179414745898,0.25461522924661684,0.36851721524373804,0.42857142857142855,66.04761904761905,66.0,3.7164209250656435,0.18584070796460178,0.42857142857142855,0.25925925925925924,49,21,92,39,0.7142481770672876,0.750151484548576,0.7521730517852493,0.7522245227966895,0.7761946791073004,0.7623591782637509,0.7179652979846967,6156,1371,404,788,5752,1005,294,2323,6662,0.2,0.6,5,0.27722772277227725,0.7535120822847348,0.7532120686747653,0.24714199151686528,0.36135233489562685,0.3469387755102041,63.588235294117645,69.0,4.0799838416481515,0.1440677966101695,0.3469387755102041,0.20359281437125748,49,17,101,50,0.7148059706416845,0.7535851343162997,0.7557768509741304,0.7557560468390322,0.777329466649855,0.770311464546057,0.7196896217264791,6165,1363,403,720,5812,1013,309,2292,6678,0.2,0.6,1,0.2666666666666667,0.7577465786659935,0.7578245752161005,0.24225409008281154,0.35921745139502714,0.4489795918367347,68.86363636363636,69.0,3.9991920824075944,0.18181818181818182,0.4489795918367347,0.25882352941176473,49,22,99,0.010318198452421656,0.00671439926354056,0.003603799188881096,0.012073140826839746,-0.0004357298474945148,0.020408163265306145,0.2827711573419509,2.8160173160173088,0.007838644445581022,-0.055666444888001765,-0.08163265306122447,0.36356291658250806,-2.459383753501406,87.009897542
8,3665577340,49510,14853,24755,12211,16256,21043,7234,3704,3915,7654,6437,10664,11,0.7459807996041583,0.7123813371036154,0.7174729420900644,0.7125365340847861,0.7592108701332636,0.7175702967220755,0.6756376594148538,5811,1664,179,711,4619,1107,263,3196,7205,0.2,0.6,5,0.2666666666666667,0.7180827246280547,0.7149201449878113,0.2805089880832155,0.38623353702857,0.27906976744186046,72.66666666666667,74.0,4.403150878610382,0.09917355371900827,0.27906976744186046,0.14634146341463414,43,12,109,39,0.7485903964669088,0.7272066249242577,0.7326887680777259,0.7269004763581716,0.7808988764044944,0.7304645020972502,0.6867029257314329,5977,1428,249,707,4702,1028,228,3113,7323,0.2,0.6,1,0.23655913978494622,0.7397910197002971,0.7350753000434876,0.261159361745102,0.37673328520294086,0.3488372093023256,72.4,72.0,4.16077560088871,0.1271186440677966,0.3488372093023256,0.18633540372670807,43,15,103,50,0.7554826919589747,0.7301151282569178,0.734853400359706,0.7293123793579342,0.7793310687222368,0.7309305577132205,0.694298574643661,5965,1470,219,691,4705,1041,246,3014,7404,0.2,0.6,5,0.2619047619047619,0.7341630841805474,0.729376846409131,0.26770349424358714,0.37390410115330047,0.2558139534883721,64.45454545454545,68.0,3.635629165825086,0.10891089108910891,0.2558139534883721,0.1527777777777778,43,11,90,0.01738045826964163,0.015215825987661469,0.002164632281980161,0.016080359552492762,0.006436314363143653,-0.023255813953488358,-0.767521712785296,-8.212121212121218,0.02170829507224248,0.03999394031207393,0.06976744186046513,-0.24237527772167233,-0.2666666666666657,86.991824542
9,4107525436,49510,14853,24755,20421,14001,15088,4898,6327,3628,7805,10746,6204,11,0.736647946111622,0.7415067663098364,0.7365538976297025,0.7380012444985149,0.810762331838565,0.7373906569886469,0.6615087040618955,6328,1156,321,1419,7924,1403,263,1837,4104,1.0,0.6,1,0.19298245614035087,0.7432871862826792,0.7424563109685417,0.25465562512623713,0.3871952999388233,0.5454545454545454,55.958333333333336,56.5,5.73621490607958,0.14457831325301204,0.5454545454545454,0.22857142857142856,44,24,142,39,0.7452195596321904,0.7491011916784488,0.7478554963566287,0.7467878074221957,0.8139654067905189,0.7313418946584775,0.6982591876208898,6353,1076,376,1269,7859,1618,216,1656,4332,0.5,0.6,3,0.18367346938775508,0.7515439482844647,0.7488426317773085,0.2490002019793981,0.3784357720457678,0.6363636363636364,56.892857142857146,55.5,4.76671379519289,0.1917808219178082,0.6363636363636364,0.29473684210526313,44,28,118,50,0.7540061633184743,0.7508786103817411,0.7485671083691798,0.7485304656180084,0.8160153747597694,0.7373906569886469,0.6922952933591231,6369,1115,321,1294,7924,1528,222,1687,4295,0.5,0.6,1,0.1764705882352941,0.7572327384526999,0.7571108146086685,0.24015350434255706,0.3751684250369686,0.6136363636363636,53.81481481481482,50.0,4.968693193294284,0.18,0.6136363636363636,0.27835051546391754,44,27,123,0.012013210739477365,0.011301598726926265,0.0007116120125510994,0.013945552170020692,0.04977908689248897,0.06818181818181823,-0.767521712785296,-2.143518518518519,0.00825676200178549,0.06616541353383457,0.09090909090909094,-0.9695011108866893,0.9345238095238102,86.718049917
10,1247814275,49510,14853,24755,16156,13567,19787,3408,4133,7312,11067,6090,7598,11,0.6394435633833497,0.746960210058574,0.7404535944525246,0.7339096263371959,0.7695852534562212,0.7006568144499179,0.7511187154514346,8517,2101,449,663,4267,1160,277,1614,5707,1.0,0.6,3,0.1904761904761905,0.7329732843019321,0.7267661876781374,0.2596243183195314,0.3580486007123318,0.3958333333333333,60.63157894736842,56.0,4.564734397091497,0.14393939393939395,0.3958333333333333,0.2111111111111111,48,19,113,39,0.6420587857702981,0.7519289032518683,0.7472029701531823,0.739595458452377,0.7734706785940183,0.7300492610837438,0.7380889707817847,8560,2048,459,546,4446,1098,251,1739,5608,1.0,0.6,5,0.20382165605095542,0.7441949950622212,0.7367133459916694,0.25097960008079173,0.34881774148178635,0.4583333333333333,68.0909090909091,67.5,4.44354675823066,0.16666666666666666,0.4583333333333333,0.2444444444444444,48,22,110,50,0.6442196478017722,0.7539890931125025,0.7482551755740096,0.7410956639423713,0.7769043101111412,0.7200328407224958,0.7478283758883917,8598,2015,454,572,4385,1133,258,1658,5682,0.5,0.6,1,0.19631901840490798,0.7464755637924148,0.7393664957314732,0.24782872147041002,0.34870624661121574,0.5,66.58333333333333,69.0,5.251464350636235,0.15584415584415584,0.5,0.2376237623762376,48,24,130,0.007801581121484991,0.0067493757006577,0.0010522054208272902,0.01350227949048266,0.026512651265126502,0.10416666666666669,0.686729953544738,5.951754385964911,0.011221710760289105,0.0333333333333333,0.0625,-0.12118763886083705,7.459330143540676,87.214673
11,1353206384,49510,14853,24755,21299,12868,15343,5205,6167,3481,7922,7380,9453,11,0.7955286304996999,0.7444152696424965,0.7344793634276591,0.7376129090727268,0.7808634183287049,0.5815718157181572,0.8410028562361155,6186,1129,607,676,4292,2412,203,1300,7950,0.2,0.6,1,0.29213483146067415,0.7361008358242086,0.7397819182417686,0.25538275095940216,0.3745408098749704,0.45454545454545453,60.5,63.0,3.958796202787316,0.1694915254237288,0.45454545454545453,0.24691358024691354,44,20,98,39,0.7934299767817592,0.7404564734397091,0.7317616933198922,0.7356098679822645,0.7681141125978288,0.6010840108401084,0.8260869565217391,6085,1267,570,600,4436,2344,192,1452,7809,0.2,0.6,5,0.32558139534883723,0.7233020255298991,0.7272181727632855,0.267541910725106,0.3769955630492134,0.4090909090909091,58.44444444444444,58.5,4.362754998990103,0.14285714285714285,0.4090909090909091,0.21176470588235294,44,18,108,50,0.7988161837144588,0.7449000201979398,0.7358950523258699,0.7396574733655998,0.77026003534461,0.6029810298102981,0.8344440918227017,6102,1238,582,592,4450,2338,201,1364,7888,0.2,0.6,5,0.31707317073170727,0.7328386449398262,0.7366681703709502,0.25857402544940417,0.37224812882451885,0.45454545454545453,60.45,61.0,3.878004443546758,0.1724137931034483,0.45454545454545453,0.25000000000000006,44,20,96,0.001415688898210865,-0.002717670107766912,0.004133359005977777,-0.003262190884382399,0.0030864197530865167,0.0,-0.08079175924055759,-0.04999999999999716,-0.012798810294309515,-0.0351488743645606,-0.045454545454545414,0.4039587962027871,-2.055555555555557,90.31215883300001
12,2489101260,49510,14853,24755,19732,17872,11906,5482,5137,4234,7330,8105,9320,11,0.6820663631018754,0.7104827307614623,0.7111021538606489,0.7156550238462328,0.7266030013642565,0.6983343615052436,0.7083690987124464,5326,1708,296,809,5660,1636,260,2458,6602,0.2,0.6,5,0.37931034482758624,0.6891532617856105,0.6932080247005518,0.3106847101595637,0.40462996354434466,0.45614035087719296,76.11538461538461,83.5,4.403150878610382,0.1925925925925926,0.45614035087719296,0.27083333333333337,57,26,109,39,0.6966957289862283,0.7172288426580489,0.7170073814085013,0.7220320184850585,0.719099590723056,0.7090684762492289,0.7228540772532189,5271,1768,291,740,5747,1618,239,2344,6737,0.2,0.6,5,0.3559322033898305,0.6948851943650668,0.6989979998459934,0.3034942435871541,0.3989954721469085,0.45614035087719296,73.38461538461539,79.5,4.483942637850939,0.1897810218978102,0.45614035087719296,0.26804123711340205,57,26,111,50,0.6935761155378252,0.7174308220561503,0.7172940296676104,0.7222836902269553,0.7204638472032742,0.7093152375077113,0.7221030042918455,5281,1766,283,746,5749,1610,237,2353,6730,0.2,0.6,5,0.3559322033898305,0.6946775618116895,0.6986429228972403,0.30397899414259744,0.39659768941189066,0.45614035087719296,74.1923076923077,81.5,4.403150878610382,0.1925925925925926,0.45614035087719296,0.27083333333333337,57,26,109,0.0061918758069614555,0.0059052275478523875,0.000286648259109068,0.005524300026078954,0.0,0.0,0.0,-1.9230769230769198,0.005731932579456256,-0.002792096219931317,0.0,0.08079175924055715,-2.7307692307692264,90.711454084
13,203969953,49510,14853,24755,20334,12487,16689,2860,5251,6742,9156,6431,9168,11,0.6936491155028133,0.7390426176529994,0.7348622559342619,0.7314138428221163,0.8322411533420708,0.696625719172757,0.6757198952879581,7620,1096,440,665,4480,1286,325,2648,6195,0.2,0.6,5,0.1875,0.7358169095075103,0.7318122753259528,0.261159361745102,0.36544557427510377,0.275,60.27272727272727,71.0,3.8376085639264796,0.10377358490566038,0.275,0.15068493150684933,40,11,95,39,0.7032974754341836,0.7374267824681883,0.7305153944299473,0.728516514193941,0.8347531673219747,0.667547815269787,0.6892452006980803,7643,1090,423,672,4293,1466,261,2588,6319,0.2,0.6,5,0.22857142857142856,0.7329898426130091,0.72920848451158,0.26313875984649565,0.3633455468817405,0.375,67.46666666666667,76.0,4.403150878610382,0.12096774193548387,0.375,0.18292682926829268,40,15,109,50,0.7057985529116086,0.7438497273278125,0.7395306122347445,0.7362358992232795,0.8351900393184797,0.7000466490436946,0.6833551483420593,7647,1087,422,648,4502,1281,274,2629,6265,0.5,0.6,1,0.23140495867768596,0.7429449709988042,0.7396018188324684,0.2525954352656029,0.35784470679206265,0.525,67.9047619047619,71.0,4.887901434053727,0.14788732394366197,0.525,0.23076923076923078,40,21,121,0.004668356300482568,-0.004346861504314625,0.009015217804797193,0.007128061491293858,0.08008429926238145,0.25,1.050292870127247,7.632034632034625,-0.0028270668945011845,0.032241897761443344,0.09999999999999998,0.5655423146839023,7.193939393939395,90.58496087500001
14,3385369635,49510,14853,24755,19651,13940,15919,3705,6976,4172,8657,9271,6827,11,0.7786196672753175,0.7101595637245001,0.7128277940481734,0.712793846085205,0.7390550999191405,0.6661633049293496,0.7332649772960305,6398,1819,440,1247,6176,1848,204,1617,5006,0.5,0.6,1,0.3300970873786408,0.7021781148778081,0.7026051638471631,0.2993334679862654,0.4045834489960479,0.41509433962264153,63.13636363636363,64.5,4.362754998990103,0.16923076923076924,0.41509433962264153,0.24043715846994537,53,22,108,39,0.7940655204612126,0.7148454857604525,0.717008091034654,0.7177713912185344,0.7301605637056717,0.6852550965375903,0.7356086128607001,6321,1915,421,1077,6353,1841,193,1612,5022,0.2,0.6,1,0.34408602150537637,0.707492253395817,0.708054134660513,0.2935972530801858,0.3983048297999995,0.41509433962264153,66.5909090909091,72.0,3.9991920824075944,0.18181818181818182,0.41509433962264153,0.25287356321839083,53,22,99,50,0.7909505296381004,0.7160169662694406,0.7179549646928067,0.7188121413764076,0.7328173732239806,0.6871966346672419,0.7338508861871978,6344,1889,424,1103,6371,1797,199,1618,5010,0.5,0.6,1,0.3333333333333333,0.7127279409707219,0.712750824974178,0.28915370632195514,0.3967761285857084,0.4716981132075472,65.64,72.0,4.564734397091497,0.18115942028985507,0.4716981132075472,0.2617801047120419,53,25,113,0.005127170644633305,0.004180296986480592,0.0009468736581527137,0.010549826092913772,0.02134294624209651,0.05660377358490565,0.2019793981013942,2.5036363636363674,0.005314138518008882,0.012436404748445457,0.0,-0.3635629165825085,3.4545454545454604,90.730642125
15,431946835,49510,14853,24755,13004,13146,23360,6435,5018,3400,9697,7242,7816,11,0.8074500978493663,0.7705110078771965,0.7658118163183468,0.7658969937672966,0.8238630504279674,0.7533830433581884,0.7201893551688844,7989,1525,183,722,5456,1064,298,1889,5629,0.2,0.6,3,0.38356164383561636,0.7695454124471482,0.7691587571031095,0.22722682286406787,0.331690562853514,0.6136363636363636,54.48148148148148,55.0,4.201171480508988,0.20610687022900764,0.6136363636363636,0.30857142857142855,44,27,104,39,0.7957292728155269,0.7784689961623914,0.7749754529466325,0.774423559744276,0.8276786635041765,0.7970173985086992,0.7002302968270215,8026,1515,156,590,5772,880,267,2076,5473,0.2,0.6,5,0.3614457831325301,0.7767835311064899,0.775881278191195,0.22096546152292465,0.31659286593049524,0.6590909090909091,54.41379310344828,52.0,3.7972126843062006,0.23577235772357724,0.6590909090909091,0.3473053892215569,44,29,94,50,0.8034787255482166,0.778832559078974,0.7750737398979289,0.7746591060049002,0.8287099102815304,0.7887323943661971,0.7077789150460594,8036,1514,147,591,5712,939,277,2007,5532,0.2,0.6,5,0.38356164383561636,0.7783788964877857,0.7775157935848664,0.21894566754191072,0.31914067861382467,0.6818181818181818,53.8,49.5,3.918400323167037,0.23622047244094488,0.6818181818181818,0.3508771929824561,44,30,97,0.00926192357958211,0.009163636628285676,9.82869512964335e-05,0.00883348404063744,0.04230576441102757,0.06818181818181812,-0.2827711573419509,-0.6814814814814838,0.0072381186593416524,0.03873396065012835,0.045454545454545414,-0.4039587962027871,-0.06768837803320338,90.717374333
16,1289133894,49510,14853,24755,19738,15554,14218,2185,5393,7275,8852,8659,7244,11,0.7232997166826994,0.7708745707937791,0.7694123840109303,0.7696345457102435,0.8429733393583371,0.7113985448666128,0.753865267807841,7462,1085,305,957,6160,1542,246,1537,5461,0.2,0.6,1,0.22857142857142856,0.7615668215444815,0.7617988107180435,0.23708341749141587,0.3461823481764174,0.46153846153846156,65.625,69.5,2.8277115734195113,0.2553191489361702,0.46153846153846156,0.3287671232876712,52,24,70,39,0.7362846930194452,0.7707129872752979,0.768246729426196,0.7695930303455866,0.8394713059195662,0.7304538630326828,0.7348150193263391,7431,1118,303,813,6325,1521,202,1719,5323,0.5,0.6,5,0.24742268041237112,0.7684671378842779,0.7701328341717885,0.22827711573419512,0.3432810134556081,0.5576923076923077,60.6551724137931,62.0,3.110482730761462,0.27358490566037735,0.5576923076923077,0.3670886075949367,52,29,77,50,0.7405592821935288,0.7724904059785902,0.7702128130445507,0.7713347534245928,0.8422955264347041,0.7281441274974015,0.7401987852015461,7456,1102,294,852,6305,1502,211,1671,5362,1.0,0.6,5,0.2330097087378641,0.7684094720395196,0.7695942233470348,0.22880226216925872,0.34043326567619536,0.5,59.69230769230769,65.0,2.585336295697839,0.28888888888888886,0.5,0.3661971830985915,52,26,64,0.0008004290336204312,-0.001165654584734277,0.001966083618354708,0.006842650495038072,0.03743005981092029,0.038461538461538436,-0.24237527772167233,-5.932692307692307,0.006900316339796375,0.03832148430726551,0.09615384615384615,0.2827711573419509,-4.969827586206897,90.81568458299999
17,2758855254,49510,14853,24755,15895,19556,14059,3835,5348,5670,7138,11283,6334,11,0.7473864129827885,0.7274086043223591,0.7156909128311798,0.7217737897279903,0.7437657607172877,0.7697420898697155,0.6335648879065362,5309,1332,497,938,8685,1660,192,2129,4013,0.5,0.6,3,0.3877551020408163,0.7253634017165586,0.7286087012392679,0.26620884669763684,0.4009669104597543,0.5490196078431373,70.10714285714286,74.0,3.5144415269642497,0.24347826086956523,0.5490196078431373,0.3373493975903614,51,28,87,39,0.7350336173523679,0.732902443950717,0.7254673878281371,0.7295761441704496,0.7391426169795461,0.7604360542408933,0.6768234922639722,5276,1342,520,763,8580,1940,198,1849,4287,0.2,0.6,1,0.32075471698113206,0.7239674301476843,0.7269606445202043,0.26867299535447386,0.39456025687297686,0.5490196078431373,68.71428571428571,71.0,4.281963239749546,0.208955223880597,0.5490196078431373,0.3027027027027027,51,28,106,50,0.739557240011781,0.7338315491819835,0.7253080758321069,0.7298816357232717,0.7409638554216867,0.7653992732429319,0.6695610988317019,5289,1327,522,791,8636,1856,199,1894,4241,0.2,0.6,1,0.32380952380952377,0.7271144258590002,0.7303757676608632,0.26487578267016765,0.39195857865604655,0.5490196078431373,66.14285714285714,70.0,3.958796202787316,0.2222222222222222,0.5490196078431373,0.3163841807909604,51,28,98,0.009617163000927076,0.00977647499695733,-0.0001593119960302536,0.0017510241424416595,-0.020965216799401,0.0,0.4443546758230661,-3.9642857142857224,-0.0013959715688742769,-0.0346466948876587,0.0,0.767521712785296,-1.392857142857153,91.14363812500001
18,1649396546,49510,14853,24755,13619,19610,16281,2596,7823,4434,7401,10516,6838,11,0.6922721199574524,0.719854574833367,0.7245692487335457,0.722824102774496,0.8201594379137954,0.6782046405477368,0.675343667739105,6070,806,525,769,7132,2615,272,1948,4618,0.2,0.6,1,0.25862068965517243,0.7254838945468216,0.7217208537820076,0.2805897798424561,0.39391484300084645,0.38095238095238093,58.6875,63.0,4.44354675823066,0.12698412698412698,0.38095238095238093,0.19047619047619047,42,16,110,39,0.7118755498090262,0.7285396889517269,0.7295628248570014,0.7299938881980078,0.828131333603567,0.7075884366679346,0.6529687042995028,6129,714,558,713,7441,2362,223,2150,4465,0.2,0.6,1,0.2884615384615385,0.7249903510638939,0.7238861917790501,0.276954150676631,0.3866190821031932,0.40476190476190477,58.294117647058826,58.0,4.564734397091497,0.13076923076923078,0.40476190476190477,0.19767441860465118,42,17,113,50,0.7134572289223257,0.7301959200161584,0.7321515417265246,0.7322560636555897,0.8265099310903932,0.7045454545454546,0.6653992395437263,6117,749,535,714,7409,2393,212,2076,4550,1.0,0.6,5,0.29629629629629634,0.7326691283420917,0.7331772478033635,0.26693597253080187,0.3827293114474987,0.4523809523809524,58.05263157894737,57.0,4.403150878610382,0.1484375,0.4523809523809524,0.2235294117647059,42,19,109,0.007582292992978967,0.004993576123455745,0.002588716869523222,0.007185233795270141,0.03305322128851543,0.07142857142857145,-0.04039587962027813,-0.6348684210526301,-0.0004935434829277385,0.007198228128460715,0.023809523809523836,0.12118763886083705,-0.39338235294117396,91.380353083
19,3317113628,49510,14853,24755,17303,16543,15664,3341,4829,6683,9081,9048,6626,11,0.72536705939414,0.7489396081599676,0.7458058593043645,0.7457018100788283,0.8290937121462394,0.6934129089301503,0.7149109568367039,7529,1226,326,692,6274,2082,138,1751,4737,0.2,0.5,5,0.3418803418803419,0.7435728394034138,0.742670666937585,0.2538073116542113,0.36040086837861385,0.6046511627906976,66.38461538461539,65.0,5.372651989497071,0.16352201257861634,0.6046511627906976,0.25742574257425743,43,26,133,39,0.718832324955177,0.7482932740860432,0.7473136752160174,0.7454477138135677,0.8319568329479132,0.6715296198054819,0.7384545728946574,7555,1226,300,708,6076,2264,141,1592,4893,1.0,0.6,5,0.34615384615384615,0.7575023796995287,0.7553579925222053,0.24168854776812765,0.35534229456225247,0.4883720930232558,66.95238095238095,67.0,4.16077560088871,0.1693548387096774,0.4883720930232558,0.25149700598802394,43,21,103,50,0.7246537923935491,0.7535851343162997,0.7522297679572114,0.7506050359175925,0.8354806739345887,0.6816976127320955,0.7395110172049502,7587,1187,307,721,6168,2159,139,1587,4900,1.0,0.6,5,0.3302752293577982,0.7542210737684679,0.7519185589632545,0.2444354675823066,0.3530332146969305,0.5813953488372093,66.6,67.0,3.8376085639264796,0.20833333333333334,0.5813953488372093,0.3067484662576687,43,25,95,0.006423908652846921,0.0015078159116529433,0.004916092741193978,0.010648234365054132,0.049322723683411285,-0.023255813953488302,-1.5350434255705916,0.21538461538460751,0.013929540296114928,-0.005928736586233496,-0.11627906976744184,-1.2118763886083617,0.5677655677655622,91.303933792
20,1315508774,49510,14853,24755,17187,17805,14518,5611,3577,5665,12517,7445,4793,11,0.7978971315952329,0.758109472833771,0.7312905877029986,0.7269504248339785,0.8478868738515619,0.6420416386836804,0.7039432505737534,10613,1414,490,1367,4780,1298,214,1205,3374,0.2,0.6,3,0.3333333333333333,0.7216962222418924,0.7191312377394868,0.251019995960412,0.34779396156086245,0.325,59.61538461538461,65.0,3.5144415269642497,0.13,0.325,0.18571428571428572,40,13,87,39,0.7968503187102627,0.7736618864875783,0.7477529631510919,0.743720804612917,0.856754813453703,0.6721289456010745,0.7143751303984978,10724,1328,465,1229,5004,1212,202,1167,3424,0.2,0.6,5,0.31707317073170727,0.7291263270634905,0.7257607145465133,0.24399111290648354,0.3329211782530437,0.35,63.285714285714285,64.5,3.433649767723692,0.1414141414141414,0.35,0.20143884892086328,40,14,85,50,0.8021209729549793,0.7715209048677035,0.745642010191148,0.7414227409823138,0.8548374211072941,0.6691739422431162,0.7129146672230335,10700,1339,478,1238,4982,1225,205,1171,3417,0.2,0.6,1,0.29787234042553196,0.7341749446268784,0.7308786629595243,0.23829529388002424,0.33216509826021706,0.375,61.4,65.0,3.878004443546758,0.13513513513513514,0.375,0.19867549668874177,40,15,96,0.014351422488149357,0.016462375448093258,-0.0021109529599439014,0.01247872238498593,0.012961210974456044,0.04999999999999999,0.3635629165825085,1.7846153846153854,0.007430104821598005,0.015724563206577558,0.024999999999999967,-0.08079175924055759,3.6703296703296715,91.205860333
21,4249496387,49510,14853,24755,15517,15368,18625,8464,3958,2431,8462,10044,6249,11,0.7161132056780358,0.7678448798222581,0.7468629122527091,0.7537087591988242,0.8711888442448593,0.8112305854241338,0.5581693070891343,7372,868,222,976,8148,920,238,2523,3488,0.2,0.6,5,0.28169014084507044,0.7367398555285165,0.7419169486644344,0.24649565744294083,0.3458871964635329,0.5227272727272727,60.95652173913044,55.0,2.8277115734195113,0.24731182795698925,0.5227272727272727,0.3357664233576642,44,23,70,39,0.7080989597350751,0.7701070490809937,0.753392795979663,0.7587865204655079,0.8783975419522572,0.78952608522501,0.5922547607617219,7433,791,238,1055,7930,1059,186,2362,3701,1.0,0.4,5,0.24285714285714288,0.7501297854418425,0.7559209641541119,0.23223591193698243,0.3406322453152,0.7272727272727273,48.34375,47.0,8.523530599878812,0.13168724279835392,0.7272727272727273,0.2229965156794425,44,32,211,50,0.7123878352311869,0.7741062411634013,0.7564318615390991,0.7623186951361349,0.879461120302529,0.7999800876144962,0.5898543767002721,7442,785,235,1015,8035,994,192,2371,3686,0.2,0.5,1,0.23853211009174313,0.7547009576738956,0.7602543458383137,0.22920622096546153,0.33817364222944846,0.6590909090909091,53.13793103448276,55.0,5.817006665320138,0.1676300578034682,0.6590909090909091,0.2672811059907834,44,29,144,0.009568949286390072,0.006529883726953956,0.003039065559436116,0.01796110214537905,-0.0684853173668808,0.13636363636363635,2.9892950919006265,-7.818590704647676,0.013389929913325993,-0.1127699076782217,0.20454545454545459,5.695819026459301,-12.612771739130437,92.32528299999998
22,39721118,49510,14853,24755,16257,15280,17973,6275,4319,4259,6829,7870,10056,11,0.7221187922836713,0.7266410826095738,0.7267747370763088,0.7316511183863738,0.7826914628788988,0.6457433290978399,0.7518894192521878,5345,1208,276,624,5082,2164,166,2329,7561,0.2,0.6,3,0.27083333333333337,0.7244709757087936,0.727065051560118,0.27606544132498484,0.37713531549877277,0.42105263157894735,72.1875,83.5,4.241567360129267,0.1322314049586777,0.42105263157894735,0.20125786163522014,38,16,105,39,0.7375246750560097,0.7447384366794587,0.7469332378634238,0.7510364886628925,0.7990921071899253,0.6947903430749682,0.7469172633253779,5457,1135,237,500,5468,1902,196,2349,7511,1.0,0.6,5,0.27999999999999997,0.7381826380143212,0.7428380905916999,0.262896384568774,0.3580492286244068,0.5263157894736842,67.6,76.0,5.049484952534842,0.13793103448275862,0.5263157894736842,0.2185792349726776,38,20,125,50,0.7362446801057452,0.7450212078368006,0.7469526649672477,0.7511019591599343,0.8001171474593645,0.6903430749682338,0.7503977724741447,5464,1127,238,506,5433,1931,193,2317,7546,0.2,0.6,1,0.30434782608695654,0.7415192101067084,0.7447381651581622,0.26006867299535447,0.3572277861011143,0.47368421052631576,71.16666666666667,80.0,4.44354675823066,0.140625,0.47368421052631576,0.21686746987951808,38,18,110,0.020177927890938863,0.020158500787115008,1.9427103823854708e-05,0.017048234397914808,0.01560960824429794,0.05263157894736842,0.20197939810139331,-1.0208333333333286,0.013711662305527561,0.017321373337457452,0.10526315789473684,0.807917592405575,-4.587500000000006,92.29453650000002
23,1233912578,49510,14853,24755,17976,15596,15938,6259,3933,4661,8860,12159,3736,11,0.7335238871487836,0.7450212078368006,0.7554524250222127,0.7248452610041611,0.8332957110609481,0.6774405789949831,0.7556209850107066,7383,1196,281,1613,8237,2309,116,797,2823,0.2,0.6,5,0.2708333333333333,0.7200528198648524,0.6822315693813993,0.29949505150474653,0.37520722808362933,0.35555555555555557,71.0625,65.0,3.029690971520905,0.17582417582417584,0.35555555555555557,0.23529411764705888,45,16,75,39,0.749610093460599,0.7469198141789537,0.7585628253599414,0.7268993090057062,0.8349887133182844,0.6778517970227815,0.762847965738758,7398,1168,294,1581,8242,2336,97,789,2850,0.5,0.6,3,0.28571428571428575,0.7382883472354177,0.7007935367532303,0.28006463340739246,0.366281208136309,0.5555555555555556,63.44,58.0,4.8475055544334475,0.1724137931034483,0.5555555555555556,0.26315789473684215,45,25,120,50,0.7459590380484441,0.7502322763078166,0.7596659768719015,0.7295102522042569,0.8366817155756208,0.6850892343120323,0.7572269807280514,7413,1153,294,1550,8330,2279,98,809,2829,0.2,0.6,1,0.27450980392156865,0.7379512363853004,0.7031130353178362,0.27650979600080794,0.364647468213973,0.5111111111111111,66.3913043478261,63.0,3.8376085639264796,0.19491525423728814,0.5111111111111111,0.2822085889570552,45,23,95,0.004213551849688857,0.0031104003377286915,0.0011031515119601654,0.01789841652044799,0.04691447130999632,0.1555555555555555,0.8079175924055746,-4.671195652173907,0.01823552737056533,0.02786377708978327,0.2,1.8178145829125425,-7.622500000000002,92.294597208
24,3869351576,49510,14853,24755,13164,19328,17018,5052,5735,4066,8866,6711,9178,11,0.6802628844233004,0.7699050696828923,0.7546777158380603,0.7550372568839808,0.8468305887660726,0.5902250037252272,0.8269775550228808,7508,973,385,1049,3961,1701,165,1423,7590,0.2,0.6,3,0.21978021978021975,0.7434310640515173,0.7434695760668353,0.24116340133306402,0.34113360601289966,0.4444444444444444,65.95,68.0,2.7469198141789537,0.22727272727272727,0.4444444444444444,0.30075187969924805,45,20,68,39,0.6854042743995957,0.7669965663502323,0.7528749143825616,0.7531495701423464,0.8407399052560343,0.6000596036358218,0.8178252342558292,7454,1019,393,1106,4027,1578,147,1525,7506,0.2,0.6,1,0.22429906542056077,0.7406289501803661,0.7403623832260767,0.24217329832357098,0.3386817981742848,0.4444444444444444,64.2,66.5,3.029690971520905,0.21052631578947367,0.4444444444444444,0.2857142857142857,45,20,75,50,0.6866443907992572,0.7718440719046658,0.7582062098803072,0.7586210617706232,0.8464922174599594,0.6101922217255252,0.8179341904554369,7505,969,392,993,4095,1623,161,1510,7507,0.2,0.6,1,0.23300970873786406,0.7512446764692041,0.7514366673812704,0.23356897596445161,0.33359249362592347,0.4888888888888889,68.18181818181819,71.0,2.7469198141789537,0.24444444444444444,0.4888888888888889,0.32592592592592595,45,22,68,0.003528494042246866,-0.0018028014554987148,0.005331295497745581,0.007813612417686855,0.025174046226677904,0.04444444444444445,0.0,2.231818181818184,-0.002802113871151146,-0.01503759398496235,0.0,0.28277115734195135,-1.75,92.296316125
25,2935808314,49510,14853,24755,12766,19170,17574,3159,6854,4840,11129,4563,9063,11,0.7011636836871236,0.7562108664916178,0.739845691077999,0.7254558967876966,0.8099559708868721,0.6820074512382205,0.7275736511089044,9014,1705,410,787,3112,664,305,2164,6594,0.2,0.6,5,0.16326530612244897,0.7403849687557602,0.7256062021156277,0.2457685316097758,0.32944887223934,0.5416666666666666,73.1923076923077,74.0,2.9488992122803475,0.26262626262626265,0.5416666666666666,0.35374149659863946,48,26,73,39,0.7071668430969299,0.7688951726923854,0.7550784118855258,0.7395287867807069,0.8096864048881302,0.7041420118343196,0.7514068189341278,9011,1755,363,740,3213,610,255,1998,6810,0.2,0.6,5,0.196078431372549,0.750621801013062,0.7373053024273689,0.2336093718440719,0.3194090692243917,0.5208333333333334,69.0,70.0,3.150878610381741,0.24271844660194175,0.5208333333333334,0.33112582781456956,48,25,78,50,0.7092285386244086,0.7720056554231468,0.7579846863453995,0.7426207974395003,0.8115733668793242,0.705456936226167,0.7569237559307073,9032,1728,369,728,3219,616,278,1925,6860,0.2,0.6,3,0.20408163265306123,0.7468756346608753,0.7322861146961267,0.2391032114724298,0.318641614825893,0.5208333333333334,70.36,69.0,3.150878610381741,0.24271844660194175,0.5208333333333334,0.33112582781456956,48,25,78,0.018138995267400482,0.0152327208075268,0.002906274459873681,0.006490665905115045,-0.022615668784069898,-0.02083333333333326,0.20197939810139376,-2.832307692307694,0.010236832257301764,-0.022615668784069898,-0.02083333333333326,0.20197939810139376,-4.192307692307693,92.565308834
26,572606425,49510,14853,24755,12535,23845,13130,5385,4005,5463,10416,8020,6319,11,0.7451816762426496,0.7741870329226419,0.7662337163117767,0.7634769162379126,0.8370775729646698,0.7113466334164589,0.7502769425542016,8719,1320,377,582,5705,1733,117,1461,4741,1.0,0.6,5,0.24175824175824176,0.76359984107579,0.7606664269023211,0.22795394869723287,0.32008290932746025,0.5476190476190477,62.65217391304348,63.0,3.878004443546758,0.19327731092436976,0.5476190476190477,0.28571428571428575,42,23,96,39,0.7436095693841892,0.7747525752373258,0.767329243898966,0.7633411330320409,0.8442780337941628,0.6900249376558604,0.7676847602468745,8794,1272,350,556,5534,1930,152,1316,4851,0.2,0.5,5,0.25,0.762065498251403,0.7576918949246428,0.230579680872551,0.31363467737760753,0.6428571428571429,58.370370370370374,63.0,5.291860230256514,0.17088607594936708,0.6428571428571429,0.26999999999999996,42,27,131,50,0.7472645715764283,0.7768531609775803,0.7690254853573792,0.7656638327270224,0.8445660522273426,0.7009975062344139,0.7615128976103814,8797,1272,347,566,5622,1832,126,1381,4812,1.0,0.6,5,0.2553191489361702,0.7707989593044617,0.7670270284542523,0.22197535851343164,0.3118307903180864,0.5952380952380952,63.68,67.0,3.878004443546758,0.2066115702479339,0.5952380952380952,0.3067484662576687,42,25,96,0.0027917690456025213,0.0010955275871892267,0.0016962414584132945,0.007199118228671697,0.021034180543382963,0.04761904761904756,0.0,1.027826086956523,-0.001534342824387025,-0.01571428571428579,0.09523809523809523,1.4138557867097559,-4.281803542673103,92.53015158300002
27,161963140,49510,14853,24755,15805,17347,16358,3017,8027,3809,5439,11131,8185,11,0.6815932486357719,0.7242577257119773,0.7390084727967859,0.7269819023732641,0.7793712079426365,0.6526816997574342,0.7849725106902871,4239,981,219,1734,7265,2132,226,1534,6425,0.5,0.6,5,0.3225806451612903,0.7252826747139983,0.7150157216035652,0.28620480710967483,0.3991923319077893,0.5365853658536586,62.18181818181818,65.5,4.322359119369824,0.17054263565891473,0.5365853658536586,0.25882352941176473,41,22,107,39,0.6838435790193814,0.7306806705716017,0.7453778614199879,0.7333345382531009,0.7909542195256482,0.6643607941784206,0.7808185705558949,4302,967,170,1793,7395,1943,218,1576,6391,0.2,0.6,5,0.28125,0.7425774847628933,0.7340246714795172,0.2662896384568774,0.3881299596046141,0.5121951219512195,61.714285714285715,61.0,3.7972126843062006,0.1826086956521739,0.5121951219512195,0.2692307692307692,41,21,94,50,0.6905852768698373,0.734922237931731,0.7484459663598627,0.737357504217182,0.7891156462585034,0.6727158386488186,0.7835064141722663,4292,959,188,1713,7488,1930,217,1555,6413,0.2,0.6,5,0.3103448275862069,0.73754099916221,0.730272500225292,0.2704504140577661,0.3859127682076953,0.5121951219512195,63.476190476190474,63.0,3.7972126843062006,0.1826086956521739,0.5121951219512195,0.2692307692307692,41,21,94,0.009437493563076771,0.00636938862320191,0.0030681049398748605,0.012258324448211733,0.010407239819004488,-0.024390243902439046,-0.5251464350636232,1.2943722943722946,0.017294810048894993,0.010407239819004488,-0.024390243902439046,-0.5251464350636232,-0.4675324675324646,92.69891850000002
28,3091348244,49510,14853,24755,17963,15986,15561,3475,5178,6200,7919,8356,8480,11,0.7153434789640721,0.713472025853363,0.7143195205056371,0.7188065533655722,0.7483268089405228,0.7296553374820488,0.6649764150943396,5926,1711,282,840,6097,1419,262,2579,5639,0.2,0.6,3,0.21978021978021975,0.7144122356096392,0.7174727524270906,0.28644718238739647,0.39953455733494864,0.35555555555555557,56.8125,61.5,4.887901434053727,0.11678832116788321,0.35555555555555557,0.1758241758241758,45,16,121,39,0.7175717217128254,0.7173500302969097,0.7180565027045551,0.7223656753720551,0.750978658921581,0.7101483963618956,0.6930424528301887,5947,1657,315,873,5934,1549,225,2378,5877,0.2,0.6,5,0.1836734693877551,0.7106721591008182,0.7134479548519782,0.2900424156736013,0.3970845435975917,0.4,62.388888888888886,67.0,4.8475055544334475,0.13043478260869565,0.4,0.19672131147540983,45,18,120,50,0.7177394215902275,0.7206220965461523,0.7212717972124268,0.7258114424453205,0.7494633160752621,0.7234322642412637,0.6909198113207548,5935,1695,289,819,6045,1492,227,2394,5859,0.2,0.6,1,0.21276595744680854,0.7173109572334914,0.7205284259543516,0.28345788729549587,0.3919796372874953,0.4,58.77777777777778,65.0,4.968693193294284,0.1276595744680851,0.4,0.1935483870967742,45,18,123,0.006952276706789773,0.0037369821989180485,0.0032152945078717243,0.002898721623852185,0.017724211272598378,0.04444444444444445,0.08079175924055715,1.9652777777777786,-0.003740076508821022,0.020897135651234022,0.04444444444444445,-0.04039587962027902,5.576388888888886,93.287762542
29,3384635071,49510,14853,24755,15541,13043,20926,5118,3632,6103,9172,9458,6125,11,0.7692491882275889,0.7669965663502323,0.7551887183174507,0.7578920822520095,0.8358046227649367,0.7691901036159865,0.6605714285714286,7666,983,523,996,7275,1187,213,1866,4046,1.0,0.6,5,0.3076923076923077,0.762467591658949,0.7668409000926085,0.22581296707735812,0.3392594279650828,0.46153846153846156,64.72222222222223,61.0,3.029690971520905,0.1935483870967742,0.46153846153846156,0.2727272727272727,39,18,75,39,0.7811554498572049,0.7768935568572005,0.766188686449997,0.7692069205905915,0.8288268643698212,0.7884330725311905,0.6813061224489796,7602,1057,513,927,7457,1074,209,1743,4173,1.0,0.6,5,0.32653061224489793,0.76591038210349,0.7697680546039115,0.22237931730963442,0.33436897916082015,0.46153846153846156,66.38888888888889,64.0,4.281963239749546,0.14516129032258066,0.46153846153846156,0.2208588957055215,39,18,106,50,0.7822846977556385,0.7765299939406181,0.7654879299367764,0.7686823932355638,0.8288268643698212,0.7895961091139776,0.6780408163265306,7602,1069,501,908,7468,1082,208,1764,4153,1.0,0.6,5,0.34408602150537637,0.7672817366381861,0.7703702922880025,0.22116744092102605,0.3324201848176552,0.46153846153846156,66.83333333333333,67.5,4.201171480508988,0.14754098360655737,0.46153846153846156,0.22360248447204967,39,18,104,0.010299211619325677,0.010999968132546334,-0.0007007565132206572,0.004814144979237156,-0.04912478825522304,0.0,1.1714805089880826,2.1111111111111,0.0034427904445410995,-0.051868377021751205,0.0,1.2522722682286407,1.6666666666666572,92.794427958
30,1727305320,49510,14853,24755,22857,11672,14981,5975,2989,5889,10622,7274,6859,11,0.7358312915643567,0.7576651181579479,0.7460216495171945,0.746271018366862,0.8251741668235737,0.7228485015122353,0.6900422802157749,8765,1497,360,877,5258,1139,220,1906,4733,0.2,0.6,3,0.19999999999999998,0.7468933630965169,0.7469266523167031,0.24306200767521713,0.3518544637334804,0.5106382978723404,72.625,73.5,3.6760250454453645,0.20869565217391303,0.5106382978723404,0.2962962962962962,47,24,91,39,0.7424892790248344,0.7550393859826298,0.7437069739854715,0.7440373578034968,0.8204669553756355,0.7236733571624966,0.6869806094182825,8715,1519,388,923,5264,1087,194,1953,4712,0.2,0.6,5,0.1875,0.7397569262375945,0.7393379456336224,0.25118157947889314,0.34882254540015595,0.46808510638297873,70.18181818181819,73.5,3.5144415269642497,0.2018348623853211,0.46808510638297873,0.28205128205128205,47,22,87,50,0.7420450831204093,0.759119369824278,0.7479907378906212,0.7480429810157546,0.8232912822443984,0.7290349188891944,0.6916460125382708,8745,1484,393,871,5303,1100,191,1924,4744,0.2,0.6,5,0.20930232558139533,0.7481443298316428,0.7479171435609686,0.2433447788325591,0.34555769334207076,0.44680851063829785,69.19047619047619,73.0,3.5144415269642497,0.19444444444444445,0.44680851063829785,0.2709677419354839,47,21,87,0.001969088373426686,-0.0023146755317230427,0.004283763905149729,0.0012509667351259246,-0.025328554360812328,-0.06382978723404253,-0.16158351848111474,-3.43452380952381,-0.007136436858922401,-0.014245014245014176,-0.04255319148936165,-0.16158351848111474,-2.443181818181813,92.7698935
31,3892276857,49510,14853,24755,15055,19806,14649,5759,2496,6598,5474,10048,9233,11,0.7650932522516797,0.723045849323369,0.7296247133412623,0.7326937531045296,0.7658019729630983,0.696656050955414,0.7264161161052746,4192,986,296,700,7000,2348,320,2206,6707,0.2,0.6,5,0.32352941176470584,0.7088887988015148,0.7087018306534375,0.29622298525550395,0.3939070716596422,0.38461538461538464,69.1,69.0,3.5548374065845283,0.18518518518518517,0.38461538461538464,0.25,52,20,88,39,0.7564544747008677,0.7209048677034943,0.7293202237315466,0.7301357059061176,0.774205334307636,0.6807324840764332,0.7330228528105708,4238,969,267,839,6840,2369,307,2158,6768,0.2,0.6,5,0.2933333333333334,0.7167509475728133,0.7160490389535071,0.287537871137144,0.39002904525582527,0.46153846153846156,69.875,72.5,3.4740456473439707,0.21818181818181817,0.46153846153846156,0.29629629629629634,52,24,86,50,0.7619244310775005,0.72607554029489,0.7331573587736523,0.7351116243804813,0.7700036536353672,0.6879976114649682,0.7414708112206216,4215,984,275,763,6913,2372,302,2085,6846,0.2,0.6,5,0.30985915492957744,0.7153893586613137,0.7149291571729816,0.2889113310442335,0.38630973045579553,0.4423076923076923,70.08695652173913,72.0,3.150878610381741,0.22772277227722773,0.4423076923076923,0.3006535947712418,52,23,78,0.003532645432389958,-0.00030448960971574124,0.0038371350421056993,0.006500559859798916,0.05065359477124182,0.057692307692307654,-0.4039587962027871,0.9869565217391312,0.007862148771298538,0.046296296296296335,0.07692307692307693,-0.08079175924055759,0.7750000000000057,94.85964237500002
32,3885075678,49510,14853,24755,17872,18246,13392,2863,5859,6131,6619,9985,8151,11,0.7406134543459052,0.710442334881842,0.7143430870883414,0.7198571635141803,0.7487535881553105,0.6904356534802203,0.7038400196294933,4956,1175,488,674,6894,2417,206,2208,5737,0.2,0.6,5,0.3448275862068966,0.7030226690306014,0.704869932029741,0.3035346394667744,0.40329545146295204,0.5217391304347826,66.25,67.5,3.8376085639264796,0.20168067226890757,0.5217391304347826,0.2909090909090909,46,24,95,39,0.750727625994541,0.7080589779842456,0.7131330273105952,0.7180404940497924,0.7505665508384952,0.6759138708062093,0.7129186602870813,4968,1170,481,671,6749,2565,206,2134,5811,0.5,0.6,5,0.3225806451612903,0.7049265475632159,0.706367463590409,0.3024035548374066,0.4027622711484788,0.6304347826086957,58.10344827586207,61.0,4.8475055544334475,0.19463087248322147,0.6304347826086957,0.2974358974358975,46,29,120,50,0.7504503786781959,0.7096748131690568,0.7141320016171212,0.7193471108343723,0.750113310167699,0.6840260390585878,0.7082566556250767,4965,1164,490,675,6830,2480,203,2175,5773,0.2,0.6,5,0.3703703703703704,0.7128774585759795,0.7148170623068647,0.2922641890527166,0.4000819051356376,0.5652173913043478,63.80769230769231,68.0,3.7164209250656435,0.22033898305084745,0.5652173913043478,0.3170731707317073,46,26,92,-0.00021108547122017374,-0.0012100597777461308,0.000998974306525957,0.009854789545378106,0.026164079822616426,0.04347826086956519,-0.12118763886083617,-2.4423076923076934,0.0019038785326145335,0.0065268065268065945,0.10869565217391308,1.009896990506968,-8.146551724137929,94.66092904200002
33,2402062183,49510,14853,24755,20610,12221,16679,4428,5259,5166,4654,8258,11843,11,0.7758619020601962,0.745950313068067,0.7371025570365738,0.7421441545225114,0.7228190803609797,0.7046500363284088,0.7838385544203327,3364,1067,223,699,5819,1740,138,2422,9283,1.0,0.6,5,0.1951219512195122,0.7314300793555812,0.7355089794571529,0.25825085841244194,0.3671211968363653,0.4318181818181818,65.05263157894737,71.0,4.1203797212684306,0.15702479338842976,0.4318181818181818,0.23030303030303031,44,19,102,39,0.7824447092658614,0.749424358715411,0.7418577860049836,0.7456106877409409,0.7286205414697035,0.7161540324533785,0.7807987840918686,3391,1023,240,735,5914,1609,136,2460,9247,0.2,0.6,5,0.21428571428571427,0.7363782096659067,0.7382724117387593,0.2557463138759847,0.36137715587915326,0.45454545454545453,62.45,61.5,4.201171480508988,0.16129032258064516,0.45454545454545453,0.23809523809523805,44,20,104,50,0.7841185784027092,0.7531003837608564,0.7442750024542203,0.7484911184534967,0.7275461968199398,0.7168806006296924,0.7883982099130288,3386,1027,241,717,5920,1621,139,2367,9337,0.2,0.6,5,0.23076923076923078,0.7401005268151731,0.7423019376122011,0.25138355887699454,0.35860964353927355,0.45454545454545453,62.9,62.5,3.7972126843062006,0.17543859649122806,0.45454545454545453,0.25316455696202533,44,20,94,0.0071724454176465,0.0047552289684098525,0.0024172164492366477,0.00867044745959189,0.02286152665899502,0.022727272727272707,-0.3231670369622299,-2.1526315789473713,0.0049481303103254826,0.007792207792207739,0.022727272727272707,0.08079175924055715,-2.602631578947367,94.98315641699998
34,3906362348,49510,14853,24755,18312,12969,18229,6013,5579,3261,10069,6709,7977,11,0.7610133796797108,0.747970107049081,0.7469596223386007,0.7425330798330965,0.7821034859469659,0.7852138917871516,0.6735614892816848,7875,1799,395,568,5268,873,294,2310,5373,0.2,0.6,5,0.4827586206896552,0.7290808772733954,0.7260832870167313,0.26653201373459906,0.3609788416612616,0.2916666666666667,68.92857142857143,67.5,3.2720662492425774,0.14736842105263157,0.2916666666666667,0.19580419580419584,48,14,81,39,0.7662501620441963,0.7498283175116138,0.748726492669035,0.7439654720972905,0.7867712781805541,0.7899836041138769,0.669424595712674,7922,1673,474,571,5300,838,262,2375,5340,0.2,0.6,5,0.47727272727272735,0.7342806906668914,0.730406562540563,0.26301757220763483,0.358961372751546,0.3125,69.33333333333333,67.0,3.433649767723692,0.15,0.3125,0.2027027027027027,48,15,85,50,0.7689468725683984,0.7499495051504746,0.7484846379221545,0.7440349211954294,0.7872678518224253,0.7838724101952601,0.6743136517487778,7927,1687,455,576,5259,874,262,2336,5379,0.5,0.6,3,0.4888888888888889,0.7457470892995947,0.7416129892137752,0.25162593415471624,0.3573801847028803,0.3333333333333333,63.3125,54.0,3.635629165825086,0.1509433962264151,0.3333333333333333,0.20779220779220778,48,16,90,0.0015250155835537793,0.0017668703304343225,-0.0002418547468805432,0.016666212026199223,0.011988011988011943,0.04166666666666663,0.3635629165825085,-5.616071428571431,0.005199813393495956,0.006898506898506851,0.020833333333333315,0.16158351848111474,0.404761904761898,94.889085792
35,1659033537,49510,14853,24755,18800,14697,16013,5647,2975,6231,8344,10154,6257,11,0.749590111565802,0.7682892344980812,0.7577665641676715,0.7647280609179661,0.7901486097794823,0.8072680716958834,0.675883011027649,6593,1524,227,928,8197,1029,348,1680,4229,0.5,0.6,1,0.3709677419354838,0.7544890891951636,0.7610522976987749,0.2349424358715411,0.3500068238623343,0.5853658536585366,66.54166666666667,75.0,4.564734397091497,0.17518248175182483,0.5853658536585366,0.2696629213483146,41,24,113,39,0.7550034652867286,0.7726923853766916,0.7643243873112179,0.7699519875254918,0.7879913710450623,0.8048059877880638,0.7001758031005274,6575,1521,248,793,8172,1189,297,1579,4381,0.5,0.6,3,0.3471074380165289,0.7581288902397864,0.7617755603959373,0.23562916582508583,0.34390192534005987,0.6097560975609756,68.12,71.0,4.362754998990103,0.18796992481203006,0.6097560975609756,0.28735632183908044,41,25,108,50,0.7620347588677702,0.775802868107453,0.7669846752342254,0.7728603085581481,0.789189837008629,0.8111089225920819,0.7006552661019658,6585,1515,244,779,8236,1139,317,1556,4384,0.2,0.5,3,0.35036496350364965,0.7629367548955361,0.7685746900990229,0.2275499899010301,0.34086122330346674,0.6097560975609756,64.68,72.0,5.41304786911735,0.15723270440251572,0.6097560975609756,0.25,41,25,134,0.009218111066553902,0.00655782314354636,0.0026602879230075427,0.008447665700372586,-0.0196629213483146,0.024390243902439046,0.8483134720258532,-1.8616666666666646,0.0036398010446228035,0.017693400490765843,0.024390243902439046,-0.2019793981013942,1.5783333333333331,94.99322108400003
36,1175426631,49510,14853,24755,14212,20120,15178,5444,5765,3644,8217,9606,6932,11,0.7258579640437741,0.7026863259947486,0.6995369673172243,0.7057924768412368,0.7101131799926981,0.7236102435977514,0.6648874783612233,5835,1861,521,1649,6951,1006,106,2217,4609,0.2,0.6,1,0.27906976744186046,0.6735091031154515,0.6756936210144229,0.32914562714603113,0.4269678538721502,0.40350877192982454,67.6086956521739,71.0,4.322359119369824,0.17692307692307693,0.40350877192982454,0.24598930481283424,57,23,107,39,0.7417547939336271,0.7083013532619673,0.7067783323254172,0.7130513922881718,0.7127905561640502,0.7179887570268582,0.6895556837853434,5857,1928,432,1751,6897,958,64,2088,4780,0.2,0.6,5,0.2558139534883721,0.6849949640428449,0.6829899904134854,0.32256109876792566,0.4167883098712674,0.38596491228070173,62.95454545454545,65.5,4.241567360129267,0.1732283464566929,0.38596491228070173,0.23913043478260868,57,22,105,50,0.7408855584393953,0.7102807513633609,0.7085561228023374,0.71457309305693,0.7191188998417914,0.7194461794711638,0.6871032890940566,5909,1852,456,1752,6911,943,79,2090,4763,0.2,0.6,1,0.2696629213483146,0.688892837515232,0.689055561224191,0.3164209250656433,0.4147173907244462,0.42105263157894735,62.208333333333336,65.5,4.524338517471218,0.17647058823529413,0.42105263157894735,0.24870466321243523,57,24,112,0.009019155485113117,0.007241365008192946,0.0017777904769201713,0.015383734399780469,0.0027153583996009922,0.017543859649122806,0.2019793981013942,-5.400362318840571,0.011485860927393343,-0.006858870030225561,-0.017543859649122806,-0.08079175924055715,-4.654150197628454,95.26134937500001
37,1682895718,49510,14853,24755,12926,15390,21194,3779,3528,7546,7817,8343,8595,11,0.732228327650937,0.7544334477883256,0.7547667703748367,0.7574714791517079,0.7795829602149162,0.7108953613807982,0.7738219895287958,6094,1347,376,677,5931,1735,278,1666,6651,1.0,0.6,5,0.2830188679245283,0.7414963094619194,0.7438324989456646,0.2587356089678853,0.35178186787245463,0.4888888888888889,68.0,71.5,3.7972126843062006,0.1896551724137931,0.4888888888888889,0.2732919254658385,45,22,94,39,0.7487127250960411,0.7637245001009897,0.7637925769609675,0.7671854768578598,0.7693488550594857,0.7533261416756563,0.7687027341477604,6014,1436,367,562,6285,1496,268,1720,6607,0.2,0.6,3,0.2909090909090909,0.7558741348698627,0.7585361682930917,0.24411230054534439,0.342627807390994,0.4222222222222222,65.05263157894737,73.0,3.5952332862048073,0.17592592592592593,0.4222222222222222,0.24836601307189543,45,19,89,50,0.7451477130550798,0.7642496465360533,0.7644011735226336,0.7676925216188352,0.773314570807215,0.7517679491789524,0.7681210005817336,6045,1395,377,573,6272,1498,264,1729,6602,1.0,0.6,5,0.27522935779816515,0.752700126966464,0.755552302548018,0.24738436679458695,0.3419934874052075,0.4222222222222222,65.26315789473684,71.0,3.918400323167037,0.16379310344827586,0.4222222222222222,0.2360248447204969,45,19,97,0.009634403147796844,0.009025806586130725,0.0006085965616661193,0.011203817504544689,-0.03726708074534163,-0.06666666666666665,0.12118763886083617,-2.7368421052631646,0.014377825407943301,-0.024925912393943095,-0.06666666666666665,-0.20197939810139331,-2.94736842105263,95.48204454199998
38,2019104162,49510,14853,24755,14581,17776,17153,2884,5026,6943,8558,10047,6150,11,0.720318768171118,0.7547566148252878,0.7560414552298645,0.7585141433011732,0.7615096985276933,0.7445008460236887,0.7621138211382114,6517,1581,460,1841,7480,726,202,1261,4687,1.0,0.6,3,0.3185840707964602,0.7527698939958208,0.7543503515034695,0.24883861846091698,0.36863353696517676,0.4423076923076923,62.82608695652174,64.0,4.605130276711775,0.1678832116788321,0.4423076923076923,0.24338624338624334,52,23,114,39,0.7190201048549233,0.7608159967683297,0.7622099035068507,0.7639878522448217,0.7707408272960972,0.7480840051756743,0.7678048780487805,6596,1552,410,1697,7516,834,212,1216,4722,0.5,0.6,3,0.27906976744186046,0.7635100872565493,0.763655616672089,0.23966875378711372,0.358983346904118,0.5192307692307693,63.7037037037037,63.0,4.645526156332054,0.19014084507042253,0.5192307692307693,0.27835051546391754,52,27,115,50,0.7185778446753135,0.7594425368612402,0.7615138797926858,0.7627047813922396,0.7709745267585885,0.7425102020503633,0.7710569105691056,6598,1531,429,1736,7460,851,205,1203,4742,1.0,0.6,3,0.2748091603053435,0.7581525736200372,0.7577900544797834,0.24564734397091498,0.3582564157166741,0.5384615384615384,64.89285714285714,63.0,4.968693193294284,0.18543046357615894,0.5384615384615384,0.27586206896551724,52,28,123,0.005472424562821265,0.006168448276986149,-0.000696023714164884,0.005382679624216347,0.03247582557927389,0.09615384615384615,0.3635629165825085,2.066770186335397,0.010740193260728503,0.03496427207767419,0.07692307692307698,0.04039587962027902,0.8776167471819605,95.61061541600003
39,3152620351,49510,14853,24755,18003,12347,19160,4168,5946,4739,8867,9952,5936,11,0.698213045968644,0.7569379923247829,0.7636905462381267,0.7573142487981236,0.7844817863990076,0.7068930868167203,0.7996967654986523,6956,1668,243,843,7035,2074,158,1031,4747,0.2,0.6,1,0.22857142857142856,0.7493245858168663,0.7446821548473693,0.25473641688547766,0.3604153764059751,0.5208333333333334,61.64,64.0,3.433649767723692,0.22727272727272727,0.5208333333333334,0.3164556962025316,48,25,85,39,0.6919417335101871,0.7563320541304787,0.7604566159114362,0.7557504102937781,0.7947445584752453,0.710008038585209,0.7766172506738545,7047,1603,217,819,7066,2067,152,1174,4610,0.2,0.6,1,0.21568627450980393,0.7763370984973218,0.7704389431616901,0.22912542920622098,0.35187939537779006,0.625,62.36666666666667,62.5,2.989295091900626,0.28846153846153844,0.625,0.3947368421052631,48,30,74,50,0.6998759690492143,0.7617854978792163,0.766904456832674,0.7615022866131446,0.7947445584752453,0.715032154340836,0.7909366576819407,7047,1586,234,821,7116,2015,152,1089,4695,0.2,0.6,3,0.25,0.7676578453992828,0.761116341040386,0.23845687739850535,0.35023373505445743,0.5833333333333334,63.607142857142854,64.0,2.9488992122803475,0.27722772277227725,0.5833333333333334,0.37583892617449666,48,28,73,0.0032139105945473423,-0.003233930326690504,0.006447840921237846,0.018333259582416495,0.059383229971965046,0.0625,-0.48475055544334467,1.9671428571428535,0.02701251268045546,0.0782811459027315,0.10416666666666663,-0.4443546758230661,0.7266666666666666,95.49965420799998
40,660207312,49510,14853,24755,14340,15641,19529,6477,6211,2165,8205,9611,6939,11,0.7322048040808613,0.7295899818218542,0.7295740053800429,0.7299072248352134,0.8258379037172456,0.6841119550515035,0.6787721573713792,6776,1018,411,734,6575,2302,281,1948,4710,1.0,0.6,3,0.2828282828282828,0.7271346661209472,0.7254337623784036,0.2744092102605534,0.38829270470048427,0.56,64.25,66.0,4.0799838416481515,0.21705426356589147,0.56,0.3128491620111732,50,28,101,39,0.7359191753716919,0.7403756816804686,0.7411366051098917,0.7404935837826531,0.8393662400975015,0.6875455207574654,0.6964980544747081,6887,910,408,665,6608,2338,306,1800,4833,0.5,0.6,1,0.23008849557522124,0.7298640210012435,0.7288006259346443,0.27133912340941224,0.3796853376073453,0.52,59.42307692307692,60.5,4.968693193294284,0.174496644295302,0.52,0.2613065326633166,50,26,123,50,0.7390238629109179,0.7401737022823672,0.740728607304766,0.7402645423644533,0.8372943327239488,0.68983456456144,0.6950569246289091,6870,921,414,671,6630,2310,305,1811,4823,1.0,0.6,1,0.2564102564102564,0.7353994017960718,0.7339353152814607,0.2661280549383963,0.37863849811188727,0.56,60.25,61.5,5.211068471015956,0.17834394904458598,0.56,0.2705314009661836,50,28,129,0.011154601924723062,0.011562599729848744,-0.0004079978051256816,0.008264735675124535,-0.04231776104498958,0.0,1.1310846293678045,-4.0,0.002729354880296242,-0.05154262934785658,-0.040000000000000036,0.8887093516461322,-4.82692307692308,95.73316020800002
41,3214725941,49510,14853,24755,15603,16841,17066,5447,3983,5423,8188,9057,7510,11,0.7233526171680111,0.7530195920016158,0.7525158162213298,0.7541722630406295,0.8259648265754763,0.7283868830738656,0.7031957390146472,6763,920,505,1074,6597,1386,182,2047,5281,0.5,0.6,5,0.1875,0.7532644852426937,0.7550424384762274,0.2457685316097758,0.369988516841175,0.4864864864864865,69.27777777777777,77.0,3.756816804685922,0.16216216216216217,0.4864864864864865,0.24324324324324326,37,18,93,39,0.7380282370656222,0.7566552211674409,0.7561975455438658,0.7585702043517825,0.8157059110893992,0.73744065363807,0.7154460719041278,6679,1046,463,919,6679,1459,154,1983,5373,0.2,0.6,1,0.1764705882352941,0.7659651151115017,0.7667735313427885,0.2342153100383761,0.35717871058652206,0.40540540540540543,67.53333333333333,70.0,4.403150878610382,0.12096774193548387,0.40540540540540543,0.1863354037267081,37,15,109,50,0.73896061827808,0.7596849121389618,0.7593077694681064,0.7612502607901742,0.8249877870053737,0.7365573589488793,0.7163781624500666,6755,963,470,954,6671,1432,161,1969,5380,0.5,0.6,3,0.1730769230769231,0.7697929992325792,0.7709508541904727,0.2301757220763482,0.35587884879193044,0.43243243243243246,71.875,70.5,4.44354675823066,0.12698412698412698,0.43243243243243246,0.19631901840490798,37,16,110,0.006791953246776616,0.003681729322535965,0.0031102239242406515,0.01652851398988542,-0.04692422483833528,-0.05405405405405406,0.686729953544738,2.5972222222222285,0.012700629868807933,-0.056907839516535164,-0.08108108108108109,0.6463340739244599,-1.74444444444444,93.912779
42,3519752463,49510,14853,24755,16064,18057,15389,5662,1819,7372,5046,9522,10187,11,0.761048774860389,0.7370228236719855,0.7466246766216282,0.7528676522453833,0.7929052715021799,0.7462717916404117,0.7006969667222931,4001,706,339,456,7106,1960,155,2894,7138,0.2,0.6,5,0.16216216216216217,0.7278675399045517,0.73348302130892,0.2803878004443547,0.3733808466256012,0.42857142857142855,60.42857142857143,63.0,3.3528580084831345,0.20192307692307693,0.42857142857142855,0.27450980392156865,49,21,83,39,0.7631407040612194,0.7347202585336295,0.744803106215079,0.7512055512054437,0.7919143876337693,0.755933627389204,0.6865613036222636,3996,679,371,479,7198,1845,114,3079,6994,0.2,0.6,5,0.24657534246575347,0.7372439572476166,0.7424559183217613,0.2703292264189053,0.37289455280508543,0.5102040816326531,68.04,70.0,3.5548374065845283,0.22123893805309736,0.5102040816326531,0.308641975308642,49,25,88,50,0.7685468321286955,0.74057766107857,0.7501039671616682,0.7564260803588807,0.7950852160126833,0.7569838269271162,0.6982428585452046,4012,679,355,460,7208,1854,128,2946,7113,0.2,0.6,5,0.22535211267605634,0.7396696893381366,0.7451347680568099,0.2670167642900424,0.3689503642388383,0.46938775510204084,64.3913043478261,66.0,3.7164209250656435,0.2,0.46938775510204084,0.2804878048780488,49,23,92,0.0034792905400399254,-0.0018215704065492888,0.005300860946589214,0.01180214943358493,0.005978000956480156,0.04081632653061229,0.36356291658250894,3.9627329192546625,0.009376417343064936,0.03413217138707336,0.08163265306122452,0.20197939810139376,7.611428571428576,93.96653033299998
43,3209911946,49510,14853,24755,14967,15641,18902,5048,4116,5689,7665,12853,4237,11,0.7275552137113476,0.7246616845081801,0.7007112529738714,0.6959580728278398,0.7886497064579256,0.734536684042636,0.5789473684210527,6045,1419,201,859,9441,2553,73,1711,2453,0.5,0.6,5,0.3305785123966942,0.7045168142155948,0.7029723632323276,0.2641486568370026,0.3886973696465243,0.4722222222222222,61.529411764705884,63.0,5.049484952534842,0.11971830985915492,0.4722222222222222,0.1910112359550562,36,17,125,39,0.7397484429091019,0.7203393253888103,0.6939079532356259,0.6895210043357065,0.8022178734507501,0.7267563992842138,0.5527495869719141,6149,1315,201,910,9341,2602,48,1847,2342,0.2,0.5,5,0.32857142857142857,0.6948965465489477,0.6895602208158361,0.27929711169460714,0.3925023971066316,0.5277777777777778,64.6842105263158,67.0,6.948091294687941,0.09947643979057591,0.5277777777777778,0.1674008810572687,36,19,172,50,0.7433848309116854,0.725792769137548,0.6981839103856476,0.6949576545008762,0.7954337899543379,0.7388158406597681,0.5603021005428369,6097,1372,196,890,9496,2467,61,1802,2374,0.2,0.5,3,0.32116788321167883,0.6983747329234843,0.6955106859967515,0.2724298121591598,0.38490710857946314,0.5833333333333334,65.61904761904762,70.0,6.705716016966269,0.11229946524064172,0.5833333333333334,0.1883408071748879,36,21,166,-0.0025273425882237355,-0.00680329973824545,0.004275957150021714,-0.006142081292110468,-0.0026704287801682935,0.11111111111111116,1.6562310644314273,4.089635854341736,-0.009620267666647031,-0.02361035489778751,0.05555555555555558,1.8986063421530996,3.1547987616099107,93.98980545900002
44,2734190334,49510,14853,24755,13104,19080,17326,2284,4047,8522,7615,10366,6774,11,0.6929757093529468,0.7760048475055544,0.7869102201013045,0.7800868029615907,0.8215364412344057,0.7036465367547752,0.8355476823147328,6256,1056,303,937,7294,2135,77,1037,5660,1.0,0.6,3,0.3063063063063063,0.7842233973791748,0.7744201386496478,0.22973136740052513,0.3428907018949259,0.45454545454545453,68.06666666666666,75.0,3.029690971520905,0.16666666666666666,0.45454545454545453,0.2439024390243902,33,15,75,39,0.7081581862253774,0.7863461926883458,0.7975083580610848,0.790070214641077,0.8463558765594222,0.7091452826548331,0.8370239149689991,6445,884,286,948,7351,2067,60,1044,5670,0.2,0.6,1,0.33009708737864074,0.7901021576516607,0.7799065238989203,0.22391436073520501,0.33425904518150806,0.45454545454545453,67.06666666666666,71.0,2.9488992122803475,0.17045454545454544,0.45454545454545453,0.24793388429752064,33,15,73,50,0.7059612480775569,0.7891739042617653,0.8005080702262856,0.7929232961948186,0.8455679579776756,0.7118464209917037,0.8441098317094774,6439,888,288,920,7379,2067,56,1000,5718,0.5,0.6,3,0.34951456310679613,0.7905660638493058,0.7805713866589116,0.22347000605938194,0.3322525644500148,0.45454545454545453,66.2,70.0,2.86810745303979,0.1744186046511628,0.45454545454545453,0.25210084033613445,33,15,71,0.013597850124981048,0.010598137959780263,0.002999712165200785,0.006342666470131042,0.008198401311744236,0.0,-0.16158351848111518,-1.86666666666666,0.005878760272485906,0.0040314452731304296,0.0,-0.08079175924055759,-1.0,93.88074012499999
45,3156882560,49510,14853,24755,15560,17906,16044,7869,3538,3446,8214,8265,8276,11,0.6969750554279704,0.7213896182589375,0.7214145143068826,0.7243898426014378,0.7348429510591673,0.7017543859649122,0.7276462058965684,6036,1727,451,934,5800,1531,296,1958,6022,1.0,0.6,1,0.36734693877551017,0.7147425981082453,0.7170304902345567,0.2852757018784084,0.4003444933123098,0.5185185185185185,61.035714285714285,58.0,6.220965461522924,0.15384615384615385,0.5185185185185185,0.23728813559322035,54,28,154,39,0.7053310363388571,0.7216723894162795,0.7216952830359475,0.72379769900542,0.7388604821037253,0.6764670296430731,0.749758337361044,6069,1683,462,1063,5591,1611,304,1767,6205,0.2,0.5,3,0.3716814159292035,0.713567378903809,0.715239539780311,0.28644718238739647,0.39766542233941055,0.6296296296296297,65.5,67.5,6.584528378105433,0.17258883248730963,0.6296296296296297,0.27091633466135456,54,34,163,50,0.7051209438505603,0.718400323167037,0.7184309229705782,0.7208124684724356,0.7376430484538593,0.6790078644888082,0.7386418559690672,6059,1693,462,1068,5612,1585,301,1862,6113,0.5,0.6,3,0.3541666666666667,0.7149723190897208,0.7166198322382616,0.28503332660068675,0.3962380041017559,0.5185185185185185,69.0,73.5,5.251464350636235,0.17721518987341772,0.5185185185185185,0.2641509433962264,54,28,130,-0.0029835913363044364,0.00028076872906490635,-0.0032643600653693428,0.0002297209814755563,0.026862807803006067,0.0,-0.9695011108866893,7.964285714285715,-0.0011752192044363063,0.03362819906813422,0.11111111111111116,0.3635629165825085,4.464285714285715,94.06936266700001
46,1642128921,49510,14853,24755,18090,18741,12679,4669,7124,3060,6330,8666,9759,11,0.7994515691241931,0.7573015552413653,0.7530929421993423,0.757773147561346,0.7341232227488151,0.7172859450726979,0.807869658776514,4647,1387,296,835,6216,1615,185,1690,7884,0.2,0.6,5,0.2058823529411765,0.7478995585714939,0.7498763832678991,0.25061603716420927,0.3588985021175755,0.36363636363636365,63.75,65.5,2.8277115734195113,0.18604651162790697,0.36363636363636365,0.24615384615384617,44,16,70,39,0.789970279145067,0.7623510401939002,0.7626126457455847,0.7654572383333175,0.7751974723538705,0.7290560812370183,0.7835843836458654,4907,1173,250,877,6318,1471,182,1930,7647,0.2,0.6,5,0.26666666666666666,0.7592547133897706,0.7607380865266086,0.23938598262977176,0.35284788969785075,0.45454545454545453,58.6,56.0,3.150878610381741,0.20408163265306123,0.45454545454545453,0.2816901408450704,44,20,78,50,0.7935873893852396,0.7688547768127652,0.767523997814055,0.7707667365009861,0.7674565560821485,0.7375951996307408,0.7975202377292755,4858,1212,260,859,6392,1415,179,1797,7783,0.2,0.6,5,0.2777777777777778,0.7578965420967879,0.759482684832203,0.24092102605534235,0.3497096942505045,0.38636363636363635,52.64705882352941,56.0,3.110482730761462,0.18085106382978725,0.38636363636363635,0.24637681159420294,44,17,77,0.014431055614712696,0.00951970354624243,0.004911352068470265,0.00999698352529399,0.00022296544035677046,0.022727272727272707,0.2827711573419509,-11.102941176470587,0.011355154818276647,0.03553629469122421,0.09090909090909088,0.3231670369622299,-5.149999999999999,93.75907733399998
47,2372062856,49510,14853,24755,15189,18115,16206,4001,3786,7066,8211,7926,8618,11,0.6953702192024633,0.7793981013936578,0.7784269495176687,0.7799543763018756,0.8122031421264158,0.7238203381276811,0.7992573682989093,6669,1255,287,763,5737,1426,169,1561,6888,1.0,0.6,3,0.2280701754385965,0.771561452230873,0.772900758520722,0.2273480105029287,0.3275300366302658,0.5652173913043478,67.65384615384616,67.0,3.312462128862856,0.24074074074074073,0.5652173913043478,0.33766233766233766,46,26,82,39,0.7118331125653888,0.7785901838012522,0.7780172995217987,0.7795935257795841,0.8198757763975155,0.7329043653797628,0.7812717567881179,6732,1220,259,791,5809,1326,157,1728,6733,0.2,0.6,5,0.21999999999999997,0.7672871093024684,0.7681298858553292,0.23158957786305798,0.32423629818338656,0.5,68.30434782608695,70.0,3.2720662492425774,0.22115384615384615,0.5,0.30666666666666664,46,23,81,50,0.7089811606785682,0.7845283781054333,0.7836150109821678,0.784933441812953,0.8224333211545488,0.7281100176633863,0.8003016941285681,6753,1177,281,785,5771,1370,160,1561,6897,0.5,0.6,3,0.2413793103448276,0.7836629203061639,0.7846774960361268,0.21547162189456676,0.32193362601497166,0.6086956521739131,66.32142857142857,66.5,3.4740456473439707,0.24561403508771928,0.6086956521739131,0.35,46,28,86,0.005188061464499127,-0.0004096499958700095,0.005597711460369137,0.012101468075290889,0.012337662337662314,0.0434782608695653,0.16158351848111474,-1.332417582417591,-0.004274342928404673,-0.03099567099567102,-0.06521739130434778,-0.040395879620278574,0.650501672240793,94.023566292
48,1311514250,49510,14853,24755,18005,15214,16291,4380,5819,4654,7388,8578,8789,11,0.7280779227263126,0.7682488386184609,0.7692385639970755,0.7722410129068918,0.7912831618841364,0.7389834460247144,0.7774490840823757,5846,1213,329,607,6339,1632,307,1649,6833,1.0,0.6,5,0.2857142857142857,0.7645916212327366,0.7668280049708648,0.23550797818622501,0.3377068071222191,0.5714285714285714,60.791666666666664,65.0,3.433649767723692,0.22018348623853212,0.5714285714285714,0.3178807947019867,42,24,85,39,0.7422153740805048,0.772167238941628,0.7729577041828727,0.7761217589589045,0.789794260963725,0.7539053392399161,0.7751735123449767,5835,1195,358,622,6467,1489,272,1704,6813,1.0,0.6,3,0.2975206611570248,0.7825465937070449,0.7852599465582776,0.2178549787921632,0.3333259858893498,0.6428571428571429,64.14814814814815,72.0,4.887901434053727,0.18243243243243243,0.6428571428571429,0.28421052631578947,42,27,121,50,0.7428895573945088,0.7781054332458089,0.7788272176956689,0.781949754149688,0.7946670276123443,0.7583352762881791,0.7834793491864831,5871,1166,351,581,6505,1492,272,1631,6886,1.0,0.6,5,0.29629629629629634,0.7790676751692768,0.7818278746265435,0.22096546152292465,0.3306509033122643,0.5238095238095238,66.04545454545455,71.5,3.958796202787316,0.18333333333333332,0.5238095238095238,0.2716049382716049,42,22,98,0.009588653698593408,0.0037191401857972206,0.005869513512796187,0.014476053936540167,-0.04627585643038179,-0.04761904761904756,0.5251464350636237,5.2537878787878824,0.01795497247430833,-0.033670268386197244,0.07142857142857151,1.4542516663300344,3.356481481481488,94.17719683399997
49,200586297,49510,14853,24755,18565,16793,14152,3499,6104,5250,6726,11529,6500,11,0.7759755248467463,0.7531407796404767,0.755020152742912,0.7540567648689591,0.743383883437407,0.7462919594067136,0.7753846153846153,5000,1489,237,1152,8604,1773,139,1321,5040,0.2,0.6,5,0.34615384615384615,0.7461480766652087,0.740253838003833,0.25994748535649365,0.3706746015914201,0.43243243243243246,74.0,71.5,4.241567360129267,0.1322314049586777,0.43243243243243246,0.20253164556962025,37,16,105,39,0.7907108484218983,0.7478085235305999,0.7511984893526061,0.7496511437667436,0.7457627118644068,0.7347558331164888,0.7730769230769231,5016,1521,189,1091,8471,1967,147,1328,5025,0.2,0.6,3,0.3829787234042553,0.7510719897422636,0.7463191575057345,0.2541304786911735,0.37141958694035826,0.4864864864864865,73.55555555555556,69.5,4.201171480508988,0.14754098360655737,0.4864864864864865,0.22641509433962262,37,18,104,50,0.7890358185927012,0.7557665118157948,0.758200252608368,0.7570334778763335,0.7488849241748439,0.7466389105733368,0.7790769230769231,5037,1486,203,1103,8608,1818,146,1290,5064,0.2,0.6,1,0.37113402061855666,0.7552424221363351,0.7505254487458878,0.25017168248838617,0.3661403481184374,0.4594594594594595,70.17647058823529,66.0,4.281963239749546,0.13821138211382114,0.4594594594594595,0.21250000000000002,37,17,106,0.0031800998654559764,-0.003821663390305874,0.00700176325576185,0.00909434547112642,0.009968354430379772,0.02702702702702703,0.04039587962027902,-3.82352941176471,0.0049239130770549755,0.02388344877000237,0.05405405405405406,-0.04039587962027902,-0.44444444444444287,94.39652695899997
50,4027218559,49510,14853,24755,17936,13771,17803,3363,4310,7180,8430,8379,7946,11,0.7124022568149923,0.7398909311250252,0.7388624026435172,0.7420268723947953,0.7733096085409252,0.7591598042725862,0.6841177951170401,6519,1456,455,976,6361,1042,249,2261,5436,1.0,0.6,5,0.28865979381443296,0.7321040631877663,0.7346496477352563,0.2666935972530802,0.3719721317214482,0.5510204081632653,65.4074074074074,64.0,3.756816804685922,0.225,0.5510204081632653,0.31952662721893493,49,27,93,39,0.7180212791137132,0.7501918804281963,0.7493392065043133,0.7526135534477866,0.7697508896797153,0.7752715121136173,0.7029952177196074,6489,1481,460,889,6496,994,203,2157,5586,1.0,0.6,3,0.3157894736842105,0.7558009916334286,0.7584014450575562,0.24326398707331853,0.36584102098114374,0.5918367346938775,60.62068965517241,60.0,3.958796202787316,0.2283464566929134,0.5918367346938775,0.32954545454545453,49,29,98,50,0.7244128360807985,0.7526964249646536,0.7517871600440782,0.7547290226092042,0.7799525504151839,0.7722878625134264,0.7031210672036244,6575,1387,468,907,6471,1001,227,2132,5587,0.2,0.6,1,0.3137254901960784,0.7492797034710987,0.7516251574320437,0.24980811957180368,0.36163547673579616,0.5306122448979592,63.19230769230769,65.5,3.7164209250656435,0.22033898305084745,0.5306122448979592,0.31137724550898205,49,26,92,0.012924757400560982,0.01047680386079608,0.002447953539764902,0.017175640283332405,-0.008149381709952885,-0.020408163265306034,-0.040395879620278574,-2.2150997150997114,0.02369692844566229,0.010018827326519597,0.04081632653061229,0.20197939810139376,-4.786717752234992,94.08617770800004
